{
"type": "FeatureCollection",
"name": "predicted_trees",
"crs": { "type": "name", "properties": { "name": "urn:ogc:def:crs:EPSG::32617" } },
"features": [
{ "type": "Feature", "properties": { "xmin": 394.0, "ymin": 9558.0, "xmax": 628.0, "ymax": 9787.0, "label": "Tree", "score": 0.71745431423187256, "image_path": "test_clip.tif" }, "geometry": { "type": "Polygon", "coordinates": [ [ [ 571687.70483000006061, 2843861.44238 ], [ 571687.70483000006061, 2843872.89238 ], [ 571676.00483, 2843872.89238 ], [ 571676.00483, 2843861.44238 ], [ 571687.70483000006061, 2843861.44238 ] ] ] } },
{ "type": "Feature", "properties": { "xmin": 1889.0, "ymin": 6002.0, "xmax": 2140.0, "ymax": 6251.0, "label": "Tree", "score": 0.62003993988037109, "image_path": "test_clip.tif" }, "geometry": { "type": "Polygon", "coordinates": [ [ [ 571763.304830000037327, 2844038.24237999971956 ], [ 571763.304830000037327, 2844050.69238 ], [ 571750.75483, 2844050.69238 ], [ 571750.75483, 2844038.24237999971956 ], [ 571763.304830000037327, 2844038.24237999971956 ] ] ] } },
{ "type": "Feature", "properties": { "xmin": 4770.0, "ymin": 8333.0, "xmax": 4994.0, "ymax": 8570.0, "label": "Tree", "score": 0.60803443193435669, "image_path": "test_clip.tif" }, "geometry": { "type": "Polygon", "coordinates": [ [ [ 571906.00483, 2843922.29238 ], [ 571906.00483, 2843934.14238 ], [ 571894.804830000037327, 2843934.14238 ], [ 571894.804830000037327, 2843922.29238 ], [ 571906.00483, 2843922.29238 ] ] ] } },
{ "type": "Feature", "properties": { "xmin": 4748.0, "ymin": 7941.0, "xmax": 4992.0, "ymax": 8180.0, "label": "Tree", "score": 0.58971339464187622, "image_path": "test_clip.tif" }, "geometry": { "type": "Polygon", "coordinates": [ [ [ 571905.904830000014044, 2843941.79238 ], [ 571905.904830000014044, 2843953.74237999971956 ], [ 571893.70483000006061, 2843953.74237999971956 ], [ 571893.70483000006061, 2843941.79238 ], [ 571905.904830000014044, 2843941.79238 ] ] ] } },
{ "type": "Feature", "properties": { "xmin": 3692.0, "ymin": 12026.0, "xmax": 3946.0, "ymax": 12297.0, "label": "Tree", "score": 0.58396661281585693, "image_path": "test_clip.tif" }, "geometry": { "type": "Polygon", "coordinates": [ [ [ 571853.604829999967478, 2843735.94238 ], [ 571853.604829999967478, 2843749.49237999971956 ], [ 571840.904830000014044, 2843749.49237999971956 ], [ 571840.904830000014044, 2843735.94238 ], [ 571853.604829999967478, 2843735.94238 ] ] ] } },
{ "type": "Feature", "properties": { "xmin": 11241.0, "ymin": 1168.0, "xmax": 11460.0, "ymax": 1462.0, "label": "Tree", "score": 0.57519716024398804, "image_path": "test_clip.tif" }, "geometry": { "type": "Polygon", "coordinates": [ [ [ 572229.304830000037327, 2844277.69238 ], [ 572229.304830000037327, 2844292.39238 ], [ 572218.354829999967478, 2844292.39238 ], [ 572218.354829999967478, 2844277.69238 ], [ 572229.304830000037327, 2844277.69238 ] ] ] } },
{ "type": "Feature", "properties": { "xmin": 10368.0, "ymin": 2644.0, "xmax": 10613.0, "ymax": 2895.0, "label": "Tree", "score": 0.56883120536804199, "image_path": "test_clip.tif" }, "geometry": { "type": "Polygon", "coordinates": [ [ [ 572186.954829999944195, 2844206.04238 ], [ 572186.954829999944195, 2844218.592379999812692 ], [ 572174.704829999944195, 2844218.592379999812692 ], [ 572174.704829999944195, 2844206.04238 ], [ 572186.954829999944195, 2844206.04238 ] ] ] } },
{ "type": "Feature", "properties": { "xmin": 3609.0, "ymin": 13691.0, "xmax": 3944.0, "ymax": 14103.0, "label": "Tree", "score": 0.56619507074356079, "image_path": "test_clip.tif" }, "geometry": { "type": "Polygon", "coordinates": [ [ [ 571853.50483, 2843645.64238 ], [ 571853.50483, 2843666.24237999971956 ], [ 571836.75483, 2843666.24237999971956 ], [ 571836.75483, 2843645.64238 ], [ 571853.50483, 2843645.64238 ] ] ] } },
{ "type": "Feature", "properties": { "xmin": 5211.0, "ymin": 5040.0, "xmax": 5415.0, "ymax": 5243.0, "label": "Tree", "score": 0.56245917081832886, "image_path": "test_clip.tif" }, "geometry": { "type": "Polygon", "coordinates": [ [ [ 571927.054830000037327, 2844088.64238 ], [ 571927.054830000037327, 2844098.79238 ], [ 571916.854829999967478, 2844098.79238 ], [ 571916.854829999967478, 2844088.64238 ], [ 571927.054830000037327, 2844088.64238 ] ] ] } },
{ "type": "Feature", "properties": { "xmin": 808.0, "ymin": 11857.0, "xmax": 964.0, "ymax": 12015.0, "label": "Tree", "score": 0.55624634027481079, "image_path": "test_clip.tif" }, "geometry": { "type": "Polygon", "coordinates": [ [ [ 571704.50483, 2843750.04238 ], [ 571704.50483, 2843757.94238 ], [ 571696.70483000006061, 2843757.94238 ], [ 571696.70483000006061, 2843750.04238 ], [ 571704.50483, 2843750.04238 ] ] ] } },
{ "type": "Feature", "properties": { "xmin": 11524.0, "ymin": 2172.0, "xmax": 11759.0, "ymax": 2392.0, "label": "Tree", "score": 0.55482113361358643, "image_path": "test_clip.tif" }, "geometry": { "type": "Polygon", "coordinates": [ [ [ 572244.25483, 2844231.19238 ], [ 572244.25483, 2844242.19238 ], [ 572232.50483, 2844242.19238 ], [ 572232.50483, 2844231.19238 ], [ 572244.25483, 2844231.19238 ] ] ] } },
{ "type": "Feature", "properties": { "xmin": 4410.0, "ymin": 11520.0, "xmax": 4632.0, "ymax": 11707.0, "label": "Tree", "score": 0.55258351564407349, "image_path": "test_clip.tif" }, "geometry": { "type": "Polygon", "coordinates": [ [ [ 571887.904830000014044, 2843765.44238 ], [ 571887.904830000014044, 2843774.79238 ], [ 571876.804830000037327, 2843774.79238 ], [ 571876.804830000037327, 2843765.44238 ], [ 571887.904830000014044, 2843765.44238 ] ] ] } },
{ "type": "Feature", "properties": { "xmin": 3778.0, "ymin": 11520.0, "xmax": 4024.0, "ymax": 11721.0, "label": "Tree", "score": 0.53925490379333496, "image_path": "test_clip.tif" }, "geometry": { "type": "Polygon", "coordinates": [ [ [ 571857.50483, 2843764.74237999971956 ], [ 571857.50483, 2843774.79238 ], [ 571845.20483000006061, 2843774.79238 ], [ 571845.20483000006061, 2843764.74237999971956 ], [ 571857.50483, 2843764.74237999971956 ] ] ] } },
{ "type": "Feature", "properties": { "xmin": 11128.0, "ymin": 2160.0, "xmax": 11230.0, "ymax": 2236.0, "label": "Tree", "score": 0.53918987512588501, "image_path": "test_clip.tif" }, "geometry": { "type": "Polygon", "coordinates": [ [ [ 572217.804830000037327, 2844238.99237999971956 ], [ 572217.804830000037327, 2844242.79238 ], [ 572212.704829999944195, 2844242.79238 ], [ 572212.704829999944195, 2844238.99237999971956 ], [ 572217.804830000037327, 2844238.99237999971956 ] ] ] } },
{ "type": "Feature", "properties": { "xmin": 5092.0, "ymin": 7200.0, "xmax": 5203.0, "ymax": 7278.0, "label": "Tree", "score": 0.53903079032897949, "image_path": "test_clip.tif" }, "geometry": { "type": "Polygon", "coordinates": [ [ [ 571916.45483000006061, 2843986.89238 ], [ 571916.45483000006061, 2843990.79238 ], [ 571910.904830000014044, 2843990.79238 ], [ 571910.904830000014044, 2843986.89238 ], [ 571916.45483000006061, 2843986.89238 ] ] ] } },
{ "type": "Feature", "properties": { "xmin": 5177.0, "ymin": 3761.0, "xmax": 5361.0, "ymax": 4029.0, "label": "Tree", "score": 0.53291267156600952, "image_path": "test_clip.tif" }, "geometry": { "type": "Polygon", "coordinates": [ [ [ 571924.354829999967478, 2844149.342379999812692 ], [ 571924.354829999967478, 2844162.74237999971956 ], [ 571915.154830000014044, 2844162.74237999971956 ], [ 571915.154830000014044, 2844149.342379999812692 ], [ 571924.354829999967478, 2844149.342379999812692 ] ] ] } },
{ "type": "Feature", "properties": { "xmin": 3473.0, "ymin": 582.0, "xmax": 3680.0, "ymax": 800.0, "label": "Tree", "score": 0.53218376636505127, "image_path": "test_clip.tif" }, "geometry": { "type": "Polygon", "coordinates": [ [ [ 571840.304830000037327, 2844310.79238 ], [ 571840.304830000037327, 2844321.69238 ], [ 571829.95483000006061, 2844321.69238 ], [ 571829.95483000006061, 2844310.79238 ], [ 571840.304830000037327, 2844310.79238 ] ] ] } },
{ "type": "Feature", "properties": { "xmin": 7690.0, "ymin": 10141.0, "xmax": 7930.0, "ymax": 10363.0, "label": "Tree", "score": 0.53163844347000122, "image_path": "test_clip.tif" }, "geometry": { "type": "Polygon", "coordinates": [ [ [ 572052.804830000037327, 2843832.64238 ], [ 572052.804830000037327, 2843843.74237999971956 ], [ 572040.804830000037327, 2843843.74237999971956 ], [ 572040.804830000037327, 2843832.64238 ], [ 572052.804830000037327, 2843832.64238 ] ] ] } },
{ "type": "Feature", "properties": { "xmin": 5171.0, "ymin": 4108.0, "xmax": 5384.0, "ymax": 4324.0, "label": "Tree", "score": 0.52720212936401367, "image_path": "test_clip.tif" }, "geometry": { "type": "Polygon", "coordinates": [ [ [ 571925.50483, 2844134.592379999812692 ], [ 571925.50483, 2844145.39238 ], [ 571914.854829999967478, 2844145.39238 ], [ 571914.854829999967478, 2844134.592379999812692 ], [ 571925.50483, 2844134.592379999812692 ] ] ] } },
{ "type": "Feature", "properties": { "xmin": 4090.0, "ymin": 13270.0, "xmax": 4359.0, "ymax": 13530.0, "label": "Tree", "score": 0.52695167064666748, "image_path": "test_clip.tif" }, "geometry": { "type": "Polygon", "coordinates": [ [ [ 571874.25483, 2843674.29238 ], [ 571874.25483, 2843687.29238 ], [ 571860.804830000037327, 2843687.29238 ], [ 571860.804830000037327, 2843674.29238 ], [ 571874.25483, 2843674.29238 ] ] ] } },
{ "type": "Feature", "properties": { "xmin": 1626.0, "ymin": 6646.0, "xmax": 1850.0, "ymax": 6875.0, "label": "Tree", "score": 0.52527874708175659, "image_path": "test_clip.tif" }, "geometry": { "type": "Polygon", "coordinates": [ [ [ 571748.804830000037327, 2844007.04238 ], [ 571748.804830000037327, 2844018.49237999971956 ], [ 571737.604829999967478, 2844018.49237999971956 ], [ 571737.604829999967478, 2844007.04238 ], [ 571748.804830000037327, 2844007.04238 ] ] ] } },
{ "type": "Feature", "properties": { "xmin": 3676.0, "ymin": 4025.0, "xmax": 3899.0, "ymax": 4233.0, "label": "Tree", "score": 0.52229279279708862, "image_path": "test_clip.tif" }, "geometry": { "type": "Polygon", "coordinates": [ [ [ 571851.25483, 2844139.14238 ], [ 571851.25483, 2844149.54238 ], [ 571840.104829999967478, 2844149.54238 ], [ 571840.104829999967478, 2844139.14238 ], [ 571851.25483, 2844139.14238 ] ] ] } },
{ "type": "Feature", "properties": { "xmin": 9190.0, "ymin": 8666.0, "xmax": 9440.0, "ymax": 8954.0, "label": "Tree", "score": 0.5176355242729187, "image_path": "test_clip.tif" }, "geometry": { "type": "Polygon", "coordinates": [ [ [ 572128.304830000037327, 2843903.092379999812692 ], [ 572128.304830000037327, 2843917.49237999971956 ], [ 572115.804830000037327, 2843917.49237999971956 ], [ 572115.804830000037327, 2843903.092379999812692 ], [ 572128.304830000037327, 2843903.092379999812692 ] ] ] } },
{ "type": "Feature", "properties": { "xmin": 1980.0, "ymin": 4320.0, "xmax": 2140.0, "ymax": 4460.0, "label": "Tree", "score": 0.51472353935241699, "image_path": "test_clip.tif" }, "geometry": { "type": "Polygon", "coordinates": [ [ [ 571763.304830000037327, 2844127.79238 ], [ 571763.304830000037327, 2844134.79238 ], [ 571755.304830000037327, 2844134.79238 ], [ 571755.304830000037327, 2844127.79238 ], [ 571763.304830000037327, 2844127.79238 ] ] ] } },
{ "type": "Feature", "properties": { "xmin": 2880.0, "ymin": 11025.0, "xmax": 3120.0, "ymax": 11270.0, "label": "Tree", "score": 0.51459914445877075, "image_path": "test_clip.tif" }, "geometry": { "type": "Polygon", "coordinates": [ [ [ 571812.304830000037327, 2843787.29238 ], [ 571812.304830000037327, 2843799.54238 ], [ 571800.304830000037327, 2843799.54238 ], [ 571800.304830000037327, 2843787.29238 ], [ 571812.304830000037327, 2843787.29238 ] ] ] } },
{ "type": "Feature", "properties": { "xmin": 5240.0, "ymin": 5288.0, "xmax": 5424.0, "ymax": 5546.0, "label": "Tree", "score": 0.5119471549987793, "image_path": "test_clip.tif" }, "geometry": { "type": "Polygon", "coordinates": [ [ [ 571927.50483, 2844073.49237999971956 ], [ 571927.50483, 2844086.39238 ], [ 571918.304830000037327, 2844086.39238 ], [ 571918.304830000037327, 2844073.49237999971956 ], [ 571927.50483, 2844073.49237999971956 ] ] ] } },
{ "type": "Feature", "properties": { "xmin": 1440.0, "ymin": 12255.0, "xmax": 1628.0, "ymax": 12483.0, "label": "Tree", "score": 0.5115085244178772, "image_path": "test_clip.tif" }, "geometry": { "type": "Polygon", "coordinates": [ [ [ 571737.70483000006061, 2843726.64238 ], [ 571737.70483000006061, 2843738.04238 ], [ 571728.304830000037327, 2843738.04238 ], [ 571728.304830000037327, 2843726.64238 ], [ 571737.70483000006061, 2843726.64238 ] ] ] } },
{ "type": "Feature", "properties": { "xmin": 1920.0, "ymin": 11801.0, "xmax": 2148.0, "ymax": 12033.0, "label": "Tree", "score": 0.5102694034576416, "image_path": "test_clip.tif" }, "geometry": { "type": "Polygon", "coordinates": [ [ [ 571763.70483000006061, 2843749.14238 ], [ 571763.70483000006061, 2843760.74237999971956 ], [ 571752.304830000037327, 2843760.74237999971956 ], [ 571752.304830000037327, 2843749.14238 ], [ 571763.70483000006061, 2843749.14238 ] ] ] } },
{ "type": "Feature", "properties": { "xmin": 4646.0, "ymin": 6186.0, "xmax": 4875.0, "ymax": 6404.0, "label": "Tree", "score": 0.50796884298324585, "image_path": "test_clip.tif" }, "geometry": { "type": "Polygon", "coordinates": [ [ [ 571900.054830000037327, 2844030.592379999812692 ], [ 571900.054830000037327, 2844041.49237999971956 ], [ 571888.604829999967478, 2844041.49237999971956 ], [ 571888.604829999967478, 2844030.592379999812692 ], [ 571900.054830000037327, 2844030.592379999812692 ] ] ] } },
{ "type": "Feature", "properties": { "xmin": 2980.0, "ymin": 6816.0, "xmax": 3224.0, "ymax": 7077.0, "label": "Tree", "score": 0.50630307197570801, "image_path": "test_clip.tif" }, "geometry": { "type": "Polygon", "coordinates": [ [ [ 571817.50483, 2843996.94238 ], [ 571817.50483, 2844009.99237999971956 ], [ 571805.304830000037327, 2844009.99237999971956 ], [ 571805.304830000037327, 2843996.94238 ], [ 571817.50483, 2843996.94238 ] ] ] } },
{ "type": "Feature", "properties": { "xmin": 3558.0, "ymin": 11804.0, "xmax": 3675.0, "ymax": 11927.0, "label": "Tree", "score": 0.50182372331619263, "image_path": "test_clip.tif" }, "geometry": { "type": "Polygon", "coordinates": [ [ [ 571840.054830000037327, 2843754.44238 ], [ 571840.054830000037327, 2843760.592379999812692 ], [ 571834.20483000006061, 2843760.592379999812692 ], [ 571834.20483000006061, 2843754.44238 ], [ 571840.054830000037327, 2843754.44238 ] ] ] } },
{ "type": "Feature", "properties": { "xmin": 3150.0, "ymin": 10093.0, "xmax": 3609.0, "ymax": 10511.0, "label": "Tree", "score": 0.50063985586166382, "image_path": "test_clip.tif" }, "geometry": { "type": "Polygon", "coordinates": [ [ [ 571836.75483, 2843825.24237999971956 ], [ 571836.75483, 2843846.14238 ], [ 571813.804830000037327, 2843846.14238 ], [ 571813.804830000037327, 2843825.24237999971956 ], [ 571836.75483, 2843825.24237999971956 ] ] ] } },
{ "type": "Feature", "properties": { "xmin": 5465.0, "ymin": 3600.0, "xmax": 5592.0, "ymax": 3686.0, "label": "Tree", "score": 0.50051593780517578, "image_path": "test_clip.tif" }, "geometry": { "type": "Polygon", "coordinates": [ [ [ 571935.904830000014044, 2844166.49237999971956 ], [ 571935.904830000014044, 2844170.79238 ], [ 571929.554830000037327, 2844170.79238 ], [ 571929.554830000037327, 2844166.49237999971956 ], [ 571935.904830000014044, 2844166.49237999971956 ] ] ] } },
{ "type": "Feature", "properties": { "xmin": 4696.0, "ymin": 8640.0, "xmax": 5018.0, "ymax": 8917.0, "label": "Tree", "score": 0.49950492382049561, "image_path": "test_clip.tif" }, "geometry": { "type": "Polygon", "coordinates": [ [ [ 571907.20483000006061, 2843904.94238 ], [ 571907.20483000006061, 2843918.79238 ], [ 571891.104829999967478, 2843918.79238 ], [ 571891.104829999967478, 2843904.94238 ], [ 571907.20483000006061, 2843904.94238 ] ] ] } },
{ "type": "Feature", "properties": { "xmin": 4825.0, "ymin": 9360.0, "xmax": 4978.0, "ymax": 9475.0, "label": "Tree", "score": 0.49274209141731262, "image_path": "test_clip.tif" }, "geometry": { "type": "Polygon", "coordinates": [ [ [ 571905.20483000006061, 2843877.04238 ], [ 571905.20483000006061, 2843882.79238 ], [ 571897.554830000037327, 2843882.79238 ], [ 571897.554830000037327, 2843877.04238 ], [ 571905.20483000006061, 2843877.04238 ] ] ] } },
{ "type": "Feature", "properties": { "xmin": 950.0, "ymin": 8384.0, "xmax": 1152.0, "ymax": 8607.0, "label": "Tree", "score": 0.48946055769920349, "image_path": "test_clip.tif" }, "geometry": { "type": "Polygon", "coordinates": [ [ [ 571713.904830000014044, 2843920.44238 ], [ 571713.904830000014044, 2843931.592379999812692 ], [ 571703.804830000037327, 2843931.592379999812692 ], [ 571703.804830000037327, 2843920.44238 ], [ 571713.904830000014044, 2843920.44238 ] ] ] } },
{ "type": "Feature", "properties": { "xmin": 1157.0, "ymin": 6488.0, "xmax": 1311.0, "ymax": 6644.0, "label": "Tree", "score": 0.48901861906051636, "image_path": "test_clip.tif" }, "geometry": { "type": "Polygon", "coordinates": [ [ [ 571721.854829999967478, 2844018.592379999812692 ], [ 571721.854829999967478, 2844026.39238 ], [ 571714.154830000014044, 2844026.39238 ], [ 571714.154830000014044, 2844018.592379999812692 ], [ 571721.854829999967478, 2844018.592379999812692 ] ] ] } },
{ "type": "Feature", "properties": { "xmin": 1733.0, "ymin": 7056.0, "xmax": 1845.0, "ymax": 7178.0, "label": "Tree", "score": 0.48854205012321472, "image_path": "test_clip.tif" }, "geometry": { "type": "Polygon", "coordinates": [ [ [ 571748.554830000037327, 2843991.89238 ], [ 571748.554830000037327, 2843997.99237999971956 ], [ 571742.95483000006061, 2843997.99237999971956 ], [ 571742.95483000006061, 2843991.89238 ], [ 571748.554830000037327, 2843991.89238 ] ] ] } },
{ "type": "Feature", "properties": { "xmin": 10602.0, "ymin": 737.0, "xmax": 10869.0, "ymax": 1000.0, "label": "Tree", "score": 0.48575285077095032, "image_path": "test_clip.tif" }, "geometry": { "type": "Polygon", "coordinates": [ [ [ 572199.75483, 2844300.79238 ], [ 572199.75483, 2844313.94238 ], [ 572186.404830000014044, 2844313.94238 ], [ 572186.404830000014044, 2844300.79238 ], [ 572199.75483, 2844300.79238 ] ] ] } },
{ "type": "Feature", "properties": { "xmin": 9602.0, "ymin": 17.0, "xmax": 9853.0, "ymax": 241.0, "label": "Tree", "score": 0.48467889428138733, "image_path": "test_clip.tif" }, "geometry": { "type": "Polygon", "coordinates": [ [ [ 572148.954829999944195, 2844338.74237999971956 ], [ 572148.954829999944195, 2844349.94238 ], [ 572136.404830000014044, 2844349.94238 ], [ 572136.404830000014044, 2844338.74237999971956 ], [ 572148.954829999944195, 2844338.74237999971956 ] ] ] } },
{ "type": "Feature", "properties": { "xmin": 3882.0, "ymin": 5041.0, "xmax": 4051.0, "ymax": 5183.0, "label": "Tree", "score": 0.4840506911277771, "image_path": "test_clip.tif" }, "geometry": { "type": "Polygon", "coordinates": [ [ [ 571858.854829999967478, 2844091.64238 ], [ 571858.854829999967478, 2844098.74237999971956 ], [ 571850.404830000014044, 2844098.74237999971956 ], [ 571850.404830000014044, 2844091.64238 ], [ 571858.854829999967478, 2844091.64238 ] ] ] } },
{ "type": "Feature", "properties": { "xmin": 2544.0, "ymin": 11521.0, "xmax": 2687.0, "ymax": 11657.0, "label": "Tree", "score": 0.48322230577468872, "image_path": "test_clip.tif" }, "geometry": { "type": "Polygon", "coordinates": [ [ [ 571790.654830000014044, 2843767.94238 ], [ 571790.654830000014044, 2843774.74237999971956 ], [ 571783.50483, 2843774.74237999971956 ], [ 571783.50483, 2843767.94238 ], [ 571790.654830000014044, 2843767.94238 ] ] ] } },
{ "type": "Feature", "properties": { "xmin": 267.0, "ymin": 7007.0, "xmax": 477.0, "ymax": 7220.0, "label": "Tree", "score": 0.48237696290016174, "image_path": "test_clip.tif" }, "geometry": { "type": "Polygon", "coordinates": [ [ [ 571680.154830000014044, 2843989.79238 ], [ 571680.154830000014044, 2844000.44238 ], [ 571669.654830000014044, 2844000.44238 ], [ 571669.654830000014044, 2843989.79238 ], [ 571680.154830000014044, 2843989.79238 ] ] ] } },
{ "type": "Feature", "properties": { "xmin": 6164.0, "ymin": 720.0, "xmax": 6275.0, "ymax": 815.0, "label": "Tree", "score": 0.4789368212223053, "image_path": "test_clip.tif" }, "geometry": { "type": "Polygon", "coordinates": [ [ [ 571970.054830000037327, 2844310.04238 ], [ 571970.054830000037327, 2844314.79238 ], [ 571964.50483, 2844314.79238 ], [ 571964.50483, 2844310.04238 ], [ 571970.054830000037327, 2844310.04238 ] ] ] } },
{ "type": "Feature", "properties": { "xmin": 44.0, "ymin": 11697.0, "xmax": 186.0, "ymax": 11841.0, "label": "Tree", "score": 0.47848671674728394, "image_path": "test_clip.tif" }, "geometry": { "type": "Polygon", "coordinates": [ [ [ 571665.604829999967478, 2843758.74237999971956 ], [ 571665.604829999967478, 2843765.94238 ], [ 571658.50483, 2843765.94238 ], [ 571658.50483, 2843758.74237999971956 ], [ 571665.604829999967478, 2843758.74237999971956 ] ] ] } },
{ "type": "Feature", "properties": { "xmin": 4528.0, "ymin": 2228.0, "xmax": 4743.0, "ymax": 2452.0, "label": "Tree", "score": 0.47744551301002502, "image_path": "test_clip.tif" }, "geometry": { "type": "Polygon", "coordinates": [ [ [ 571893.45483000006061, 2844228.19238 ], [ 571893.45483000006061, 2844239.39238 ], [ 571882.70483000006061, 2844239.39238 ], [ 571882.70483000006061, 2844228.19238 ], [ 571893.45483000006061, 2844228.19238 ] ] ] } },
{ "type": "Feature", "properties": { "xmin": 5251.0, "ymin": 5990.0, "xmax": 5449.0, "ymax": 6270.0, "label": "Tree", "score": 0.47639495134353638, "image_path": "test_clip.tif" }, "geometry": { "type": "Polygon", "coordinates": [ [ [ 571928.75483, 2844037.29238 ], [ 571928.75483, 2844051.29238 ], [ 571918.854829999967478, 2844051.29238 ], [ 571918.854829999967478, 2844037.29238 ], [ 571928.75483, 2844037.29238 ] ] ] } },
{ "type": "Feature", "properties": { "xmin": 4662.0, "ymin": 3600.0, "xmax": 4805.0, "ymax": 3719.0, "label": "Tree", "score": 0.47614583373069763, "image_path": "test_clip.tif" }, "geometry": { "type": "Polygon", "coordinates": [ [ [ 571896.554830000037327, 2844164.842379999812692 ], [ 571896.554830000037327, 2844170.79238 ], [ 571889.404830000014044, 2844170.79238 ], [ 571889.404830000014044, 2844164.842379999812692 ], [ 571896.554830000037327, 2844164.842379999812692 ] ] ] } },
{ "type": "Feature", "properties": { "xmin": 11560.0, "ymin": 6495.0, "xmax": 11963.0, "ymax": 6876.0, "label": "Tree", "score": 0.47591245174407959, "image_path": "test_clip.tif" }, "geometry": { "type": "Polygon", "coordinates": [ [ [ 572254.454829999944195, 2844006.99237999971956 ], [ 572254.454829999944195, 2844026.04238 ], [ 572234.304830000037327, 2844026.04238 ], [ 572234.304830000037327, 2844006.99237999971956 ], [ 572254.454829999944195, 2844006.99237999971956 ] ] ] } },
{ "type": "Feature", "properties": { "xmin": 2759.0, "ymin": 11547.0, "xmax": 2890.0, "ymax": 11676.0, "label": "Tree", "score": 0.47520717978477478, "image_path": "test_clip.tif" }, "geometry": { "type": "Polygon", "coordinates": [ [ [ 571800.804830000037327, 2843766.99237999971956 ], [ 571800.804830000037327, 2843773.44238 ], [ 571794.25483, 2843773.44238 ], [ 571794.25483, 2843766.99237999971956 ], [ 571800.804830000037327, 2843766.99237999971956 ] ] ] } },
{ "type": "Feature", "properties": { "xmin": 7504.0, "ymin": 10302.0, "xmax": 7719.0, "ymax": 10514.0, "label": "Tree", "score": 0.47471579909324646, "image_path": "test_clip.tif" }, "geometry": { "type": "Polygon", "coordinates": [ [ [ 572042.25483, 2843825.092379999812692 ], [ 572042.25483, 2843835.69238 ], [ 572031.50483, 2843835.69238 ], [ 572031.50483, 2843825.092379999812692 ], [ 572042.25483, 2843825.092379999812692 ] ] ] } },
{ "type": "Feature", "properties": { "xmin": 4722.0, "ymin": 568.0, "xmax": 4994.0, "ymax": 796.0, "label": "Tree", "score": 0.47311553359031677, "image_path": "test_clip.tif" }, "geometry": { "type": "Polygon", "coordinates": [ [ [ 571906.00483, 2844310.99237999971956 ], [ 571906.00483, 2844322.39238 ], [ 571892.404830000014044, 2844322.39238 ], [ 571892.404830000014044, 2844310.99237999971956 ], [ 571906.00483, 2844310.99237999971956 ] ] ] } },
{ "type": "Feature", "properties": { "xmin": 369.0, "ymin": 4492.0, "xmax": 589.0, "ymax": 4703.0, "label": "Tree", "score": 0.47226190567016602, "image_path": "test_clip.tif" }, "geometry": { "type": "Polygon", "coordinates": [ [ [ 571685.75483, 2844115.64238 ], [ 571685.75483, 2844126.19238 ], [ 571674.75483, 2844126.19238 ], [ 571674.75483, 2844115.64238 ], [ 571685.75483, 2844115.64238 ] ] ] } },
{ "type": "Feature", "properties": { "xmin": 3198.0, "ymin": 7472.0, "xmax": 3330.0, "ymax": 7605.0, "label": "Tree", "score": 0.47207498550415039, "image_path": "test_clip.tif" }, "geometry": { "type": "Polygon", "coordinates": [ [ [ 571822.804830000037327, 2843970.54238 ], [ 571822.804830000037327, 2843977.19238 ], [ 571816.20483000006061, 2843977.19238 ], [ 571816.20483000006061, 2843970.54238 ], [ 571822.804830000037327, 2843970.54238 ] ] ] } },
{ "type": "Feature", "properties": { "xmin": 893.0, "ymin": 9361.0, "xmax": 1045.0, "ymax": 9492.0, "label": "Tree", "score": 0.47093167901039124, "image_path": "test_clip.tif" }, "geometry": { "type": "Polygon", "coordinates": [ [ [ 571708.554830000037327, 2843876.19238 ], [ 571708.554830000037327, 2843882.74237999971956 ], [ 571700.95483000006061, 2843882.74237999971956 ], [ 571700.95483000006061, 2843876.19238 ], [ 571708.554830000037327, 2843876.19238 ] ] ] } },
{ "type": "Feature", "properties": { "xmin": 3777.0, "ymin": 1348.0, "xmax": 3935.0, "ymax": 1503.0, "label": "Tree", "score": 0.46995982527732849, "image_path": "test_clip.tif" }, "geometry": { "type": "Polygon", "coordinates": [ [ [ 571853.054830000037327, 2844275.64238 ], [ 571853.054830000037327, 2844283.39238 ], [ 571845.154830000014044, 2844283.39238 ], [ 571845.154830000014044, 2844275.64238 ], [ 571853.054830000037327, 2844275.64238 ] ] ] } },
{ "type": "Feature", "properties": { "xmin": 5309.0, "ymin": 1837.0, "xmax": 5505.0, "ymax": 2095.0, "label": "Tree", "score": 0.46967452764511108, "image_path": "test_clip.tif" }, "geometry": { "type": "Polygon", "coordinates": [ [ [ 571931.554830000037327, 2844246.04238 ], [ 571931.554830000037327, 2844258.94238 ], [ 571921.75483, 2844258.94238 ], [ 571921.75483, 2844246.04238 ], [ 571931.554830000037327, 2844246.04238 ] ] ] } },
{ "type": "Feature", "properties": { "xmin": 4606.0, "ymin": 12720.0, "xmax": 4916.0, "ymax": 13025.0, "label": "Tree", "score": 0.46938645839691162, "image_path": "test_clip.tif" }, "geometry": { "type": "Polygon", "coordinates": [ [ [ 571902.104829999967478, 2843699.54238 ], [ 571902.104829999967478, 2843714.79238 ], [ 571886.604829999967478, 2843714.79238 ], [ 571886.604829999967478, 2843699.54238 ], [ 571902.104829999967478, 2843699.54238 ] ] ] } },
{ "type": "Feature", "properties": { "xmin": 3602.0, "ymin": 2.0, "xmax": 3722.0, "ymax": 108.0, "label": "Tree", "score": 0.46803030371665955, "image_path": "test_clip.tif" }, "geometry": { "type": "Polygon", "coordinates": [ [ [ 571842.404830000014044, 2844345.39238 ], [ 571842.404830000014044, 2844350.69238 ], [ 571836.404830000014044, 2844350.69238 ], [ 571836.404830000014044, 2844345.39238 ], [ 571842.404830000014044, 2844345.39238 ] ] ] } },
{ "type": "Feature", "properties": { "xmin": 4168.0, "ymin": 6115.0, "xmax": 4397.0, "ymax": 6352.0, "label": "Tree", "score": 0.46772277355194092, "image_path": "test_clip.tif" }, "geometry": { "type": "Polygon", "coordinates": [ [ [ 571876.154830000014044, 2844033.19238 ], [ 571876.154830000014044, 2844045.04238 ], [ 571864.70483000006061, 2844045.04238 ], [ 571864.70483000006061, 2844033.19238 ], [ 571876.154830000014044, 2844033.19238 ] ] ] } },
{ "type": "Feature", "properties": { "xmin": 3323.0, "ymin": 11579.0, "xmax": 3455.0, "ymax": 11709.0, "label": "Tree", "score": 0.46770817041397095, "image_path": "test_clip.tif" }, "geometry": { "type": "Polygon", "coordinates": [ [ [ 571829.054830000037327, 2843765.342379999812692 ], [ 571829.054830000037327, 2843771.842379999812692 ], [ 571822.45483000006061, 2843771.842379999812692 ], [ 571822.45483000006061, 2843765.342379999812692 ], [ 571829.054830000037327, 2843765.342379999812692 ] ] ] } },
{ "type": "Feature", "properties": { "xmin": 3387.0, "ymin": 9156.0, "xmax": 3516.0, "ymax": 9286.0, "label": "Tree", "score": 0.46705517172813416, "image_path": "test_clip.tif" }, "geometry": { "type": "Polygon", "coordinates": [ [ [ 571832.104829999967478, 2843886.49237999971956 ], [ 571832.104829999967478, 2843892.99237999971956 ], [ 571825.654830000014044, 2843892.99237999971956 ], [ 571825.654830000014044, 2843886.49237999971956 ], [ 571832.104829999967478, 2843886.49237999971956 ] ] ] } },
{ "type": "Feature", "properties": { "xmin": 9623.0, "ymin": 8334.0, "xmax": 9894.0, "ymax": 8595.0, "label": "Tree", "score": 0.46615004539489746, "image_path": "test_clip.tif" }, "geometry": { "type": "Polygon", "coordinates": [ [ [ 572151.00483, 2843921.04238 ], [ 572151.00483, 2843934.092379999812692 ], [ 572137.454829999944195, 2843934.092379999812692 ], [ 572137.454829999944195, 2843921.04238 ], [ 572151.00483, 2843921.04238 ] ] ] } },
{ "type": "Feature", "properties": { "xmin": 4016.0, "ymin": 11883.0, "xmax": 4167.0, "ymax": 12032.0, "label": "Tree", "score": 0.4647459089756012, "image_path": "test_clip.tif" }, "geometry": { "type": "Polygon", "coordinates": [ [ [ 571864.654830000014044, 2843749.19238 ], [ 571864.654830000014044, 2843756.64238 ], [ 571857.104829999967478, 2843756.64238 ], [ 571857.104829999967478, 2843749.19238 ], [ 571864.654830000014044, 2843749.19238 ] ] ] } },
{ "type": "Feature", "properties": { "xmin": 121.0, "ymin": 3421.0, "xmax": 365.0, "ymax": 3661.0, "label": "Tree", "score": 0.46388193964958191, "image_path": "test_clip.tif" }, "geometry": { "type": "Polygon", "coordinates": [ [ [ 571674.554830000037327, 2844167.74237999971956 ], [ 571674.554830000037327, 2844179.74237999971956 ], [ 571662.354829999967478, 2844179.74237999971956 ], [ 571662.354829999967478, 2844167.74237999971956 ], [ 571674.554830000037327, 2844167.74237999971956 ] ] ] } },
{ "type": "Feature", "properties": { "xmin": 2788.0, "ymin": 9192.0, "xmax": 2921.0, "ymax": 9324.0, "label": "Tree", "score": 0.46158105134963989, "image_path": "test_clip.tif" }, "geometry": { "type": "Polygon", "coordinates": [ [ [ 571802.354829999967478, 2843884.592379999812692 ], [ 571802.354829999967478, 2843891.19238 ], [ 571795.70483000006061, 2843891.19238 ], [ 571795.70483000006061, 2843884.592379999812692 ], [ 571802.354829999967478, 2843884.592379999812692 ] ] ] } },
{ "type": "Feature", "properties": { "xmin": 10706.0, "ymin": 6711.0, "xmax": 10851.0, "ymax": 6877.0, "label": "Tree", "score": 0.46128940582275391, "image_path": "test_clip.tif" }, "geometry": { "type": "Polygon", "coordinates": [ [ [ 572198.854829999967478, 2844006.94238 ], [ 572198.854829999967478, 2844015.24237999971956 ], [ 572191.604829999967478, 2844015.24237999971956 ], [ 572191.604829999967478, 2844006.94238 ], [ 572198.854829999967478, 2844006.94238 ] ] ] } },
{ "type": "Feature", "properties": { "xmin": 5342.0, "ymin": 7922.0, "xmax": 5488.0, "ymax": 8055.0, "label": "Tree", "score": 0.4608052670955658, "image_path": "test_clip.tif" }, "geometry": { "type": "Polygon", "coordinates": [ [ [ 571930.70483000006061, 2843948.04238 ], [ 571930.70483000006061, 2843954.69238 ], [ 571923.404830000014044, 2843954.69238 ], [ 571923.404830000014044, 2843948.04238 ], [ 571930.70483000006061, 2843948.04238 ] ] ] } },
{ "type": "Feature", "properties": { "xmin": 1248.0, "ymin": 6252.0, "xmax": 1475.0, "ymax": 6471.0, "label": "Tree", "score": 0.46077287197113037, "image_path": "test_clip.tif" }, "geometry": { "type": "Polygon", "coordinates": [ [ [ 571730.054830000037327, 2844027.24237999971956 ], [ 571730.054830000037327, 2844038.19238 ], [ 571718.70483000006061, 2844038.19238 ], [ 571718.70483000006061, 2844027.24237999971956 ], [ 571730.054830000037327, 2844027.24237999971956 ] ] ] } },
{ "type": "Feature", "properties": { "xmin": 10345.0, "ymin": 7633.0, "xmax": 10627.0, "ymax": 7865.0, "label": "Tree", "score": 0.46028998494148254, "image_path": "test_clip.tif" }, "geometry": { "type": "Polygon", "coordinates": [ [ [ 572187.654830000014044, 2843957.54238 ], [ 572187.654830000014044, 2843969.14238 ], [ 572173.554830000037327, 2843969.14238 ], [ 572173.554830000037327, 2843957.54238 ], [ 572187.654830000014044, 2843957.54238 ] ] ] } },
{ "type": "Feature", "properties": { "xmin": 4349.0, "ymin": 4320.0, "xmax": 4597.0, "ymax": 4554.0, "label": "Tree", "score": 0.46019372344017029, "image_path": "test_clip.tif" }, "geometry": { "type": "Polygon", "coordinates": [ [ [ 571886.154830000014044, 2844123.092379999812692 ], [ 571886.154830000014044, 2844134.79238 ], [ 571873.75483, 2844134.79238 ], [ 571873.75483, 2844123.092379999812692 ], [ 571886.154830000014044, 2844123.092379999812692 ] ] ] } },
{ "type": "Feature", "properties": { "xmin": 3682.0, "ymin": 4227.0, "xmax": 3897.0, "ymax": 4400.0, "label": "Tree", "score": 0.45850521326065063, "image_path": "test_clip.tif" }, "geometry": { "type": "Polygon", "coordinates": [ [ [ 571851.154830000014044, 2844130.79238 ], [ 571851.154830000014044, 2844139.44238 ], [ 571840.404830000014044, 2844139.44238 ], [ 571840.404830000014044, 2844130.79238 ], [ 571851.154830000014044, 2844130.79238 ] ] ] } },
{ "type": "Feature", "properties": { "xmin": 3449.0, "ymin": 9935.0, "xmax": 3675.0, "ymax": 10159.0, "label": "Tree", "score": 0.45655658841133118, "image_path": "test_clip.tif" }, "geometry": { "type": "Polygon", "coordinates": [ [ [ 571840.054830000037327, 2843842.842379999812692 ], [ 571840.054830000037327, 2843854.04238 ], [ 571828.75483, 2843854.04238 ], [ 571828.75483, 2843842.842379999812692 ], [ 571840.054830000037327, 2843842.842379999812692 ] ] ] } },
{ "type": "Feature", "properties": { "xmin": 7201.0, "ymin": 10643.0, "xmax": 7346.0, "ymax": 10796.0, "label": "Tree", "score": 0.45600804686546326, "image_path": "test_clip.tif" }, "geometry": { "type": "Polygon", "coordinates": [ [ [ 572023.604829999967478, 2843810.99237999971956 ], [ 572023.604829999967478, 2843818.64238 ], [ 572016.354829999967478, 2843818.64238 ], [ 572016.354829999967478, 2843810.99237999971956 ], [ 572023.604829999967478, 2843810.99237999971956 ] ] ] } },
{ "type": "Feature", "properties": { "xmin": 1596.0, "ymin": 11131.0, "xmax": 1747.0, "ymax": 11291.0, "label": "Tree", "score": 0.45474913716316223, "image_path": "test_clip.tif" }, "geometry": { "type": "Polygon", "coordinates": [ [ [ 571743.654830000014044, 2843786.24237999971956 ], [ 571743.654830000014044, 2843794.24237999971956 ], [ 571736.104829999967478, 2843794.24237999971956 ], [ 571736.104829999967478, 2843786.24237999971956 ], [ 571743.654830000014044, 2843786.24237999971956 ] ] ] } },
{ "type": "Feature", "properties": { "xmin": 7928.0, "ymin": 10081.0, "xmax": 8075.0, "ymax": 10200.0, "label": "Tree", "score": 0.45472633838653564, "image_path": "test_clip.tif" }, "geometry": { "type": "Polygon", "coordinates": [ [ [ 572060.054830000037327, 2843840.79238 ], [ 572060.054830000037327, 2843846.74237999971956 ], [ 572052.70483000006061, 2843846.74237999971956 ], [ 572052.70483000006061, 2843840.79238 ], [ 572060.054830000037327, 2843840.79238 ] ] ] } },
{ "type": "Feature", "properties": { "xmin": 11181.0, "ymin": 5044.0, "xmax": 11303.0, "ymax": 5167.0, "label": "Tree", "score": 0.45389580726623535, "image_path": "test_clip.tif" }, "geometry": { "type": "Polygon", "coordinates": [ [ [ 572221.454829999944195, 2844092.44238 ], [ 572221.454829999944195, 2844098.592379999812692 ], [ 572215.354829999967478, 2844098.592379999812692 ], [ 572215.354829999967478, 2844092.44238 ], [ 572221.454829999944195, 2844092.44238 ] ] ] } },
{ "type": "Feature", "properties": { "xmin": 3846.0, "ymin": 6497.0, "xmax": 3999.0, "ymax": 6648.0, "label": "Tree", "score": 0.45364493131637573, "image_path": "test_clip.tif" }, "geometry": { "type": "Polygon", "coordinates": [ [ [ 571856.25483, 2844018.39238 ], [ 571856.25483, 2844025.94238 ], [ 571848.604829999967478, 2844025.94238 ], [ 571848.604829999967478, 2844018.39238 ], [ 571856.25483, 2844018.39238 ] ] ] } },
{ "type": "Feature", "properties": { "xmin": 7751.0, "ymin": 9361.0, "xmax": 7900.0, "ymax": 9489.0, "label": "Tree", "score": 0.45364212989807129, "image_path": "test_clip.tif" }, "geometry": { "type": "Polygon", "coordinates": [ [ [ 572051.304830000037327, 2843876.342379999812692 ], [ 572051.304830000037327, 2843882.74237999971956 ], [ 572043.854829999967478, 2843882.74237999971956 ], [ 572043.854829999967478, 2843876.342379999812692 ], [ 572051.304830000037327, 2843876.342379999812692 ] ] ] } },
{ "type": "Feature", "properties": { "xmin": 10800.0, "ymin": 1502.0, "xmax": 11056.0, "ymax": 1841.0, "label": "Tree", "score": 0.4535849392414093, "image_path": "test_clip.tif" }, "geometry": { "type": "Polygon", "coordinates": [ [ [ 572209.104829999967478, 2844258.74237999971956 ], [ 572209.104829999967478, 2844275.69238 ], [ 572196.304830000037327, 2844275.69238 ], [ 572196.304830000037327, 2844258.74237999971956 ], [ 572209.104829999967478, 2844258.74237999971956 ] ] ] } },
{ "type": "Feature", "properties": { "xmin": 141.0, "ymin": 5054.0, "xmax": 392.0, "ymax": 5286.0, "label": "Tree", "score": 0.45309758186340332, "image_path": "test_clip.tif" }, "geometry": { "type": "Polygon", "coordinates": [ [ [ 571675.904830000014044, 2844086.49237999971956 ], [ 571675.904830000014044, 2844098.092379999812692 ], [ 571663.354829999967478, 2844098.092379999812692 ], [ 571663.354829999967478, 2844086.49237999971956 ], [ 571675.904830000014044, 2844086.49237999971956 ] ] ] } },
{ "type": "Feature", "properties": { "xmin": 1440.0, "ymin": 14026.0, "xmax": 1655.0, "ymax": 14256.0, "label": "Tree", "score": 0.45246437191963196, "image_path": "test_clip.tif" }, "geometry": { "type": "Polygon", "coordinates": [ [ [ 571739.054830000037327, 2843637.99237999971956 ], [ 571739.054830000037327, 2843649.49237999971956 ], [ 571728.304830000037327, 2843649.49237999971956 ], [ 571728.304830000037327, 2843637.99237999971956 ], [ 571739.054830000037327, 2843637.99237999971956 ] ] ] } },
{ "type": "Feature", "properties": { "xmin": 7283.0, "ymin": 11522.0, "xmax": 7369.0, "ymax": 11597.0, "label": "Tree", "score": 0.45188280940055847, "image_path": "test_clip.tif" }, "geometry": { "type": "Polygon", "coordinates": [ [ [ 572024.75483, 2843770.94238 ], [ 572024.75483, 2843774.69238 ], [ 572020.45483000006061, 2843774.69238 ], [ 572020.45483000006061, 2843770.94238 ], [ 572024.75483, 2843770.94238 ] ] ] } },
{ "type": "Feature", "properties": { "xmin": 3110.0, "ymin": 9172.0, "xmax": 3265.0, "ymax": 9336.0, "label": "Tree", "score": 0.45187520980834961, "image_path": "test_clip.tif" }, "geometry": { "type": "Polygon", "coordinates": [ [ [ 571819.554830000037327, 2843883.99237999971956 ], [ 571819.554830000037327, 2843892.19238 ], [ 571811.804830000037327, 2843892.19238 ], [ 571811.804830000037327, 2843883.99237999971956 ], [ 571819.554830000037327, 2843883.99237999971956 ] ] ] } },
{ "type": "Feature", "properties": { "xmin": 3745.0, "ymin": 5811.0, "xmax": 3886.0, "ymax": 5946.0, "label": "Tree", "score": 0.45171159505844116, "image_path": "test_clip.tif" }, "geometry": { "type": "Polygon", "coordinates": [ [ [ 571850.604829999967478, 2844053.49237999971956 ], [ 571850.604829999967478, 2844060.24237999971956 ], [ 571843.554830000037327, 2844060.24237999971956 ], [ 571843.554830000037327, 2844053.49237999971956 ], [ 571850.604829999967478, 2844053.49237999971956 ] ] ] } },
{ "type": "Feature", "properties": { "xmin": 1192.0, "ymin": 11524.0, "xmax": 1328.0, "ymax": 11646.0, "label": "Tree", "score": 0.44957107305526733, "image_path": "test_clip.tif" }, "geometry": { "type": "Polygon", "coordinates": [ [ [ 571722.70483000006061, 2843768.49237999971956 ], [ 571722.70483000006061, 2843774.592379999812692 ], [ 571715.904830000014044, 2843774.592379999812692 ], [ 571715.904830000014044, 2843768.49237999971956 ], [ 571722.70483000006061, 2843768.49237999971956 ] ] ] } },
{ "type": "Feature", "properties": { "xmin": 3371.0, "ymin": 5814.0, "xmax": 3517.0, "ymax": 5961.0, "label": "Tree", "score": 0.44755816459655762, "image_path": "test_clip.tif" }, "geometry": { "type": "Polygon", "coordinates": [ [ [ 571832.154830000014044, 2844052.74237999971956 ], [ 571832.154830000014044, 2844060.092379999812692 ], [ 571824.854829999967478, 2844060.092379999812692 ], [ 571824.854829999967478, 2844052.74237999971956 ], [ 571832.154830000014044, 2844052.74237999971956 ] ] ] } },
{ "type": "Feature", "properties": { "xmin": 2799.0, "ymin": 10498.0, "xmax": 2932.0, "ymax": 10629.0, "label": "Tree", "score": 0.44637736678123474, "image_path": "test_clip.tif" }, "geometry": { "type": "Polygon", "coordinates": [ [ [ 571802.904830000014044, 2843819.342379999812692 ], [ 571802.904830000014044, 2843825.89238 ], [ 571796.25483, 2843825.89238 ], [ 571796.25483, 2843819.342379999812692 ], [ 571802.904830000014044, 2843819.342379999812692 ] ] ] } },
{ "type": "Feature", "properties": { "xmin": 5550.0, "ymin": 8640.0, "xmax": 5670.0, "ymax": 8733.0, "label": "Tree", "score": 0.44535362720489502, "image_path": "test_clip.tif" }, "geometry": { "type": "Polygon", "coordinates": [ [ [ 571939.804830000037327, 2843914.14238 ], [ 571939.804830000037327, 2843918.79238 ], [ 571933.804830000037327, 2843918.79238 ], [ 571933.804830000037327, 2843914.14238 ], [ 571939.804830000037327, 2843914.14238 ] ] ] } },
{ "type": "Feature", "properties": { "xmin": 3291.0, "ymin": 10934.0, "xmax": 3523.0, "ymax": 11170.0, "label": "Tree", "score": 0.44532725214958191, "image_path": "test_clip.tif" }, "geometry": { "type": "Polygon", "coordinates": [ [ [ 571832.45483000006061, 2843792.29238 ], [ 571832.45483000006061, 2843804.092379999812692 ], [ 571820.854829999967478, 2843804.092379999812692 ], [ 571820.854829999967478, 2843792.29238 ], [ 571832.45483000006061, 2843792.29238 ] ] ] } },
{ "type": "Feature", "properties": { "xmin": 4055.0, "ymin": 11745.0, "xmax": 4208.0, "ymax": 11897.0, "label": "Tree", "score": 0.44498243927955627, "image_path": "test_clip.tif" }, "geometry": { "type": "Polygon", "coordinates": [ [ [ 571866.70483000006061, 2843755.94238 ], [ 571866.70483000006061, 2843763.54238 ], [ 571859.054830000037327, 2843763.54238 ], [ 571859.054830000037327, 2843755.94238 ], [ 571866.70483000006061, 2843755.94238 ] ] ] } },
{ "type": "Feature", "properties": { "xmin": 2094.0, "ymin": 13680.0, "xmax": 2208.0, "ymax": 13752.0, "label": "Tree", "score": 0.4447578489780426, "image_path": "test_clip.tif" }, "geometry": { "type": "Polygon", "coordinates": [ [ [ 571766.70483000006061, 2843663.19238 ], [ 571766.70483000006061, 2843666.79238 ], [ 571761.00483, 2843666.79238 ], [ 571761.00483, 2843663.19238 ], [ 571766.70483000006061, 2843663.19238 ] ] ] } },
{ "type": "Feature", "properties": { "xmin": 1588.0, "ymin": 10929.0, "xmax": 1739.0, "ymax": 11081.0, "label": "Tree", "score": 0.44409438967704773, "image_path": "test_clip.tif" }, "geometry": { "type": "Polygon", "coordinates": [ [ [ 571743.25483, 2843796.74237999971956 ], [ 571743.25483, 2843804.342379999812692 ], [ 571735.70483000006061, 2843804.342379999812692 ], [ 571735.70483000006061, 2843796.74237999971956 ], [ 571743.25483, 2843796.74237999971956 ] ] ] } },
{ "type": "Feature", "properties": { "xmin": 8397.0, "ymin": 8644.0, "xmax": 8645.0, "ymax": 8848.0, "label": "Tree", "score": 0.44348198175430298, "image_path": "test_clip.tif" }, "geometry": { "type": "Polygon", "coordinates": [ [ [ 572088.554830000037327, 2843908.39238 ], [ 572088.554830000037327, 2843918.592379999812692 ], [ 572076.154830000014044, 2843918.592379999812692 ], [ 572076.154830000014044, 2843908.39238 ], [ 572088.554830000037327, 2843908.39238 ] ] ] } },
{ "type": "Feature", "properties": { "xmin": 4655.0, "ymin": 9498.0, "xmax": 4807.0, "ymax": 9649.0, "label": "Tree", "score": 0.44344338774681091, "image_path": "test_clip.tif" }, "geometry": { "type": "Polygon", "coordinates": [ [ [ 571896.654830000014044, 2843868.342379999812692 ], [ 571896.654830000014044, 2843875.89238 ], [ 571889.054830000037327, 2843875.89238 ], [ 571889.054830000037327, 2843868.342379999812692 ], [ 571896.654830000014044, 2843868.342379999812692 ] ] ] } },
{ "type": "Feature", "properties": { "xmin": 3079.0, "ymin": 7827.0, "xmax": 3237.0, "ymax": 7981.0, "label": "Tree", "score": 0.44172430038452148, "image_path": "test_clip.tif" }, "geometry": { "type": "Polygon", "coordinates": [ [ [ 571818.154830000014044, 2843951.74237999971956 ], [ 571818.154830000014044, 2843959.44238 ], [ 571810.25483, 2843959.44238 ], [ 571810.25483, 2843951.74237999971956 ], [ 571818.154830000014044, 2843951.74237999971956 ] ] ] } },
{ "type": "Feature", "properties": { "xmin": 4794.0, "ymin": 820.0, "xmax": 5031.0, "ymax": 1038.0, "label": "Tree", "score": 0.44122979044914246, "image_path": "test_clip.tif" }, "geometry": { "type": "Polygon", "coordinates": [ [ [ 571907.854829999967478, 2844298.89238 ], [ 571907.854829999967478, 2844309.79238 ], [ 571896.00483, 2844309.79238 ], [ 571896.00483, 2844298.89238 ], [ 571907.854829999967478, 2844298.89238 ] ] ] } },
{ "type": "Feature", "properties": { "xmin": 1932.0, "ymin": 6311.0, "xmax": 2165.0, "ymax": 6549.0, "label": "Tree", "score": 0.44096121191978455, "image_path": "test_clip.tif" }, "geometry": { "type": "Polygon", "coordinates": [ [ [ 571764.554830000037327, 2844023.342379999812692 ], [ 571764.554830000037327, 2844035.24237999971956 ], [ 571752.904830000014044, 2844035.24237999971956 ], [ 571752.904830000014044, 2844023.342379999812692 ], [ 571764.554830000037327, 2844023.342379999812692 ] ] ] } },
{ "type": "Feature", "properties": { "xmin": 2957.0, "ymin": 6490.0, "xmax": 3268.0, "ymax": 6797.0, "label": "Tree", "score": 0.44091519713401794, "image_path": "test_clip.tif" }, "geometry": { "type": "Polygon", "coordinates": [ [ [ 571819.70483000006061, 2844010.94238 ], [ 571819.70483000006061, 2844026.29238 ], [ 571804.154830000014044, 2844026.29238 ], [ 571804.154830000014044, 2844010.94238 ], [ 571819.70483000006061, 2844010.94238 ] ] ] } },
{ "type": "Feature", "properties": { "xmin": 846.0, "ymin": 1302.0, "xmax": 1087.0, "ymax": 1520.0, "label": "Tree", "score": 0.43989327549934387, "image_path": "test_clip.tif" }, "geometry": { "type": "Polygon", "coordinates": [ [ [ 571710.654830000014044, 2844274.79238 ], [ 571710.654830000014044, 2844285.69238 ], [ 571698.604829999967478, 2844285.69238 ], [ 571698.604829999967478, 2844274.79238 ], [ 571710.654830000014044, 2844274.79238 ] ] ] } },
{ "type": "Feature", "properties": { "xmin": 2406.0, "ymin": 4656.0, "xmax": 2557.0, "ymax": 4805.0, "label": "Tree", "score": 0.43910080194473267, "image_path": "test_clip.tif" }, "geometry": { "type": "Polygon", "coordinates": [ [ [ 571784.154830000014044, 2844110.54238 ], [ 571784.154830000014044, 2844117.99237999971956 ], [ 571776.604829999967478, 2844117.99237999971956 ], [ 571776.604829999967478, 2844110.54238 ], [ 571784.154830000014044, 2844110.54238 ] ] ] } },
{ "type": "Feature", "properties": { "xmin": 2115.0, "ymin": 14266.0, "xmax": 2237.0, "ymax": 14402.0, "label": "Tree", "score": 0.43730953335762024, "image_path": "test_clip.tif" }, "geometry": { "type": "Polygon", "coordinates": [ [ [ 571768.154830000014044, 2843630.69238 ], [ 571768.154830000014044, 2843637.49237999971956 ], [ 571762.054830000037327, 2843637.49237999971956 ], [ 571762.054830000037327, 2843630.69238 ], [ 571768.154830000014044, 2843630.69238 ] ] ] } },
{ "type": "Feature", "properties": { "xmin": 11528.0, "ymin": 2808.0, "xmax": 11638.0, "ymax": 2927.0, "label": "Tree", "score": 0.43698358535766602, "image_path": "test_clip.tif" }, "geometry": { "type": "Polygon", "coordinates": [ [ [ 572238.204829999944195, 2844204.44238 ], [ 572238.204829999944195, 2844210.39238 ], [ 572232.704829999944195, 2844210.39238 ], [ 572232.704829999944195, 2844204.44238 ], [ 572238.204829999944195, 2844204.44238 ] ] ] } },
{ "type": "Feature", "properties": { "xmin": 3988.0, "ymin": 4342.0, "xmax": 4383.0, "ymax": 4756.0, "label": "Tree", "score": 0.43693763017654419, "image_path": "test_clip.tif" }, "geometry": { "type": "Polygon", "coordinates": [ [ [ 571875.45483000006061, 2844112.99237999971956 ], [ 571875.45483000006061, 2844133.69238 ], [ 571855.70483000006061, 2844133.69238 ], [ 571855.70483000006061, 2844112.99237999971956 ], [ 571875.45483000006061, 2844112.99237999971956 ] ] ] } },
{ "type": "Feature", "properties": { "xmin": 1410.0, "ymin": 1190.0, "xmax": 1519.0, "ymax": 1304.0, "label": "Tree", "score": 0.43614214658737183, "image_path": "test_clip.tif" }, "geometry": { "type": "Polygon", "coordinates": [ [ [ 571732.25483, 2844285.592379999812692 ], [ 571732.25483, 2844291.29238 ], [ 571726.804830000037327, 2844291.29238 ], [ 571726.804830000037327, 2844285.592379999812692 ], [ 571732.25483, 2844285.592379999812692 ] ] ] } },
{ "type": "Feature", "properties": { "xmin": 2035.0, "ymin": 5761.0, "xmax": 2189.0, "ymax": 5894.0, "label": "Tree", "score": 0.43574830889701843, "image_path": "test_clip.tif" }, "geometry": { "type": "Polygon", "coordinates": [ [ [ 571765.75483, 2844056.092379999812692 ], [ 571765.75483, 2844062.74237999971956 ], [ 571758.054830000037327, 2844062.74237999971956 ], [ 571758.054830000037327, 2844056.092379999812692 ], [ 571765.75483, 2844056.092379999812692 ] ] ] } },
{ "type": "Feature", "properties": { "xmin": 2401.0, "ymin": 7920.0, "xmax": 2560.0, "ymax": 8049.0, "label": "Tree", "score": 0.43432056903839111, "image_path": "test_clip.tif" }, "geometry": { "type": "Polygon", "coordinates": [ [ [ 571784.304830000037327, 2843948.342379999812692 ], [ 571784.304830000037327, 2843954.79238 ], [ 571776.354829999967478, 2843954.79238 ], [ 571776.354829999967478, 2843948.342379999812692 ], [ 571784.304830000037327, 2843948.342379999812692 ] ] ] } },
{ "type": "Feature", "properties": { "xmin": 2554.0, "ymin": 2826.0, "xmax": 2702.0, "ymax": 2958.0, "label": "Tree", "score": 0.43387073278427124, "image_path": "test_clip.tif" }, "geometry": { "type": "Polygon", "coordinates": [ [ [ 571791.404830000014044, 2844202.89238 ], [ 571791.404830000014044, 2844209.49237999971956 ], [ 571784.00483, 2844209.49237999971956 ], [ 571784.00483, 2844202.89238 ], [ 571791.404830000014044, 2844202.89238 ] ] ] } },
{ "type": "Feature", "properties": { "xmin": 3976.0, "ymin": 0.0, "xmax": 4095.0, "ymax": 65.0, "label": "Tree", "score": 0.4319537878036499, "image_path": "test_clip.tif" }, "geometry": { "type": "Polygon", "coordinates": [ [ [ 571861.054830000037327, 2844347.54238 ], [ 571861.054830000037327, 2844350.79238 ], [ 571855.104829999967478, 2844350.79238 ], [ 571855.104829999967478, 2844347.54238 ], [ 571861.054830000037327, 2844347.54238 ] ] ] } },
{ "type": "Feature", "properties": { "xmin": 11419.0, "ymin": 1515.0, "xmax": 11564.0, "ymax": 1662.0, "label": "Tree", "score": 0.43168729543685913, "image_path": "test_clip.tif" }, "geometry": { "type": "Polygon", "coordinates": [ [ [ 572234.50483, 2844267.69238 ], [ 572234.50483, 2844275.04238 ], [ 572227.25483, 2844275.04238 ], [ 572227.25483, 2844267.69238 ], [ 572234.50483, 2844267.69238 ] ] ] } },
{ "type": "Feature", "properties": { "xmin": 471.0, "ymin": 11520.0, "xmax": 603.0, "ymax": 11611.0, "label": "Tree", "score": 0.42992326617240906, "image_path": "test_clip.tif" }, "geometry": { "type": "Polygon", "coordinates": [ [ [ 571686.45483000006061, 2843770.24237999971956 ], [ 571686.45483000006061, 2843774.79238 ], [ 571679.854829999967478, 2843774.79238 ], [ 571679.854829999967478, 2843770.24237999971956 ], [ 571686.45483000006061, 2843770.24237999971956 ] ] ] } },
{ "type": "Feature", "properties": { "xmin": 4828.0, "ymin": 11142.0, "xmax": 4973.0, "ymax": 11287.0, "label": "Tree", "score": 0.42986723780632019, "image_path": "test_clip.tif" }, "geometry": { "type": "Polygon", "coordinates": [ [ [ 571904.95483000006061, 2843786.44238 ], [ 571904.95483000006061, 2843793.69238 ], [ 571897.70483000006061, 2843793.69238 ], [ 571897.70483000006061, 2843786.44238 ], [ 571904.95483000006061, 2843786.44238 ] ] ] } },
{ "type": "Feature", "properties": { "xmin": 4353.0, "ymin": 10103.0, "xmax": 4617.0, "ymax": 10350.0, "label": "Tree", "score": 0.42984688282012939, "image_path": "test_clip.tif" }, "geometry": { "type": "Polygon", "coordinates": [ [ [ 571887.154830000014044, 2843833.29238 ], [ 571887.154830000014044, 2843845.64238 ], [ 571873.95483000006061, 2843845.64238 ], [ 571873.95483000006061, 2843833.29238 ], [ 571887.154830000014044, 2843833.29238 ] ] ] } },
{ "type": "Feature", "properties": { "xmin": 2161.0, "ymin": 7922.0, "xmax": 2274.0, "ymax": 8032.0, "label": "Tree", "score": 0.42902451753616333, "image_path": "test_clip.tif" }, "geometry": { "type": "Polygon", "coordinates": [ [ [ 571770.00483, 2843949.19238 ], [ 571770.00483, 2843954.69238 ], [ 571764.354829999967478, 2843954.69238 ], [ 571764.354829999967478, 2843949.19238 ], [ 571770.00483, 2843949.19238 ] ] ] } },
{ "type": "Feature", "properties": { "xmin": 10043.0, "ymin": 722.0, "xmax": 10158.0, "ymax": 832.0, "label": "Tree", "score": 0.42832508683204651, "image_path": "test_clip.tif" }, "geometry": { "type": "Polygon", "coordinates": [ [ [ 572164.204829999944195, 2844309.19238 ], [ 572164.204829999944195, 2844314.69238 ], [ 572158.454829999944195, 2844314.69238 ], [ 572158.454829999944195, 2844309.19238 ], [ 572164.204829999944195, 2844309.19238 ] ] ] } },
{ "type": "Feature", "properties": { "xmin": 1487.0, "ymin": 9269.0, "xmax": 1640.0, "ymax": 9419.0, "label": "Tree", "score": 0.42776653170585632, "image_path": "test_clip.tif" }, "geometry": { "type": "Polygon", "coordinates": [ [ [ 571738.304830000037327, 2843879.842379999812692 ], [ 571738.304830000037327, 2843887.342379999812692 ], [ 571730.654830000014044, 2843887.342379999812692 ], [ 571730.654830000014044, 2843879.842379999812692 ], [ 571738.304830000037327, 2843879.842379999812692 ] ] ] } },
{ "type": "Feature", "properties": { "xmin": 955.0, "ymin": 11745.0, "xmax": 1102.0, "ymax": 11894.0, "label": "Tree", "score": 0.42678827047348022, "image_path": "test_clip.tif" }, "geometry": { "type": "Polygon", "coordinates": [ [ [ 571711.404830000014044, 2843756.092379999812692 ], [ 571711.404830000014044, 2843763.54238 ], [ 571704.054830000037327, 2843763.54238 ], [ 571704.054830000037327, 2843756.092379999812692 ], [ 571711.404830000014044, 2843756.092379999812692 ] ] ] } },
{ "type": "Feature", "properties": { "xmin": 4844.0, "ymin": 10080.0, "xmax": 4988.0, "ymax": 10196.0, "label": "Tree", "score": 0.42474350333213806, "image_path": "test_clip.tif" }, "geometry": { "type": "Polygon", "coordinates": [ [ [ 571905.70483000006061, 2843840.99237999971956 ], [ 571905.70483000006061, 2843846.79238 ], [ 571898.50483, 2843846.79238 ], [ 571898.50483, 2843840.99237999971956 ], [ 571905.70483000006061, 2843840.99237999971956 ] ] ] } },
{ "type": "Feature", "properties": { "xmin": 2769.0, "ymin": 6166.0, "xmax": 2960.0, "ymax": 6402.0, "label": "Tree", "score": 0.42470681667327881, "image_path": "test_clip.tif" }, "geometry": { "type": "Polygon", "coordinates": [ [ [ 571804.304830000037327, 2844030.69238 ], [ 571804.304830000037327, 2844042.49237999971956 ], [ 571794.75483, 2844042.49237999971956 ], [ 571794.75483, 2844030.69238 ], [ 571804.304830000037327, 2844030.69238 ] ] ] } },
{ "type": "Feature", "properties": { "xmin": 5409.0, "ymin": 2883.0, "xmax": 5562.0, "ymax": 3016.0, "label": "Tree", "score": 0.42410412430763245, "image_path": "test_clip.tif" }, "geometry": { "type": "Polygon", "coordinates": [ [ [ 571934.404830000014044, 2844199.99237999971956 ], [ 571934.404830000014044, 2844206.64238 ], [ 571926.75483, 2844206.64238 ], [ 571926.75483, 2844199.99237999971956 ], [ 571934.404830000014044, 2844199.99237999971956 ] ] ] } },
{ "type": "Feature", "properties": { "xmin": 2683.0, "ymin": 10735.0, "xmax": 2805.0, "ymax": 10856.0, "label": "Tree", "score": 0.42311698198318481, "image_path": "test_clip.tif" }, "geometry": { "type": "Polygon", "coordinates": [ [ [ 571796.554830000037327, 2843807.99237999971956 ], [ 571796.554830000037327, 2843814.04238 ], [ 571790.45483000006061, 2843814.04238 ], [ 571790.45483000006061, 2843807.99237999971956 ], [ 571796.554830000037327, 2843807.99237999971956 ] ] ] } },
{ "type": "Feature", "properties": { "xmin": 8877.0, "ymin": 8193.0, "xmax": 9098.0, "ymax": 8468.0, "label": "Tree", "score": 0.42309519648551941, "image_path": "test_clip.tif" }, "geometry": { "type": "Polygon", "coordinates": [ [ [ 572111.204829999944195, 2843927.39238 ], [ 572111.204829999944195, 2843941.14238 ], [ 572100.154830000014044, 2843941.14238 ], [ 572100.154830000014044, 2843927.39238 ], [ 572111.204829999944195, 2843927.39238 ] ] ] } },
{ "type": "Feature", "properties": { "xmin": 8269.0, "ymin": 6704.0, "xmax": 8403.0, "ymax": 6837.0, "label": "Tree", "score": 0.4230571985244751, "image_path": "test_clip.tif" }, "geometry": { "type": "Polygon", "coordinates": [ [ [ 572076.454829999944195, 2844008.94238 ], [ 572076.454829999944195, 2844015.592379999812692 ], [ 572069.75483, 2844015.592379999812692 ], [ 572069.75483, 2844008.94238 ], [ 572076.454829999944195, 2844008.94238 ] ] ] } },
{ "type": "Feature", "properties": { "xmin": 1692.0, "ymin": 13973.0, "xmax": 1823.0, "ymax": 14099.0, "label": "Tree", "score": 0.42255118489265442, "image_path": "test_clip.tif" }, "geometry": { "type": "Polygon", "coordinates": [ [ [ 571747.45483000006061, 2843645.842379999812692 ], [ 571747.45483000006061, 2843652.14238 ], [ 571740.904830000014044, 2843652.14238 ], [ 571740.904830000014044, 2843645.842379999812692 ], [ 571747.45483000006061, 2843645.842379999812692 ] ] ] } },
{ "type": "Feature", "properties": { "xmin": 1213.0, "ymin": 11148.0, "xmax": 1354.0, "ymax": 11286.0, "label": "Tree", "score": 0.42228734493255615, "image_path": "test_clip.tif" }, "geometry": { "type": "Polygon", "coordinates": [ [ [ 571724.00483, 2843786.49237999971956 ], [ 571724.00483, 2843793.39238 ], [ 571716.95483000006061, 2843793.39238 ], [ 571716.95483000006061, 2843786.49237999971956 ], [ 571724.00483, 2843786.49237999971956 ] ] ] } },
{ "type": "Feature", "properties": { "xmin": 1742.0, "ymin": 9236.0, "xmax": 1888.0, "ymax": 9385.0, "label": "Tree", "score": 0.42207551002502441, "image_path": "test_clip.tif" }, "geometry": { "type": "Polygon", "coordinates": [ [ [ 571750.70483000006061, 2843881.54238 ], [ 571750.70483000006061, 2843888.99237999971956 ], [ 571743.404830000014044, 2843888.99237999971956 ], [ 571743.404830000014044, 2843881.54238 ], [ 571750.70483000006061, 2843881.54238 ] ] ] } },
{ "type": "Feature", "properties": { "xmin": 8651.0, "ymin": 9361.0, "xmax": 8798.0, "ymax": 9500.0, "label": "Tree", "score": 0.42103183269500732, "image_path": "test_clip.tif" }, "geometry": { "type": "Polygon", "coordinates": [ [ [ 572096.204829999944195, 2843875.79238 ], [ 572096.204829999944195, 2843882.74237999971956 ], [ 572088.854829999967478, 2843882.74237999971956 ], [ 572088.854829999967478, 2843875.79238 ], [ 572096.204829999944195, 2843875.79238 ] ] ] } },
{ "type": "Feature", "properties": { "xmin": 2891.0, "ymin": 4325.0, "xmax": 3206.0, "ymax": 4641.0, "label": "Tree", "score": 0.42022275924682617, "image_path": "test_clip.tif" }, "geometry": { "type": "Polygon", "coordinates": [ [ [ 571816.604829999967478, 2844118.74237999971956 ], [ 571816.604829999967478, 2844134.54238 ], [ 571800.854829999967478, 2844134.54238 ], [ 571800.854829999967478, 2844118.74237999971956 ], [ 571816.604829999967478, 2844118.74237999971956 ] ] ] } },
{ "type": "Feature", "properties": { "xmin": 1225.0, "ymin": 7200.0, "xmax": 1368.0, "ymax": 7291.0, "label": "Tree", "score": 0.41924694180488586, "image_path": "test_clip.tif" }, "geometry": { "type": "Polygon", "coordinates": [ [ [ 571724.70483000006061, 2843986.24237999971956 ], [ 571724.70483000006061, 2843990.79238 ], [ 571717.554830000037327, 2843990.79238 ], [ 571717.554830000037327, 2843986.24237999971956 ], [ 571724.70483000006061, 2843986.24237999971956 ] ] ] } },
{ "type": "Feature", "properties": { "xmin": 953.0, "ymin": 11169.0, "xmax": 1080.0, "ymax": 11295.0, "label": "Tree", "score": 0.41904541850090027, "image_path": "test_clip.tif" }, "geometry": { "type": "Polygon", "coordinates": [ [ [ 571710.304830000037327, 2843786.04238 ], [ 571710.304830000037327, 2843792.342379999812692 ], [ 571703.95483000006061, 2843792.342379999812692 ], [ 571703.95483000006061, 2843786.04238 ], [ 571710.304830000037327, 2843786.04238 ] ] ] } },
{ "type": "Feature", "properties": { "xmin": 218.0, "ymin": 4320.0, "xmax": 368.0, "ymax": 4439.0, "label": "Tree", "score": 0.41848653554916382, "image_path": "test_clip.tif" }, "geometry": { "type": "Polygon", "coordinates": [ [ [ 571674.70483000006061, 2844128.842379999812692 ], [ 571674.70483000006061, 2844134.79238 ], [ 571667.20483000006061, 2844134.79238 ], [ 571667.20483000006061, 2844128.842379999812692 ], [ 571674.70483000006061, 2844128.842379999812692 ] ] ] } },
{ "type": "Feature", "properties": { "xmin": 720.0, "ymin": 8003.0, "xmax": 859.0, "ymax": 8151.0, "label": "Tree", "score": 0.41684931516647339, "image_path": "test_clip.tif" }, "geometry": { "type": "Polygon", "coordinates": [ [ [ 571699.25483, 2843943.24237999971956 ], [ 571699.25483, 2843950.64238 ], [ 571692.304830000037327, 2843950.64238 ], [ 571692.304830000037327, 2843943.24237999971956 ], [ 571699.25483, 2843943.24237999971956 ] ] ] } },
{ "type": "Feature", "properties": { "xmin": 5040.0, "ymin": 5198.0, "xmax": 5186.0, "ymax": 5383.0, "label": "Tree", "score": 0.41582778096199036, "image_path": "test_clip.tif" }, "geometry": { "type": "Polygon", "coordinates": [ [ [ 571915.604829999967478, 2844081.64238 ], [ 571915.604829999967478, 2844090.89238 ], [ 571908.304830000037327, 2844090.89238 ], [ 571908.304830000037327, 2844081.64238 ], [ 571915.604829999967478, 2844081.64238 ] ] ] } },
{ "type": "Feature", "properties": { "xmin": 5350.0, "ymin": 2200.0, "xmax": 5560.0, "ymax": 2466.0, "label": "Tree", "score": 0.41559132933616638, "image_path": "test_clip.tif" }, "geometry": { "type": "Polygon", "coordinates": [ [ [ 571934.304830000037327, 2844227.49237999971956 ], [ 571934.304830000037327, 2844240.79238 ], [ 571923.804830000037327, 2844240.79238 ], [ 571923.804830000037327, 2844227.49237999971956 ], [ 571934.304830000037327, 2844227.49237999971956 ] ] ] } },
{ "type": "Feature", "properties": { "xmin": 5452.0, "ymin": 7014.0, "xmax": 5595.0, "ymax": 7167.0, "label": "Tree", "score": 0.41478654742240906, "image_path": "test_clip.tif" }, "geometry": { "type": "Polygon", "coordinates": [ [ [ 571936.054830000037327, 2843992.44238 ], [ 571936.054830000037327, 2844000.092379999812692 ], [ 571928.904830000014044, 2844000.092379999812692 ], [ 571928.904830000014044, 2843992.44238 ], [ 571936.054830000037327, 2843992.44238 ] ] ] } },
{ "type": "Feature", "properties": { "xmin": 5140.0, "ymin": 2502.0, "xmax": 5285.0, "ymax": 2652.0, "label": "Tree", "score": 0.4147702157497406, "image_path": "test_clip.tif" }, "geometry": { "type": "Polygon", "coordinates": [ [ [ 571920.554830000037327, 2844218.19238 ], [ 571920.554830000037327, 2844225.69238 ], [ 571913.304830000037327, 2844225.69238 ], [ 571913.304830000037327, 2844218.19238 ], [ 571920.554830000037327, 2844218.19238 ] ] ] } },
{ "type": "Feature", "properties": { "xmin": 4833.0, "ymin": 13688.0, "xmax": 4969.0, "ymax": 13815.0, "label": "Tree", "score": 0.41419726610183716, "image_path": "test_clip.tif" }, "geometry": { "type": "Polygon", "coordinates": [ [ [ 571904.75483, 2843660.04238 ], [ 571904.75483, 2843666.39238 ], [ 571897.95483000006061, 2843666.39238 ], [ 571897.95483000006061, 2843660.04238 ], [ 571904.75483, 2843660.04238 ] ] ] } },
{ "type": "Feature", "properties": { "xmin": 2282.0, "ymin": 1191.0, "xmax": 2514.0, "ymax": 1418.0, "label": "Tree", "score": 0.41372191905975342, "image_path": "test_clip.tif" }, "geometry": { "type": "Polygon", "coordinates": [ [ [ 571782.00483, 2844279.89238 ], [ 571782.00483, 2844291.24237999971956 ], [ 571770.404830000014044, 2844291.24237999971956 ], [ 571770.404830000014044, 2844279.89238 ], [ 571782.00483, 2844279.89238 ] ] ] } },
{ "type": "Feature", "properties": { "xmin": 10944.0, "ymin": 450.0, "xmax": 11234.0, "ymax": 798.0, "label": "Tree", "score": 0.41365936398506165, "image_path": "test_clip.tif" }, "geometry": { "type": "Polygon", "coordinates": [ [ [ 572218.00483, 2844310.89238 ], [ 572218.00483, 2844328.29238 ], [ 572203.50483, 2844328.29238 ], [ 572203.50483, 2844310.89238 ], [ 572218.00483, 2844310.89238 ] ] ] } },
{ "type": "Feature", "properties": { "xmin": 3751.0, "ymin": 12240.0, "xmax": 3921.0, "ymax": 12352.0, "label": "Tree", "score": 0.41122844815254211, "image_path": "test_clip.tif" }, "geometry": { "type": "Polygon", "coordinates": [ [ [ 571852.354829999967478, 2843733.19238 ], [ 571852.354829999967478, 2843738.79238 ], [ 571843.854829999967478, 2843738.79238 ], [ 571843.854829999967478, 2843733.19238 ], [ 571852.354829999967478, 2843733.19238 ] ] ] } },
{ "type": "Feature", "properties": { "xmin": 2713.0, "ymin": 13682.0, "xmax": 2857.0, "ymax": 13810.0, "label": "Tree", "score": 0.41096657514572144, "image_path": "test_clip.tif" }, "geometry": { "type": "Polygon", "coordinates": [ [ [ 571799.154830000014044, 2843660.29238 ], [ 571799.154830000014044, 2843666.69238 ], [ 571791.95483000006061, 2843666.69238 ], [ 571791.95483000006061, 2843660.29238 ], [ 571799.154830000014044, 2843660.29238 ] ] ] } },
{ "type": "Feature", "properties": { "xmin": 1060.0, "ymin": 7969.0, "xmax": 1206.0, "ymax": 8115.0, "label": "Tree", "score": 0.4109225869178772, "image_path": "test_clip.tif" }, "geometry": { "type": "Polygon", "coordinates": [ [ [ 571716.604829999967478, 2843945.04238 ], [ 571716.604829999967478, 2843952.342379999812692 ], [ 571709.304830000037327, 2843952.342379999812692 ], [ 571709.304830000037327, 2843945.04238 ], [ 571716.604829999967478, 2843945.04238 ] ] ] } },
{ "type": "Feature", "properties": { "xmin": 3410.0, "ymin": 6790.0, "xmax": 3633.0, "ymax": 7004.0, "label": "Tree", "score": 0.41072452068328857, "image_path": "test_clip.tif" }, "geometry": { "type": "Polygon", "coordinates": [ [ [ 571837.95483000006061, 2844000.592379999812692 ], [ 571837.95483000006061, 2844011.29238 ], [ 571826.804830000037327, 2844011.29238 ], [ 571826.804830000037327, 2844000.592379999812692 ], [ 571837.95483000006061, 2844000.592379999812692 ] ] ] } },
{ "type": "Feature", "properties": { "xmin": 578.0, "ymin": 12461.0, "xmax": 800.0, "ymax": 12698.0, "label": "Tree", "score": 0.41022855043411255, "image_path": "test_clip.tif" }, "geometry": { "type": "Polygon", "coordinates": [ [ [ 571696.304830000037327, 2843715.89238 ], [ 571696.304830000037327, 2843727.74237999971956 ], [ 571685.20483000006061, 2843727.74237999971956 ], [ 571685.20483000006061, 2843715.89238 ], [ 571696.304830000037327, 2843715.89238 ] ] ] } },
{ "type": "Feature", "properties": { "xmin": 1839.0, "ymin": 2881.0, "xmax": 1985.0, "ymax": 3008.0, "label": "Tree", "score": 0.40962263941764832, "image_path": "test_clip.tif" }, "geometry": { "type": "Polygon", "coordinates": [ [ [ 571755.554830000037327, 2844200.39238 ], [ 571755.554830000037327, 2844206.74237999971956 ], [ 571748.25483, 2844206.74237999971956 ], [ 571748.25483, 2844200.39238 ], [ 571755.554830000037327, 2844200.39238 ] ] ] } },
{ "type": "Feature", "properties": { "xmin": 9104.0, "ymin": 5141.0, "xmax": 9190.0, "ymax": 5223.0, "label": "Tree", "score": 0.40960729122161865, "image_path": "test_clip.tif" }, "geometry": { "type": "Polygon", "coordinates": [ [ [ 572115.804830000037327, 2844089.64238 ], [ 572115.804830000037327, 2844093.74237999971956 ], [ 572111.50483, 2844093.74237999971956 ], [ 572111.50483, 2844089.64238 ], [ 572115.804830000037327, 2844089.64238 ] ] ] } },
{ "type": "Feature", "properties": { "xmin": 3914.0, "ymin": 2161.0, "xmax": 4070.0, "ymax": 2292.0, "label": "Tree", "score": 0.40952414274215698, "image_path": "test_clip.tif" }, "geometry": { "type": "Polygon", "coordinates": [ [ [ 571859.804830000037327, 2844236.19238 ], [ 571859.804830000037327, 2844242.74237999971956 ], [ 571852.00483, 2844242.74237999971956 ], [ 571852.00483, 2844236.19238 ], [ 571859.804830000037327, 2844236.19238 ] ] ] } },
{ "type": "Feature", "properties": { "xmin": 11709.0, "ymin": 5760.0, "xmax": 11852.0, "ymax": 5886.0, "label": "Tree", "score": 0.40930885076522827, "image_path": "test_clip.tif" }, "geometry": { "type": "Polygon", "coordinates": [ [ [ 572248.904830000014044, 2844056.49237999971956 ], [ 572248.904830000014044, 2844062.79238 ], [ 572241.75483, 2844062.79238 ], [ 572241.75483, 2844056.49237999971956 ], [ 572248.904830000014044, 2844056.49237999971956 ] ] ] } },
{ "type": "Feature", "properties": { "xmin": 3093.0, "ymin": 11353.0, "xmax": 3230.0, "ymax": 11492.0, "label": "Tree", "score": 0.40912923216819763, "image_path": "test_clip.tif" }, "geometry": { "type": "Polygon", "coordinates": [ [ [ 571817.804830000037327, 2843776.19238 ], [ 571817.804830000037327, 2843783.14238 ], [ 571810.95483000006061, 2843783.14238 ], [ 571810.95483000006061, 2843776.19238 ], [ 571817.804830000037327, 2843776.19238 ] ] ] } },
{ "type": "Feature", "properties": { "xmin": 144.0, "ymin": 723.0, "xmax": 296.0, "ymax": 864.0, "label": "Tree", "score": 0.40881812572479248, "image_path": "test_clip.tif" }, "geometry": { "type": "Polygon", "coordinates": [ [ [ 571671.104829999967478, 2844307.592379999812692 ], [ 571671.104829999967478, 2844314.64238 ], [ 571663.50483, 2844314.64238 ], [ 571663.50483, 2844307.592379999812692 ], [ 571671.104829999967478, 2844307.592379999812692 ] ] ] } },
{ "type": "Feature", "properties": { "xmin": 3408.0, "ymin": 6352.0, "xmax": 3622.0, "ymax": 6560.0, "label": "Tree", "score": 0.40849173069000244, "image_path": "test_clip.tif" }, "geometry": { "type": "Polygon", "coordinates": [ [ [ 571837.404830000014044, 2844022.79238 ], [ 571837.404830000014044, 2844033.19238 ], [ 571826.70483000006061, 2844033.19238 ], [ 571826.70483000006061, 2844022.79238 ], [ 571837.404830000014044, 2844022.79238 ] ] ] } },
{ "type": "Feature", "properties": { "xmin": 3709.0, "ymin": 3757.0, "xmax": 3853.0, "ymax": 3901.0, "label": "Tree", "score": 0.40812274813652039, "image_path": "test_clip.tif" }, "geometry": { "type": "Polygon", "coordinates": [ [ [ 571848.95483000006061, 2844155.74237999971956 ], [ 571848.95483000006061, 2844162.94238 ], [ 571841.75483, 2844162.94238 ], [ 571841.75483, 2844155.74237999971956 ], [ 571848.95483000006061, 2844155.74237999971956 ] ] ] } },
{ "type": "Feature", "properties": { "xmin": 630.0, "ymin": 7530.0, "xmax": 777.0, "ymax": 7683.0, "label": "Tree", "score": 0.40772148966789246, "image_path": "test_clip.tif" }, "geometry": { "type": "Polygon", "coordinates": [ [ [ 571695.154830000014044, 2843966.64238 ], [ 571695.154830000014044, 2843974.29238 ], [ 571687.804830000037327, 2843974.29238 ], [ 571687.804830000037327, 2843966.64238 ], [ 571695.154830000014044, 2843966.64238 ] ] ] } },
{ "type": "Feature", "properties": { "xmin": 3508.0, "ymin": 9362.0, "xmax": 3650.0, "ymax": 9476.0, "label": "Tree", "score": 0.40702059864997864, "image_path": "test_clip.tif" }, "geometry": { "type": "Polygon", "coordinates": [ [ [ 571838.804830000037327, 2843876.99237999971956 ], [ 571838.804830000037327, 2843882.69238 ], [ 571831.70483000006061, 2843882.69238 ], [ 571831.70483000006061, 2843876.99237999971956 ], [ 571838.804830000037327, 2843876.99237999971956 ] ] ] } },
{ "type": "Feature", "properties": { "xmin": 2160.0, "ymin": 7653.0, "xmax": 2370.0, "ymax": 7876.0, "label": "Tree", "score": 0.40648350119590759, "image_path": "test_clip.tif" }, "geometry": { "type": "Polygon", "coordinates": [ [ [ 571774.804830000037327, 2843956.99237999971956 ], [ 571774.804830000037327, 2843968.14238 ], [ 571764.304830000037327, 2843968.14238 ], [ 571764.304830000037327, 2843956.99237999971956 ], [ 571774.804830000037327, 2843956.99237999971956 ] ] ] } },
{ "type": "Feature", "properties": { "xmin": 5267.0, "ymin": 5763.0, "xmax": 5411.0, "ymax": 5898.0, "label": "Tree", "score": 0.40645104646682739, "image_path": "test_clip.tif" }, "geometry": { "type": "Polygon", "coordinates": [ [ [ 571926.854829999967478, 2844055.89238 ], [ 571926.854829999967478, 2844062.64238 ], [ 571919.654830000014044, 2844062.64238 ], [ 571919.654830000014044, 2844055.89238 ], [ 571926.854829999967478, 2844055.89238 ] ] ] } },
{ "type": "Feature", "properties": { "xmin": 4708.0, "ymin": 327.0, "xmax": 4941.0, "ymax": 544.0, "label": "Tree", "score": 0.4064348042011261, "image_path": "test_clip.tif" }, "geometry": { "type": "Polygon", "coordinates": [ [ [ 571903.354829999967478, 2844323.592379999812692 ], [ 571903.354829999967478, 2844334.44238 ], [ 571891.70483000006061, 2844334.44238 ], [ 571891.70483000006061, 2844323.592379999812692 ], [ 571903.354829999967478, 2844323.592379999812692 ] ] ] } },
{ "type": "Feature", "properties": { "xmin": 5494.0, "ymin": 5915.0, "xmax": 5767.0, "ymax": 6298.0, "label": "Tree", "score": 0.40599825978279114, "image_path": "test_clip.tif" }, "geometry": { "type": "Polygon", "coordinates": [ [ [ 571944.654830000014044, 2844035.89238 ], [ 571944.654830000014044, 2844055.04238 ], [ 571931.00483, 2844055.04238 ], [ 571931.00483, 2844035.89238 ], [ 571944.654830000014044, 2844035.89238 ] ] ] } },
{ "type": "Feature", "properties": { "xmin": 460.0, "ymin": 13842.0, "xmax": 762.0, "ymax": 14158.0, "label": "Tree", "score": 0.40585535764694214, "image_path": "test_clip.tif" }, "geometry": { "type": "Polygon", "coordinates": [ [ [ 571694.404830000014044, 2843642.89238 ], [ 571694.404830000014044, 2843658.69238 ], [ 571679.304830000037327, 2843658.69238 ], [ 571679.304830000037327, 2843642.89238 ], [ 571694.404830000014044, 2843642.89238 ] ] ] } },
{ "type": "Feature", "properties": { "xmin": 1950.0, "ymin": 8184.0, "xmax": 2085.0, "ymax": 8315.0, "label": "Tree", "score": 0.40569540858268738, "image_path": "test_clip.tif" }, "geometry": { "type": "Polygon", "coordinates": [ [ [ 571760.554830000037327, 2843935.04238 ], [ 571760.554830000037327, 2843941.592379999812692 ], [ 571753.804830000037327, 2843941.592379999812692 ], [ 571753.804830000037327, 2843935.04238 ], [ 571760.554830000037327, 2843935.04238 ] ] ] } },
{ "type": "Feature", "properties": { "xmin": 186.0, "ymin": 3602.0, "xmax": 334.0, "ymax": 3734.0, "label": "Tree", "score": 0.40522858500480652, "image_path": "test_clip.tif" }, "geometry": { "type": "Polygon", "coordinates": [ [ [ 571673.00483, 2844164.092379999812692 ], [ 571673.00483, 2844170.69238 ], [ 571665.604829999967478, 2844170.69238 ], [ 571665.604829999967478, 2844164.092379999812692 ], [ 571673.00483, 2844164.092379999812692 ] ] ] } },
{ "type": "Feature", "properties": { "xmin": 10138.0, "ymin": 751.0, "xmax": 10462.0, "ymax": 1047.0, "label": "Tree", "score": 0.40513497591018677, "image_path": "test_clip.tif" }, "geometry": { "type": "Polygon", "coordinates": [ [ [ 572179.404830000014044, 2844298.44238 ], [ 572179.404830000014044, 2844313.24237999971956 ], [ 572163.204829999944195, 2844313.24237999971956 ], [ 572163.204829999944195, 2844298.44238 ], [ 572179.404830000014044, 2844298.44238 ] ] ] } },
{ "type": "Feature", "properties": { "xmin": 1202.0, "ymin": 12240.0, "xmax": 1357.0, "ymax": 12349.0, "label": "Tree", "score": 0.4047381579875946, "image_path": "test_clip.tif" }, "geometry": { "type": "Polygon", "coordinates": [ [ [ 571724.154830000014044, 2843733.342379999812692 ], [ 571724.154830000014044, 2843738.79238 ], [ 571716.404830000014044, 2843738.79238 ], [ 571716.404830000014044, 2843733.342379999812692 ], [ 571724.154830000014044, 2843733.342379999812692 ] ] ] } },
{ "type": "Feature", "properties": { "xmin": 1166.0, "ymin": 6725.0, "xmax": 1316.0, "ymax": 6881.0, "label": "Tree", "score": 0.40459206700325012, "image_path": "test_clip.tif" }, "geometry": { "type": "Polygon", "coordinates": [ [ [ 571722.104829999967478, 2844006.74237999971956 ], [ 571722.104829999967478, 2844014.54238 ], [ 571714.604829999967478, 2844014.54238 ], [ 571714.604829999967478, 2844006.74237999971956 ], [ 571722.104829999967478, 2844006.74237999971956 ] ] ] } },
{ "type": "Feature", "properties": { "xmin": 3453.0, "ymin": 7462.0, "xmax": 3679.0, "ymax": 7712.0, "label": "Tree", "score": 0.40303447842597961, "image_path": "test_clip.tif" }, "geometry": { "type": "Polygon", "coordinates": [ [ [ 571840.25483, 2843965.19238 ], [ 571840.25483, 2843977.69238 ], [ 571828.95483000006061, 2843977.69238 ], [ 571828.95483000006061, 2843965.19238 ], [ 571840.25483, 2843965.19238 ] ] ] } },
{ "type": "Feature", "properties": { "xmin": 3600.0, "ymin": 352.0, "xmax": 3740.0, "ymax": 531.0, "label": "Tree", "score": 0.40277832746505737, "image_path": "test_clip.tif" }, "geometry": { "type": "Polygon", "coordinates": [ [ [ 571843.304830000037327, 2844324.24237999971956 ], [ 571843.304830000037327, 2844333.19238 ], [ 571836.304830000037327, 2844333.19238 ], [ 571836.304830000037327, 2844324.24237999971956 ], [ 571843.304830000037327, 2844324.24237999971956 ] ] ] } },
{ "type": "Feature", "properties": { "xmin": 4428.0, "ymin": 9755.0, "xmax": 4666.0, "ymax": 9976.0, "label": "Tree", "score": 0.40239766240119934, "image_path": "test_clip.tif" }, "geometry": { "type": "Polygon", "coordinates": [ [ [ 571889.604829999967478, 2843851.99237999971956 ], [ 571889.604829999967478, 2843863.04238 ], [ 571877.70483000006061, 2843863.04238 ], [ 571877.70483000006061, 2843851.99237999971956 ], [ 571889.604829999967478, 2843851.99237999971956 ] ] ] } },
{ "type": "Feature", "properties": { "xmin": 8389.0, "ymin": 10992.0, "xmax": 8532.0, "ymax": 11139.0, "label": "Tree", "score": 0.40221887826919556, "image_path": "test_clip.tif" }, "geometry": { "type": "Polygon", "coordinates": [ [ [ 572082.904830000014044, 2843793.842379999812692 ], [ 572082.904830000014044, 2843801.19238 ], [ 572075.75483, 2843801.19238 ], [ 572075.75483, 2843793.842379999812692 ], [ 572082.904830000014044, 2843793.842379999812692 ] ] ] } },
{ "type": "Feature", "properties": { "xmin": 10643.0, "ymin": 8722.0, "xmax": 10787.0, "ymax": 8863.0, "label": "Tree", "score": 0.40153795480728149, "image_path": "test_clip.tif" }, "geometry": { "type": "Polygon", "coordinates": [ [ [ 572195.654830000014044, 2843907.64238 ], [ 572195.654830000014044, 2843914.69238 ], [ 572188.454829999944195, 2843914.69238 ], [ 572188.454829999944195, 2843907.64238 ], [ 572195.654830000014044, 2843907.64238 ] ] ] } },
{ "type": "Feature", "properties": { "xmin": 3523.0, "ymin": 2778.0, "xmax": 3667.0, "ymax": 2938.0, "label": "Tree", "score": 0.40089148283004761, "image_path": "test_clip.tif" }, "geometry": { "type": "Polygon", "coordinates": [ [ [ 571839.654830000014044, 2844203.89238 ], [ 571839.654830000014044, 2844211.89238 ], [ 571832.45483000006061, 2844211.89238 ], [ 571832.45483000006061, 2844203.89238 ], [ 571839.654830000014044, 2844203.89238 ] ] ] } },
{ "type": "Feature", "properties": { "xmin": 2043.0, "ymin": 2888.0, "xmax": 2188.0, "ymax": 3034.0, "label": "Tree", "score": 0.40003892779350281, "image_path": "test_clip.tif" }, "geometry": { "type": "Polygon", "coordinates": [ [ [ 571765.70483000006061, 2844199.092379999812692 ], [ 571765.70483000006061, 2844206.39238 ], [ 571758.45483000006061, 2844206.39238 ], [ 571758.45483000006061, 2844199.092379999812692 ], [ 571765.70483000006061, 2844199.092379999812692 ] ] ] } },
{ "type": "Feature", "properties": { "xmin": 2226.0, "ymin": 13472.0, "xmax": 2359.0, "ymax": 13602.0, "label": "Tree", "score": 0.39993622899055481, "image_path": "test_clip.tif" }, "geometry": { "type": "Polygon", "coordinates": [ [ [ 571774.25483, 2843670.69238 ], [ 571774.25483, 2843677.19238 ], [ 571767.604829999967478, 2843677.19238 ], [ 571767.604829999967478, 2843670.69238 ], [ 571774.25483, 2843670.69238 ] ] ] } },
{ "type": "Feature", "properties": { "xmin": 1918.0, "ymin": 3604.0, "xmax": 2053.0, "ymax": 3724.0, "label": "Tree", "score": 0.39983916282653809, "image_path": "test_clip.tif" }, "geometry": { "type": "Polygon", "coordinates": [ [ [ 571758.95483000006061, 2844164.592379999812692 ], [ 571758.95483000006061, 2844170.592379999812692 ], [ 571752.20483000006061, 2844170.592379999812692 ], [ 571752.20483000006061, 2844164.592379999812692 ], [ 571758.95483000006061, 2844164.592379999812692 ] ] ] } },
{ "type": "Feature", "properties": { "xmin": 854.0, "ymin": 1020.0, "xmax": 1061.0, "ymax": 1236.0, "label": "Tree", "score": 0.39960762858390808, "image_path": "test_clip.tif" }, "geometry": { "type": "Polygon", "coordinates": [ [ [ 571709.354829999967478, 2844288.99237999971956 ], [ 571709.354829999967478, 2844299.79238 ], [ 571699.00483, 2844299.79238 ], [ 571699.00483, 2844288.99237999971956 ], [ 571709.354829999967478, 2844288.99237999971956 ] ] ] } },
{ "type": "Feature", "properties": { "xmin": 5356.0, "ymin": 8429.0, "xmax": 5495.0, "ymax": 8574.0, "label": "Tree", "score": 0.39951023459434509, "image_path": "test_clip.tif" }, "geometry": { "type": "Polygon", "coordinates": [ [ [ 571931.054830000037327, 2843922.092379999812692 ], [ 571931.054830000037327, 2843929.342379999812692 ], [ 571924.104829999967478, 2843929.342379999812692 ], [ 571924.104829999967478, 2843922.092379999812692 ], [ 571931.054830000037327, 2843922.092379999812692 ] ] ] } },
{ "type": "Feature", "properties": { "xmin": 2710.0, "ymin": 7782.0, "xmax": 2957.0, "ymax": 8000.0, "label": "Tree", "score": 0.3993583619594574, "image_path": "test_clip.tif" }, "geometry": { "type": "Polygon", "coordinates": [ [ [ 571804.154830000014044, 2843950.79238 ], [ 571804.154830000014044, 2843961.69238 ], [ 571791.804830000037327, 2843961.69238 ], [ 571791.804830000037327, 2843950.79238 ], [ 571804.154830000014044, 2843950.79238 ] ] ] } },
{ "type": "Feature", "properties": { "xmin": 8148.0, "ymin": 8916.0, "xmax": 8370.0, "ymax": 9131.0, "label": "Tree", "score": 0.39920210838317871, "image_path": "test_clip.tif" }, "geometry": { "type": "Polygon", "coordinates": [ [ [ 572074.804830000037327, 2843894.24237999971956 ], [ 572074.804830000037327, 2843904.99237999971956 ], [ 572063.70483000006061, 2843904.99237999971956 ], [ 572063.70483000006061, 2843894.24237999971956 ], [ 572074.804830000037327, 2843894.24237999971956 ] ] ] } },
{ "type": "Feature", "properties": { "xmin": 2963.0, "ymin": 2794.0, "xmax": 3107.0, "ymax": 2933.0, "label": "Tree", "score": 0.39871135354042053, "image_path": "test_clip.tif" }, "geometry": { "type": "Polygon", "coordinates": [ [ [ 571811.654830000014044, 2844204.14238 ], [ 571811.654830000014044, 2844211.092379999812692 ], [ 571804.45483000006061, 2844211.092379999812692 ], [ 571804.45483000006061, 2844204.14238 ], [ 571811.654830000014044, 2844204.14238 ] ] ] } },
{ "type": "Feature", "properties": { "xmin": 2100.0, "ymin": 451.0, "xmax": 2231.0, "ymax": 589.0, "label": "Tree", "score": 0.39853528141975403, "image_path": "test_clip.tif" }, "geometry": { "type": "Polygon", "coordinates": [ [ [ 571767.854829999967478, 2844321.342379999812692 ], [ 571767.854829999967478, 2844328.24237999971956 ], [ 571761.304830000037327, 2844328.24237999971956 ], [ 571761.304830000037327, 2844321.342379999812692 ], [ 571767.854829999967478, 2844321.342379999812692 ] ] ] } },
{ "type": "Feature", "properties": { "xmin": 6973.0, "ymin": 10812.0, "xmax": 7193.0, "ymax": 11011.0, "label": "Tree", "score": 0.39779466390609741, "image_path": "test_clip.tif" }, "geometry": { "type": "Polygon", "coordinates": [ [ [ 572015.95483000006061, 2843800.24237999971956 ], [ 572015.95483000006061, 2843810.19238 ], [ 572004.95483000006061, 2843810.19238 ], [ 572004.95483000006061, 2843800.24237999971956 ], [ 572015.95483000006061, 2843800.24237999971956 ] ] ] } },
{ "type": "Feature", "properties": { "xmin": 432.0, "ymin": 9016.0, "xmax": 571.0, "ymax": 9159.0, "label": "Tree", "score": 0.39767786860466003, "image_path": "test_clip.tif" }, "geometry": { "type": "Polygon", "coordinates": [ [ [ 571684.854829999967478, 2843892.842379999812692 ], [ 571684.854829999967478, 2843899.99237999971956 ], [ 571677.904830000014044, 2843899.99237999971956 ], [ 571677.904830000014044, 2843892.842379999812692 ], [ 571684.854829999967478, 2843892.842379999812692 ] ] ] } },
{ "type": "Feature", "properties": { "xmin": 5378.0, "ymin": 9518.0, "xmax": 5518.0, "ymax": 9656.0, "label": "Tree", "score": 0.39750730991363525, "image_path": "test_clip.tif" }, "geometry": { "type": "Polygon", "coordinates": [ [ [ 571932.20483000006061, 2843867.99237999971956 ], [ 571932.20483000006061, 2843874.89238 ], [ 571925.20483000006061, 2843874.89238 ], [ 571925.20483000006061, 2843867.99237999971956 ], [ 571932.20483000006061, 2843867.99237999971956 ] ] ] } },
{ "type": "Feature", "properties": { "xmin": 862.0, "ymin": 14770.0, "xmax": 1113.0, "ymax": 15018.0, "label": "Tree", "score": 0.3971087634563446, "image_path": "test_clip.tif" }, "geometry": { "type": "Polygon", "coordinates": [ [ [ 571711.95483000006061, 2843599.89238 ], [ 571711.95483000006061, 2843612.29238 ], [ 571699.404830000014044, 2843612.29238 ], [ 571699.404830000014044, 2843599.89238 ], [ 571711.95483000006061, 2843599.89238 ] ] ] } },
{ "type": "Feature", "properties": { "xmin": 4217.0, "ymin": 9280.0, "xmax": 4372.0, "ymax": 9432.0, "label": "Tree", "score": 0.39706823229789734, "image_path": "test_clip.tif" }, "geometry": { "type": "Polygon", "coordinates": [ [ [ 571874.904830000014044, 2843879.19238 ], [ 571874.904830000014044, 2843886.79238 ], [ 571867.154830000014044, 2843886.79238 ], [ 571867.154830000014044, 2843879.19238 ], [ 571874.904830000014044, 2843879.19238 ] ] ] } },
{ "type": "Feature", "properties": { "xmin": 1595.0, "ymin": 7617.0, "xmax": 1743.0, "ymax": 7765.0, "label": "Tree", "score": 0.3966173529624939, "image_path": "test_clip.tif" }, "geometry": { "type": "Polygon", "coordinates": [ [ [ 571743.45483000006061, 2843962.54238 ], [ 571743.45483000006061, 2843969.94238 ], [ 571736.054830000037327, 2843969.94238 ], [ 571736.054830000037327, 2843962.54238 ], [ 571743.45483000006061, 2843962.54238 ] ] ] } },
{ "type": "Feature", "properties": { "xmin": 10475.0, "ymin": 5762.0, "xmax": 10621.0, "ymax": 5893.0, "label": "Tree", "score": 0.3944794237613678, "image_path": "test_clip.tif" }, "geometry": { "type": "Polygon", "coordinates": [ [ [ 572187.354829999967478, 2844056.14238 ], [ 572187.354829999967478, 2844062.69238 ], [ 572180.054830000037327, 2844062.69238 ], [ 572180.054830000037327, 2844056.14238 ], [ 572187.354829999967478, 2844056.14238 ] ] ] } },
{ "type": "Feature", "properties": { "xmin": 866.0, "ymin": 9154.0, "xmax": 1099.0, "ymax": 9374.0, "label": "Tree", "score": 0.394452303647995, "image_path": "test_clip.tif" }, "geometry": { "type": "Polygon", "coordinates": [ [ [ 571711.25483, 2843882.092379999812692 ], [ 571711.25483, 2843893.092379999812692 ], [ 571699.604829999967478, 2843893.092379999812692 ], [ 571699.604829999967478, 2843882.092379999812692 ], [ 571711.25483, 2843882.092379999812692 ] ] ] } },
{ "type": "Feature", "properties": { "xmin": 3716.0, "ymin": 7243.0, "xmax": 4015.0, "ymax": 7579.0, "label": "Tree", "score": 0.39392206072807312, "image_path": "test_clip.tif" }, "geometry": { "type": "Polygon", "coordinates": [ [ [ 571857.054830000037327, 2843971.842379999812692 ], [ 571857.054830000037327, 2843988.64238 ], [ 571842.104829999967478, 2843988.64238 ], [ 571842.104829999967478, 2843971.842379999812692 ], [ 571857.054830000037327, 2843971.842379999812692 ] ] ] } },
{ "type": "Feature", "properties": { "xmin": 10495.0, "ymin": 3163.0, "xmax": 10641.0, "ymax": 3308.0, "label": "Tree", "score": 0.39381727576255798, "image_path": "test_clip.tif" }, "geometry": { "type": "Polygon", "coordinates": [ [ [ 572188.354829999967478, 2844185.39238 ], [ 572188.354829999967478, 2844192.64238 ], [ 572181.054830000037327, 2844192.64238 ], [ 572181.054830000037327, 2844185.39238 ], [ 572188.354829999967478, 2844185.39238 ] ] ] } },
{ "type": "Feature", "properties": { "xmin": 6992.0, "ymin": 8775.0, "xmax": 7280.0, "ymax": 9072.0, "label": "Tree", "score": 0.39319303631782532, "image_path": "test_clip.tif" }, "geometry": { "type": "Polygon", "coordinates": [ [ [ 572020.304830000037327, 2843897.19238 ], [ 572020.304830000037327, 2843912.04238 ], [ 572005.904830000014044, 2843912.04238 ], [ 572005.904830000014044, 2843897.19238 ], [ 572020.304830000037327, 2843897.19238 ] ] ] } },
{ "type": "Feature", "properties": { "xmin": 1502.0, "ymin": 0.0, "xmax": 1638.0, "ymax": 91.0, "label": "Tree", "score": 0.39306634664535522, "image_path": "test_clip.tif" }, "geometry": { "type": "Polygon", "coordinates": [ [ [ 571738.20483000006061, 2844346.24237999971956 ], [ 571738.20483000006061, 2844350.79238 ], [ 571731.404830000014044, 2844350.79238 ], [ 571731.404830000014044, 2844346.24237999971956 ], [ 571738.20483000006061, 2844346.24237999971956 ] ] ] } },
{ "type": "Feature", "properties": { "xmin": 4326.0, "ymin": 2918.0, "xmax": 4626.0, "ymax": 3241.0, "label": "Tree", "score": 0.39268141984939575, "image_path": "test_clip.tif" }, "geometry": { "type": "Polygon", "coordinates": [ [ [ 571887.604829999967478, 2844188.74237999971956 ], [ 571887.604829999967478, 2844204.89238 ], [ 571872.604829999967478, 2844204.89238 ], [ 571872.604829999967478, 2844188.74237999971956 ], [ 571887.604829999967478, 2844188.74237999971956 ] ] ] } },
{ "type": "Feature", "properties": { "xmin": 628.0, "ymin": 520.0, "xmax": 780.0, "ymax": 680.0, "label": "Tree", "score": 0.39265918731689453, "image_path": "test_clip.tif" }, "geometry": { "type": "Polygon", "coordinates": [ [ [ 571695.304830000037327, 2844316.79238 ], [ 571695.304830000037327, 2844324.79238 ], [ 571687.70483000006061, 2844324.79238 ], [ 571687.70483000006061, 2844316.79238 ], [ 571695.304830000037327, 2844316.79238 ] ] ] } },
{ "type": "Feature", "properties": { "xmin": 9019.0, "ymin": 4951.0, "xmax": 9132.0, "ymax": 5074.0, "label": "Tree", "score": 0.39207875728607178, "image_path": "test_clip.tif" }, "geometry": { "type": "Polygon", "coordinates": [ [ [ 572112.904830000014044, 2844097.092379999812692 ], [ 572112.904830000014044, 2844103.24237999971956 ], [ 572107.25483, 2844103.24237999971956 ], [ 572107.25483, 2844097.092379999812692 ], [ 572112.904830000014044, 2844097.092379999812692 ] ] ] } },
{ "type": "Feature", "properties": { "xmin": 7850.0, "ymin": 183.0, "xmax": 7987.0, "ymax": 333.0, "label": "Tree", "score": 0.3920135498046875, "image_path": "test_clip.tif" }, "geometry": { "type": "Polygon", "coordinates": [ [ [ 572055.654830000014044, 2844334.14238 ], [ 572055.654830000014044, 2844341.64238 ], [ 572048.804830000037327, 2844341.64238 ], [ 572048.804830000037327, 2844334.14238 ], [ 572055.654830000014044, 2844334.14238 ] ] ] } },
{ "type": "Feature", "properties": { "xmin": 3906.0, "ymin": 1442.0, "xmax": 4043.0, "ymax": 1558.0, "label": "Tree", "score": 0.39187732338905334, "image_path": "test_clip.tif" }, "geometry": { "type": "Polygon", "coordinates": [ [ [ 571858.45483000006061, 2844272.89238 ], [ 571858.45483000006061, 2844278.69238 ], [ 571851.604829999967478, 2844278.69238 ], [ 571851.604829999967478, 2844272.89238 ], [ 571858.45483000006061, 2844272.89238 ] ] ] } },
{ "type": "Feature", "properties": { "xmin": 4660.0, "ymin": 4880.0, "xmax": 4890.0, "ymax": 5112.0, "label": "Tree", "score": 0.39179643988609314, "image_path": "test_clip.tif" }, "geometry": { "type": "Polygon", "coordinates": [ [ [ 571900.804830000037327, 2844095.19238 ], [ 571900.804830000037327, 2844106.79238 ], [ 571889.304830000037327, 2844106.79238 ], [ 571889.304830000037327, 2844095.19238 ], [ 571900.804830000037327, 2844095.19238 ] ] ] } },
{ "type": "Feature", "properties": { "xmin": 2484.0, "ymin": 9206.0, "xmax": 2606.0, "ymax": 9329.0, "label": "Tree", "score": 0.39091131091117859, "image_path": "test_clip.tif" }, "geometry": { "type": "Polygon", "coordinates": [ [ [ 571786.604829999967478, 2843884.342379999812692 ], [ 571786.604829999967478, 2843890.49237999971956 ], [ 571780.50483, 2843890.49237999971956 ], [ 571780.50483, 2843884.342379999812692 ], [ 571786.604829999967478, 2843884.342379999812692 ] ] ] } },
{ "type": "Feature", "properties": { "xmin": 4957.0, "ymin": 5055.0, "xmax": 5097.0, "ymax": 5198.0, "label": "Tree", "score": 0.39067581295967102, "image_path": "test_clip.tif" }, "geometry": { "type": "Polygon", "coordinates": [ [ [ 571911.154830000014044, 2844090.89238 ], [ 571911.154830000014044, 2844098.04238 ], [ 571904.154830000014044, 2844098.04238 ], [ 571904.154830000014044, 2844090.89238 ], [ 571911.154830000014044, 2844090.89238 ] ] ] } },
{ "type": "Feature", "properties": { "xmin": 387.0, "ymin": 4724.0, "xmax": 531.0, "ymax": 4866.0, "label": "Tree", "score": 0.39065465331077576, "image_path": "test_clip.tif" }, "geometry": { "type": "Polygon", "coordinates": [ [ [ 571682.854829999967478, 2844107.49237999971956 ], [ 571682.854829999967478, 2844114.592379999812692 ], [ 571675.654830000014044, 2844114.592379999812692 ], [ 571675.654830000014044, 2844107.49237999971956 ], [ 571682.854829999967478, 2844107.49237999971956 ] ] ] } },
{ "type": "Feature", "properties": { "xmin": 11282.0, "ymin": 3016.0, "xmax": 11404.0, "ymax": 3137.0, "label": "Tree", "score": 0.39038446545600891, "image_path": "test_clip.tif" }, "geometry": { "type": "Polygon", "coordinates": [ [ [ 572226.50483, 2844193.94238 ], [ 572226.50483, 2844199.99237999971956 ], [ 572220.404830000014044, 2844199.99237999971956 ], [ 572220.404830000014044, 2844193.94238 ], [ 572226.50483, 2844193.94238 ] ] ] } },
{ "type": "Feature", "properties": { "xmin": 8666.0, "ymin": 184.0, "xmax": 8802.0, "ymax": 317.0, "label": "Tree", "score": 0.39009466767311096, "image_path": "test_clip.tif" }, "geometry": { "type": "Polygon", "coordinates": [ [ [ 572096.404830000014044, 2844334.94238 ], [ 572096.404830000014044, 2844341.592379999812692 ], [ 572089.604829999967478, 2844341.592379999812692 ], [ 572089.604829999967478, 2844334.94238 ], [ 572096.404830000014044, 2844334.94238 ] ] ] } },
{ "type": "Feature", "properties": { "xmin": 2684.0, "ymin": 8692.0, "xmax": 2827.0, "ymax": 8832.0, "label": "Tree", "score": 0.38987478613853455, "image_path": "test_clip.tif" }, "geometry": { "type": "Polygon", "coordinates": [ [ [ 571797.654830000014044, 2843909.19238 ], [ 571797.654830000014044, 2843916.19238 ], [ 571790.50483, 2843916.19238 ], [ 571790.50483, 2843909.19238 ], [ 571797.654830000014044, 2843909.19238 ] ] ] } },
{ "type": "Feature", "properties": { "xmin": 439.0, "ymin": 0.0, "xmax": 577.0, "ymax": 116.0, "label": "Tree", "score": 0.38921934366226196, "image_path": "test_clip.tif" }, "geometry": { "type": "Polygon", "coordinates": [ [ [ 571685.154830000014044, 2844344.99237999971956 ], [ 571685.154830000014044, 2844350.79238 ], [ 571678.25483, 2844350.79238 ], [ 571678.25483, 2844344.99237999971956 ], [ 571685.154830000014044, 2844344.99237999971956 ] ] ] } },
{ "type": "Feature", "properties": { "xmin": 10117.0, "ymin": 1.0, "xmax": 10269.0, "ymax": 118.0, "label": "Tree", "score": 0.38890182971954346, "image_path": "test_clip.tif" }, "geometry": { "type": "Polygon", "coordinates": [ [ [ 572169.75483, 2844344.89238 ], [ 572169.75483, 2844350.74237999971956 ], [ 572162.154830000014044, 2844350.74237999971956 ], [ 572162.154830000014044, 2844344.89238 ], [ 572169.75483, 2844344.89238 ] ] ] } },
{ "type": "Feature", "properties": { "xmin": 10939.0, "ymin": 3.0, "xmax": 11087.0, "ymax": 132.0, "label": "Tree", "score": 0.38881754875183105, "image_path": "test_clip.tif" }, "geometry": { "type": "Polygon", "coordinates": [ [ [ 572210.654830000014044, 2844344.19238 ], [ 572210.654830000014044, 2844350.64238 ], [ 572203.25483, 2844350.64238 ], [ 572203.25483, 2844344.19238 ], [ 572210.654830000014044, 2844344.19238 ] ] ] } },
{ "type": "Feature", "properties": { "xmin": 6949.0, "ymin": 476.0, "xmax": 7032.0, "ymax": 563.0, "label": "Tree", "score": 0.38865721225738525, "image_path": "test_clip.tif" }, "geometry": { "type": "Polygon", "coordinates": [ [ [ 572007.904830000014044, 2844322.64238 ], [ 572007.904830000014044, 2844326.99237999971956 ], [ 572003.75483, 2844326.99237999971956 ], [ 572003.75483, 2844322.64238 ], [ 572007.904830000014044, 2844322.64238 ] ] ] } },
{ "type": "Feature", "properties": { "xmin": 1275.0, "ymin": 8856.0, "xmax": 1520.0, "ymax": 9101.0, "label": "Tree", "score": 0.38776355981826782, "image_path": "test_clip.tif" }, "geometry": { "type": "Polygon", "coordinates": [ [ [ 571732.304830000037327, 2843895.74237999971956 ], [ 571732.304830000037327, 2843907.99237999971956 ], [ 571720.054830000037327, 2843907.99237999971956 ], [ 571720.054830000037327, 2843895.74237999971956 ], [ 571732.304830000037327, 2843895.74237999971956 ] ] ] } },
{ "type": "Feature", "properties": { "xmin": 4637.0, "ymin": 3779.0, "xmax": 4851.0, "ymax": 4075.0, "label": "Tree", "score": 0.38675379753112793, "image_path": "test_clip.tif" }, "geometry": { "type": "Polygon", "coordinates": [ [ [ 571898.854829999967478, 2844147.04238 ], [ 571898.854829999967478, 2844161.842379999812692 ], [ 571888.154830000014044, 2844161.842379999812692 ], [ 571888.154830000014044, 2844147.04238 ], [ 571898.854829999967478, 2844147.04238 ] ] ] } },
{ "type": "Feature", "properties": { "xmin": 5051.0, "ymin": 6406.0, "xmax": 5195.0, "ymax": 6550.0, "label": "Tree", "score": 0.38543325662612915, "image_path": "test_clip.tif" }, "geometry": { "type": "Polygon", "coordinates": [ [ [ 571916.054830000037327, 2844023.29238 ], [ 571916.054830000037327, 2844030.49237999971956 ], [ 571908.854829999967478, 2844030.49237999971956 ], [ 571908.854829999967478, 2844023.29238 ], [ 571916.054830000037327, 2844023.29238 ] ] ] } },
{ "type": "Feature", "properties": { "xmin": 4661.0, "ymin": 5362.0, "xmax": 4926.0, "ymax": 5584.0, "label": "Tree", "score": 0.38541123270988464, "image_path": "test_clip.tif" }, "geometry": { "type": "Polygon", "coordinates": [ [ [ 571902.604829999967478, 2844071.592379999812692 ], [ 571902.604829999967478, 2844082.69238 ], [ 571889.354829999967478, 2844082.69238 ], [ 571889.354829999967478, 2844071.592379999812692 ], [ 571902.604829999967478, 2844071.592379999812692 ] ] ] } },
{ "type": "Feature", "properties": { "xmin": 5195.0, "ymin": 11526.0, "xmax": 5333.0, "ymax": 11651.0, "label": "Tree", "score": 0.3852887749671936, "image_path": "test_clip.tif" }, "geometry": { "type": "Polygon", "coordinates": [ [ [ 571922.95483000006061, 2843768.24237999971956 ], [ 571922.95483000006061, 2843774.49237999971956 ], [ 571916.054830000037327, 2843774.49237999971956 ], [ 571916.054830000037327, 2843768.24237999971956 ], [ 571922.95483000006061, 2843768.24237999971956 ] ] ] } },
{ "type": "Feature", "properties": { "xmin": 2932.0, "ymin": 5193.0, "xmax": 3082.0, "ymax": 5348.0, "label": "Tree", "score": 0.3851320743560791, "image_path": "test_clip.tif" }, "geometry": { "type": "Polygon", "coordinates": [ [ [ 571810.404830000014044, 2844083.39238 ], [ 571810.404830000014044, 2844091.14238 ], [ 571802.904830000014044, 2844091.14238 ], [ 571802.904830000014044, 2844083.39238 ], [ 571810.404830000014044, 2844083.39238 ] ] ] } },
{ "type": "Feature", "properties": { "xmin": 1443.0, "ymin": 11149.0, "xmax": 1565.0, "ymax": 11278.0, "label": "Tree", "score": 0.38495957851409912, "image_path": "test_clip.tif" }, "geometry": { "type": "Polygon", "coordinates": [ [ [ 571734.554830000037327, 2843786.89238 ], [ 571734.554830000037327, 2843793.342379999812692 ], [ 571728.45483000006061, 2843793.342379999812692 ], [ 571728.45483000006061, 2843786.89238 ], [ 571734.554830000037327, 2843786.89238 ] ] ] } },
{ "type": "Feature", "properties": { "xmin": 7361.0, "ymin": 9546.0, "xmax": 7509.0, "ymax": 9694.0, "label": "Tree", "score": 0.38444048166275024, "image_path": "test_clip.tif" }, "geometry": { "type": "Polygon", "coordinates": [ [ [ 572031.75483, 2843866.092379999812692 ], [ 572031.75483, 2843873.49237999971956 ], [ 572024.354829999967478, 2843873.49237999971956 ], [ 572024.354829999967478, 2843866.092379999812692 ], [ 572031.75483, 2843866.092379999812692 ] ] ] } },
{ "type": "Feature", "properties": { "xmin": 4326.0, "ymin": 1443.0, "xmax": 4456.0, "ymax": 1564.0, "label": "Tree", "score": 0.38435444235801697, "image_path": "test_clip.tif" }, "geometry": { "type": "Polygon", "coordinates": [ [ [ 571879.104829999967478, 2844272.592379999812692 ], [ 571879.104829999967478, 2844278.64238 ], [ 571872.604829999967478, 2844278.64238 ], [ 571872.604829999967478, 2844272.592379999812692 ], [ 571879.104829999967478, 2844272.592379999812692 ] ] ] } },
{ "type": "Feature", "properties": { "xmin": 5325.0, "ymin": 6588.0, "xmax": 5435.0, "ymax": 6720.0, "label": "Tree", "score": 0.38399311900138855, "image_path": "test_clip.tif" }, "geometry": { "type": "Polygon", "coordinates": [ [ [ 571928.054830000037327, 2844014.79238 ], [ 571928.054830000037327, 2844021.39238 ], [ 571922.554830000037327, 2844021.39238 ], [ 571922.554830000037327, 2844014.79238 ], [ 571928.054830000037327, 2844014.79238 ] ] ] } },
{ "type": "Feature", "properties": { "xmin": 2009.0, "ymin": 9448.0, "xmax": 2155.0, "ymax": 9592.0, "label": "Tree", "score": 0.38385060429573059, "image_path": "test_clip.tif" }, "geometry": { "type": "Polygon", "coordinates": [ [ [ 571764.054830000037327, 2843871.19238 ], [ 571764.054830000037327, 2843878.39238 ], [ 571756.75483, 2843878.39238 ], [ 571756.75483, 2843871.19238 ], [ 571764.054830000037327, 2843871.19238 ] ] ] } },
{ "type": "Feature", "properties": { "xmin": 4954.0, "ymin": 5599.0, "xmax": 5099.0, "ymax": 5756.0, "label": "Tree", "score": 0.38345783948898315, "image_path": "test_clip.tif" }, "geometry": { "type": "Polygon", "coordinates": [ [ [ 571911.25483, 2844062.99237999971956 ], [ 571911.25483, 2844070.842379999812692 ], [ 571904.00483, 2844070.842379999812692 ], [ 571904.00483, 2844062.99237999971956 ], [ 571911.25483, 2844062.99237999971956 ] ] ] } },
{ "type": "Feature", "properties": { "xmin": 10932.0, "ymin": 213.0, "xmax": 11163.0, "ymax": 436.0, "label": "Tree", "score": 0.38261133432388306, "image_path": "test_clip.tif" }, "geometry": { "type": "Polygon", "coordinates": [ [ [ 572214.454829999944195, 2844328.99237999971956 ], [ 572214.454829999944195, 2844340.14238 ], [ 572202.904830000014044, 2844340.14238 ], [ 572202.904830000014044, 2844328.99237999971956 ], [ 572214.454829999944195, 2844328.99237999971956 ] ] ] } },
{ "type": "Feature", "properties": { "xmin": 8137.0, "ymin": 8733.0, "xmax": 8279.0, "ymax": 8873.0, "label": "Tree", "score": 0.38244602084159851, "image_path": "test_clip.tif" }, "geometry": { "type": "Polygon", "coordinates": [ [ [ 572070.25483, 2843907.14238 ], [ 572070.25483, 2843914.14238 ], [ 572063.154830000014044, 2843914.14238 ], [ 572063.154830000014044, 2843907.14238 ], [ 572070.25483, 2843907.14238 ] ] ] } },
{ "type": "Feature", "properties": { "xmin": 5182.0, "ymin": 3606.0, "xmax": 5318.0, "ymax": 3735.0, "label": "Tree", "score": 0.38154065608978271, "image_path": "test_clip.tif" }, "geometry": { "type": "Polygon", "coordinates": [ [ [ 571922.20483000006061, 2844164.04238 ], [ 571922.20483000006061, 2844170.49237999971956 ], [ 571915.404830000014044, 2844170.49237999971956 ], [ 571915.404830000014044, 2844164.04238 ], [ 571922.20483000006061, 2844164.04238 ] ] ] } },
{ "type": "Feature", "properties": { "xmin": 827.0, "ymin": 1526.0, "xmax": 968.0, "ymax": 1670.0, "label": "Tree", "score": 0.38145649433135986, "image_path": "test_clip.tif" }, "geometry": { "type": "Polygon", "coordinates": [ [ [ 571704.70483000006061, 2844267.29238 ], [ 571704.70483000006061, 2844274.49237999971956 ], [ 571697.654830000014044, 2844274.49237999971956 ], [ 571697.654830000014044, 2844267.29238 ], [ 571704.70483000006061, 2844267.29238 ] ] ] } },
{ "type": "Feature", "properties": { "xmin": 7868.0, "ymin": 9972.0, "xmax": 7998.0, "ymax": 10139.0, "label": "Tree", "score": 0.38140401244163513, "image_path": "test_clip.tif" }, "geometry": { "type": "Polygon", "coordinates": [ [ [ 572056.20483000006061, 2843843.842379999812692 ], [ 572056.20483000006061, 2843852.19238 ], [ 572049.70483000006061, 2843852.19238 ], [ 572049.70483000006061, 2843843.842379999812692 ], [ 572056.20483000006061, 2843843.842379999812692 ] ] ] } },
{ "type": "Feature", "properties": { "xmin": 5318.0, "ymin": 7591.0, "xmax": 5525.0, "ymax": 7815.0, "label": "Tree", "score": 0.38104858994483948, "image_path": "test_clip.tif" }, "geometry": { "type": "Polygon", "coordinates": [ [ [ 571932.554830000037327, 2843960.04238 ], [ 571932.554830000037327, 2843971.24237999971956 ], [ 571922.20483000006061, 2843971.24237999971956 ], [ 571922.20483000006061, 2843960.04238 ], [ 571932.554830000037327, 2843960.04238 ] ] ] } },
{ "type": "Feature", "properties": { "xmin": 9742.0, "ymin": 1799.0, "xmax": 9978.0, "ymax": 2025.0, "label": "Tree", "score": 0.38061916828155518, "image_path": "test_clip.tif" }, "geometry": { "type": "Polygon", "coordinates": [ [ [ 572155.204829999944195, 2844249.54238 ], [ 572155.204829999944195, 2844260.842379999812692 ], [ 572143.404830000014044, 2844260.842379999812692 ], [ 572143.404830000014044, 2844249.54238 ], [ 572155.204829999944195, 2844249.54238 ] ] ] } },
{ "type": "Feature", "properties": { "xmin": 10098.0, "ymin": 9266.0, "xmax": 10242.0, "ymax": 9410.0, "label": "Tree", "score": 0.38040876388549805, "image_path": "test_clip.tif" }, "geometry": { "type": "Polygon", "coordinates": [ [ [ 572168.404830000014044, 2843880.29238 ], [ 572168.404830000014044, 2843887.49237999971956 ], [ 572161.204829999944195, 2843887.49237999971956 ], [ 572161.204829999944195, 2843880.29238 ], [ 572168.404830000014044, 2843880.29238 ] ] ] } },
{ "type": "Feature", "properties": { "xmin": 2723.0, "ymin": 7332.0, "xmax": 2854.0, "ymax": 7459.0, "label": "Tree", "score": 0.38013860583305359, "image_path": "test_clip.tif" }, "geometry": { "type": "Polygon", "coordinates": [ [ [ 571799.00483, 2843977.842379999812692 ], [ 571799.00483, 2843984.19238 ], [ 571792.45483000006061, 2843984.19238 ], [ 571792.45483000006061, 2843977.842379999812692 ], [ 571799.00483, 2843977.842379999812692 ] ] ] } },
{ "type": "Feature", "properties": { "xmin": 4725.0, "ymin": 5119.0, "xmax": 4876.0, "ymax": 5266.0, "label": "Tree", "score": 0.38013574481010437, "image_path": "test_clip.tif" }, "geometry": { "type": "Polygon", "coordinates": [ [ [ 571900.104829999967478, 2844087.49237999971956 ], [ 571900.104829999967478, 2844094.842379999812692 ], [ 571892.554830000037327, 2844094.842379999812692 ], [ 571892.554830000037327, 2844087.49237999971956 ], [ 571900.104829999967478, 2844087.49237999971956 ] ] ] } },
{ "type": "Feature", "properties": { "xmin": 4653.0, "ymin": 4665.0, "xmax": 4881.0, "ymax": 4887.0, "label": "Tree", "score": 0.37901318073272705, "image_path": "test_clip.tif" }, "geometry": { "type": "Polygon", "coordinates": [ [ [ 571900.354829999967478, 2844106.44238 ], [ 571900.354829999967478, 2844117.54238 ], [ 571888.95483000006061, 2844117.54238 ], [ 571888.95483000006061, 2844106.44238 ], [ 571900.354829999967478, 2844106.44238 ] ] ] } },
{ "type": "Feature", "properties": { "xmin": 464.0, "ymin": 10842.0, "xmax": 776.0, "ymax": 11158.0, "label": "Tree", "score": 0.37898445129394531, "image_path": "test_clip.tif" }, "geometry": { "type": "Polygon", "coordinates": [ [ [ 571695.104829999967478, 2843792.89238 ], [ 571695.104829999967478, 2843808.69238 ], [ 571679.50483, 2843808.69238 ], [ 571679.50483, 2843792.89238 ], [ 571695.104829999967478, 2843792.89238 ] ] ] } },
{ "type": "Feature", "properties": { "xmin": 1687.0, "ymin": 7410.0, "xmax": 1834.0, "ymax": 7562.0, "label": "Tree", "score": 0.37833252549171448, "image_path": "test_clip.tif" }, "geometry": { "type": "Polygon", "coordinates": [ [ [ 571748.00483, 2843972.69238 ], [ 571748.00483, 2843980.29238 ], [ 571740.654830000014044, 2843980.29238 ], [ 571740.654830000014044, 2843972.69238 ], [ 571748.00483, 2843972.69238 ] ] ] } },
{ "type": "Feature", "properties": { "xmin": 3397.0, "ymin": 6017.0, "xmax": 3658.0, "ymax": 6274.0, "label": "Tree", "score": 0.37793216109275818, "image_path": "test_clip.tif" }, "geometry": { "type": "Polygon", "coordinates": [ [ [ 571839.20483000006061, 2844037.092379999812692 ], [ 571839.20483000006061, 2844049.94238 ], [ 571826.154830000014044, 2844049.94238 ], [ 571826.154830000014044, 2844037.092379999812692 ], [ 571839.20483000006061, 2844037.092379999812692 ] ] ] } },
{ "type": "Feature", "properties": { "xmin": 10618.0, "ymin": 1.0, "xmax": 10755.0, "ymax": 98.0, "label": "Tree", "score": 0.3776557445526123, "image_path": "test_clip.tif" }, "geometry": { "type": "Polygon", "coordinates": [ [ [ 572194.054830000037327, 2844345.89238 ], [ 572194.054830000037327, 2844350.74237999971956 ], [ 572187.204829999944195, 2844350.74237999971956 ], [ 572187.204829999944195, 2844345.89238 ], [ 572194.054830000037327, 2844345.89238 ] ] ] } },
{ "type": "Feature", "properties": { "xmin": 787.0, "ymin": 11184.0, "xmax": 918.0, "ymax": 11315.0, "label": "Tree", "score": 0.37727278470993042, "image_path": "test_clip.tif" }, "geometry": { "type": "Polygon", "coordinates": [ [ [ 571702.20483000006061, 2843785.04238 ], [ 571702.20483000006061, 2843791.592379999812692 ], [ 571695.654830000014044, 2843791.592379999812692 ], [ 571695.654830000014044, 2843785.04238 ], [ 571702.20483000006061, 2843785.04238 ] ] ] } },
{ "type": "Feature", "properties": { "xmin": 1648.0, "ymin": 6283.0, "xmax": 1876.0, "ymax": 6504.0, "label": "Tree", "score": 0.37654218077659607, "image_path": "test_clip.tif" }, "geometry": { "type": "Polygon", "coordinates": [ [ [ 571750.104829999967478, 2844025.592379999812692 ], [ 571750.104829999967478, 2844036.64238 ], [ 571738.70483000006061, 2844036.64238 ], [ 571738.70483000006061, 2844025.592379999812692 ], [ 571750.104829999967478, 2844025.592379999812692 ] ] ] } },
{ "type": "Feature", "properties": { "xmin": 247.0, "ymin": 8072.0, "xmax": 548.0, "ymax": 8397.0, "label": "Tree", "score": 0.37651041150093079, "image_path": "test_clip.tif" }, "geometry": { "type": "Polygon", "coordinates": [ [ [ 571683.70483000006061, 2843930.94238 ], [ 571683.70483000006061, 2843947.19238 ], [ 571668.654830000014044, 2843947.19238 ], [ 571668.654830000014044, 2843930.94238 ], [ 571683.70483000006061, 2843930.94238 ] ] ] } },
{ "type": "Feature", "properties": { "xmin": 3783.0, "ymin": 6797.0, "xmax": 3932.0, "ymax": 6948.0, "label": "Tree", "score": 0.37644711136817932, "image_path": "test_clip.tif" }, "geometry": { "type": "Polygon", "coordinates": [ [ [ 571852.904830000014044, 2844003.39238 ], [ 571852.904830000014044, 2844010.94238 ], [ 571845.45483000006061, 2844010.94238 ], [ 571845.45483000006061, 2844003.39238 ], [ 571852.904830000014044, 2844003.39238 ] ] ] } },
{ "type": "Feature", "properties": { "xmin": 8478.0, "ymin": 10834.0, "xmax": 8628.0, "ymax": 10979.0, "label": "Tree", "score": 0.37640166282653809, "image_path": "test_clip.tif" }, "geometry": { "type": "Polygon", "coordinates": [ [ [ 572087.704829999944195, 2843801.842379999812692 ], [ 572087.704829999944195, 2843809.092379999812692 ], [ 572080.204829999944195, 2843809.092379999812692 ], [ 572080.204829999944195, 2843801.842379999812692 ], [ 572087.704829999944195, 2843801.842379999812692 ] ] ] } },
{ "type": "Feature", "properties": { "xmin": 5714.0, "ymin": 1519.0, "xmax": 5837.0, "ymax": 1643.0, "label": "Tree", "score": 0.37624844908714294, "image_path": "test_clip.tif" }, "geometry": { "type": "Polygon", "coordinates": [ [ [ 571948.154830000014044, 2844268.64238 ], [ 571948.154830000014044, 2844274.842379999812692 ], [ 571942.00483, 2844274.842379999812692 ], [ 571942.00483, 2844268.64238 ], [ 571948.154830000014044, 2844268.64238 ] ] ] } },
{ "type": "Feature", "properties": { "xmin": 3600.0, "ymin": 7027.0, "xmax": 3749.0, "ymax": 7221.0, "label": "Tree", "score": 0.37623047828674316, "image_path": "test_clip.tif" }, "geometry": { "type": "Polygon", "coordinates": [ [ [ 571843.75483, 2843989.74237999971956 ], [ 571843.75483, 2843999.44238 ], [ 571836.304830000037327, 2843999.44238 ], [ 571836.304830000037327, 2843989.74237999971956 ], [ 571843.75483, 2843989.74237999971956 ] ] ] } },
{ "type": "Feature", "properties": { "xmin": 10677.0, "ymin": 3084.0, "xmax": 10823.0, "ymax": 3237.0, "label": "Tree", "score": 0.37618964910507202, "image_path": "test_clip.tif" }, "geometry": { "type": "Polygon", "coordinates": [ [ [ 572197.454829999944195, 2844188.94238 ], [ 572197.454829999944195, 2844196.592379999812692 ], [ 572190.154830000014044, 2844196.592379999812692 ], [ 572190.154830000014044, 2844188.94238 ], [ 572197.454829999944195, 2844188.94238 ] ] ] } },
{ "type": "Feature", "properties": { "xmin": 1980.0, "ymin": 331.0, "xmax": 2135.0, "ymax": 493.0, "label": "Tree", "score": 0.37573200464248657, "image_path": "test_clip.tif" }, "geometry": { "type": "Polygon", "coordinates": [ [ [ 571763.054830000037327, 2844326.14238 ], [ 571763.054830000037327, 2844334.24237999971956 ], [ 571755.304830000037327, 2844334.24237999971956 ], [ 571755.304830000037327, 2844326.14238 ], [ 571763.054830000037327, 2844326.14238 ] ] ] } },
{ "type": "Feature", "properties": { "xmin": 3411.0, "ymin": 8660.0, "xmax": 3660.0, "ymax": 8902.0, "label": "Tree", "score": 0.37506061792373657, "image_path": "test_clip.tif" }, "geometry": { "type": "Polygon", "coordinates": [ [ [ 571839.304830000037327, 2843905.69238 ], [ 571839.304830000037327, 2843917.79238 ], [ 571826.854829999967478, 2843917.79238 ], [ 571826.854829999967478, 2843905.69238 ], [ 571839.304830000037327, 2843905.69238 ] ] ] } },
{ "type": "Feature", "properties": { "xmin": 10188.0, "ymin": 2899.0, "xmax": 10343.0, "ymax": 3049.0, "label": "Tree", "score": 0.37499374151229858, "image_path": "test_clip.tif" }, "geometry": { "type": "Polygon", "coordinates": [ [ [ 572173.454829999944195, 2844198.342379999812692 ], [ 572173.454829999944195, 2844205.842379999812692 ], [ 572165.704829999944195, 2844205.842379999812692 ], [ 572165.704829999944195, 2844198.342379999812692 ], [ 572173.454829999944195, 2844198.342379999812692 ] ] ] } },
{ "type": "Feature", "properties": { "xmin": 3082.0, "ymin": 6018.0, "xmax": 3325.0, "ymax": 6235.0, "label": "Tree", "score": 0.37499123811721802, "image_path": "test_clip.tif" }, "geometry": { "type": "Polygon", "coordinates": [ [ [ 571822.554830000037327, 2844039.04238 ], [ 571822.554830000037327, 2844049.89238 ], [ 571810.404830000014044, 2844049.89238 ], [ 571810.404830000014044, 2844039.04238 ], [ 571822.554830000037327, 2844039.04238 ] ] ] } },
{ "type": "Feature", "properties": { "xmin": 3325.0, "ymin": 4366.0, "xmax": 3475.0, "ymax": 4513.0, "label": "Tree", "score": 0.37473708391189575, "image_path": "test_clip.tif" }, "geometry": { "type": "Polygon", "coordinates": [ [ [ 571830.054830000037327, 2844125.14238 ], [ 571830.054830000037327, 2844132.49237999971956 ], [ 571822.554830000037327, 2844132.49237999971956 ], [ 571822.554830000037327, 2844125.14238 ], [ 571830.054830000037327, 2844125.14238 ] ] ] } },
{ "type": "Feature", "properties": { "xmin": 5134.0, "ymin": 2067.0, "xmax": 5266.0, "ymax": 2206.0, "label": "Tree", "score": 0.37468847632408142, "image_path": "test_clip.tif" }, "geometry": { "type": "Polygon", "coordinates": [ [ [ 571919.604829999967478, 2844240.49237999971956 ], [ 571919.604829999967478, 2844247.44238 ], [ 571913.00483, 2844247.44238 ], [ 571913.00483, 2844240.49237999971956 ], [ 571919.604829999967478, 2844240.49237999971956 ] ] ] } },
{ "type": "Feature", "properties": { "xmin": 10714.0, "ymin": 621.0, "xmax": 10861.0, "ymax": 778.0, "label": "Tree", "score": 0.37442082166671753, "image_path": "test_clip.tif" }, "geometry": { "type": "Polygon", "coordinates": [ [ [ 572199.354829999967478, 2844311.89238 ], [ 572199.354829999967478, 2844319.74237999971956 ], [ 572192.00483, 2844319.74237999971956 ], [ 572192.00483, 2844311.89238 ], [ 572199.354829999967478, 2844311.89238 ] ] ] } },
{ "type": "Feature", "properties": { "xmin": 940.0, "ymin": 12200.0, "xmax": 1074.0, "ymax": 12320.0, "label": "Tree", "score": 0.37425577640533447, "image_path": "test_clip.tif" }, "geometry": { "type": "Polygon", "coordinates": [ [ [ 571710.00483, 2843734.79238 ], [ 571710.00483, 2843740.79238 ], [ 571703.304830000037327, 2843740.79238 ], [ 571703.304830000037327, 2843734.79238 ], [ 571710.00483, 2843734.79238 ] ] ] } },
{ "type": "Feature", "properties": { "xmin": 633.0, "ymin": 1517.0, "xmax": 774.0, "ymax": 1661.0, "label": "Tree", "score": 0.37420904636383057, "image_path": "test_clip.tif" }, "geometry": { "type": "Polygon", "coordinates": [ [ [ 571695.00483, 2844267.74237999971956 ], [ 571695.00483, 2844274.94238 ], [ 571687.95483000006061, 2844274.94238 ], [ 571687.95483000006061, 2844267.74237999971956 ], [ 571695.00483, 2844267.74237999971956 ] ] ] } },
{ "type": "Feature", "properties": { "xmin": 3066.0, "ymin": 9013.0, "xmax": 3210.0, "ymax": 9157.0, "label": "Tree", "score": 0.37403476238250732, "image_path": "test_clip.tif" }, "geometry": { "type": "Polygon", "coordinates": [ [ [ 571816.804830000037327, 2843892.94238 ], [ 571816.804830000037327, 2843900.14238 ], [ 571809.604829999967478, 2843900.14238 ], [ 571809.604829999967478, 2843892.94238 ], [ 571816.804830000037327, 2843892.94238 ] ] ] } },
{ "type": "Feature", "properties": { "xmin": 1694.0, "ymin": 0.0, "xmax": 1837.0, "ymax": 115.0, "label": "Tree", "score": 0.37391549348831177, "image_path": "test_clip.tif" }, "geometry": { "type": "Polygon", "coordinates": [ [ [ 571748.154830000014044, 2844345.04238 ], [ 571748.154830000014044, 2844350.79238 ], [ 571741.00483, 2844350.79238 ], [ 571741.00483, 2844345.04238 ], [ 571748.154830000014044, 2844345.04238 ] ] ] } },
{ "type": "Feature", "properties": { "xmin": 248.0, "ymin": 6483.0, "xmax": 391.0, "ymax": 6606.0, "label": "Tree", "score": 0.37373921275138855, "image_path": "test_clip.tif" }, "geometry": { "type": "Polygon", "coordinates": [ [ [ 571675.854829999967478, 2844020.49237999971956 ], [ 571675.854829999967478, 2844026.64238 ], [ 571668.70483000006061, 2844026.64238 ], [ 571668.70483000006061, 2844020.49237999971956 ], [ 571675.854829999967478, 2844020.49237999971956 ] ] ] } },
{ "type": "Feature", "properties": { "xmin": 5168.0, "ymin": 3009.0, "xmax": 5301.0, "ymax": 3140.0, "label": "Tree", "score": 0.37361598014831543, "image_path": "test_clip.tif" }, "geometry": { "type": "Polygon", "coordinates": [ [ [ 571921.354829999967478, 2844193.79238 ], [ 571921.354829999967478, 2844200.342379999812692 ], [ 571914.70483000006061, 2844200.342379999812692 ], [ 571914.70483000006061, 2844193.79238 ], [ 571921.354829999967478, 2844193.79238 ] ] ] } },
{ "type": "Feature", "properties": { "xmin": 6431.0, "ymin": 9240.0, "xmax": 6558.0, "ymax": 9393.0, "label": "Tree", "score": 0.3734796941280365, "image_path": "test_clip.tif" }, "geometry": { "type": "Polygon", "coordinates": [ [ [ 571984.20483000006061, 2843881.14238 ], [ 571984.20483000006061, 2843888.79238 ], [ 571977.854829999967478, 2843888.79238 ], [ 571977.854829999967478, 2843881.14238 ], [ 571984.20483000006061, 2843881.14238 ] ] ] } },
{ "type": "Feature", "properties": { "xmin": 1318.0, "ymin": 2883.0, "xmax": 1462.0, "ymax": 3014.0, "label": "Tree", "score": 0.37333917617797852, "image_path": "test_clip.tif" }, "geometry": { "type": "Polygon", "coordinates": [ [ [ 571729.404830000014044, 2844200.092379999812692 ], [ 571729.404830000014044, 2844206.64238 ], [ 571722.20483000006061, 2844206.64238 ], [ 571722.20483000006061, 2844200.092379999812692 ], [ 571729.404830000014044, 2844200.092379999812692 ] ] ] } },
{ "type": "Feature", "properties": { "xmin": 3811.0, "ymin": 12688.0, "xmax": 3954.0, "ymax": 12829.0, "label": "Tree", "score": 0.37210416793823242, "image_path": "test_clip.tif" }, "geometry": { "type": "Polygon", "coordinates": [ [ [ 571854.00483, 2843709.342379999812692 ], [ 571854.00483, 2843716.39238 ], [ 571846.854829999967478, 2843716.39238 ], [ 571846.854829999967478, 2843709.342379999812692 ], [ 571854.00483, 2843709.342379999812692 ] ] ] } },
{ "type": "Feature", "properties": { "xmin": 2598.0, "ymin": 1348.0, "xmax": 2745.0, "ymax": 1492.0, "label": "Tree", "score": 0.37194487452507019, "image_path": "test_clip.tif" }, "geometry": { "type": "Polygon", "coordinates": [ [ [ 571793.554830000037327, 2844276.19238 ], [ 571793.554830000037327, 2844283.39238 ], [ 571786.20483000006061, 2844283.39238 ], [ 571786.20483000006061, 2844276.19238 ], [ 571793.554830000037327, 2844276.19238 ] ] ] } },
{ "type": "Feature", "properties": { "xmin": 3366.0, "ymin": 6978.0, "xmax": 3668.0, "ymax": 7263.0, "label": "Tree", "score": 0.3718833327293396, "image_path": "test_clip.tif" }, "geometry": { "type": "Polygon", "coordinates": [ [ [ 571839.70483000006061, 2843987.64238 ], [ 571839.70483000006061, 2844001.89238 ], [ 571824.604829999967478, 2844001.89238 ], [ 571824.604829999967478, 2843987.64238 ], [ 571839.70483000006061, 2843987.64238 ] ] ] } },
{ "type": "Feature", "properties": { "xmin": 11356.0, "ymin": 2369.0, "xmax": 11480.0, "ymax": 2499.0, "label": "Tree", "score": 0.37185999751091003, "image_path": "test_clip.tif" }, "geometry": { "type": "Polygon", "coordinates": [ [ [ 572230.304830000037327, 2844225.842379999812692 ], [ 572230.304830000037327, 2844232.342379999812692 ], [ 572224.104829999967478, 2844232.342379999812692 ], [ 572224.104829999967478, 2844225.842379999812692 ], [ 572230.304830000037327, 2844225.842379999812692 ] ] ] } },
{ "type": "Feature", "properties": { "xmin": 9671.0, "ymin": 341.0, "xmax": 9904.0, "ymax": 566.0, "label": "Tree", "score": 0.37176781892776489, "image_path": "test_clip.tif" }, "geometry": { "type": "Polygon", "coordinates": [ [ [ 572151.50483, 2844322.49237999971956 ], [ 572151.50483, 2844333.74237999971956 ], [ 572139.854829999967478, 2844333.74237999971956 ], [ 572139.854829999967478, 2844322.49237999971956 ], [ 572151.50483, 2844322.49237999971956 ] ] ] } },
{ "type": "Feature", "properties": { "xmin": 1595.0, "ymin": 11339.0, "xmax": 1735.0, "ymax": 11481.0, "label": "Tree", "score": 0.37102288007736206, "image_path": "test_clip.tif" }, "geometry": { "type": "Polygon", "coordinates": [ [ [ 571743.054830000037327, 2843776.74237999971956 ], [ 571743.054830000037327, 2843783.842379999812692 ], [ 571736.054830000037327, 2843783.842379999812692 ], [ 571736.054830000037327, 2843776.74237999971956 ], [ 571743.054830000037327, 2843776.74237999971956 ] ] ] } },
{ "type": "Feature", "properties": { "xmin": 750.0, "ymin": 12900.0, "xmax": 906.0, "ymax": 13038.0, "label": "Tree", "score": 0.37078770995140076, "image_path": "test_clip.tif" }, "geometry": { "type": "Polygon", "coordinates": [ [ [ 571701.604829999967478, 2843698.89238 ], [ 571701.604829999967478, 2843705.79238 ], [ 571693.804830000037327, 2843705.79238 ], [ 571693.804830000037327, 2843698.89238 ], [ 571701.604829999967478, 2843698.89238 ] ] ] } },
{ "type": "Feature", "properties": { "xmin": 3159.0, "ymin": 10920.0, "xmax": 3297.0, "ymax": 11058.0, "label": "Tree", "score": 0.37074846029281616, "image_path": "test_clip.tif" }, "geometry": { "type": "Polygon", "coordinates": [ [ [ 571821.154830000014044, 2843797.89238 ], [ 571821.154830000014044, 2843804.79238 ], [ 571814.25483, 2843804.79238 ], [ 571814.25483, 2843797.89238 ], [ 571821.154830000014044, 2843797.89238 ] ] ] } },
{ "type": "Feature", "properties": { "xmin": 10829.0, "ymin": 3026.0, "xmax": 10980.0, "ymax": 3183.0, "label": "Tree", "score": 0.37030783295631409, "image_path": "test_clip.tif" }, "geometry": { "type": "Polygon", "coordinates": [ [ [ 572205.304830000037327, 2844191.64238 ], [ 572205.304830000037327, 2844199.49237999971956 ], [ 572197.75483, 2844199.49237999971956 ], [ 572197.75483, 2844191.64238 ], [ 572205.304830000037327, 2844191.64238 ] ] ] } },
{ "type": "Feature", "properties": { "xmin": 1770.0, "ymin": 7840.0, "xmax": 1929.0, "ymax": 7987.0, "label": "Tree", "score": 0.37010678648948669, "image_path": "test_clip.tif" }, "geometry": { "type": "Polygon", "coordinates": [ [ [ 571752.75483, 2843951.44238 ], [ 571752.75483, 2843958.79238 ], [ 571744.804830000037327, 2843958.79238 ], [ 571744.804830000037327, 2843951.44238 ], [ 571752.75483, 2843951.44238 ] ] ] } },
{ "type": "Feature", "properties": { "xmin": 3322.0, "ymin": 4572.0, "xmax": 3464.0, "ymax": 4714.0, "label": "Tree", "score": 0.37002095580101013, "image_path": "test_clip.tif" }, "geometry": { "type": "Polygon", "coordinates": [ [ [ 571829.50483, 2844115.092379999812692 ], [ 571829.50483, 2844122.19238 ], [ 571822.404830000014044, 2844122.19238 ], [ 571822.404830000014044, 2844115.092379999812692 ], [ 571829.50483, 2844115.092379999812692 ] ] ] } },
{ "type": "Feature", "properties": { "xmin": 3835.0, "ymin": 0.0, "xmax": 3967.0, "ymax": 82.0, "label": "Tree", "score": 0.36990103125572205, "image_path": "test_clip.tif" }, "geometry": { "type": "Polygon", "coordinates": [ [ [ 571854.654830000014044, 2844346.69238 ], [ 571854.654830000014044, 2844350.79238 ], [ 571848.054830000037327, 2844350.79238 ], [ 571848.054830000037327, 2844346.69238 ], [ 571854.654830000014044, 2844346.69238 ] ] ] } },
{ "type": "Feature", "properties": { "xmin": 5683.0, "ymin": 9179.0, "xmax": 5819.0, "ymax": 9311.0, "label": "Tree", "score": 0.36966460943222046, "image_path": "test_clip.tif" }, "geometry": { "type": "Polygon", "coordinates": [ [ [ 571947.25483, 2843885.24237999971956 ], [ 571947.25483, 2843891.842379999812692 ], [ 571940.45483000006061, 2843891.842379999812692 ], [ 571940.45483000006061, 2843885.24237999971956 ], [ 571947.25483, 2843885.24237999971956 ] ] ] } },
{ "type": "Feature", "properties": { "xmin": 1551.0, "ymin": 4650.0, "xmax": 1699.0, "ymax": 4803.0, "label": "Tree", "score": 0.36906793713569641, "image_path": "test_clip.tif" }, "geometry": { "type": "Polygon", "coordinates": [ [ [ 571741.25483, 2844110.64238 ], [ 571741.25483, 2844118.29238 ], [ 571733.854829999967478, 2844118.29238 ], [ 571733.854829999967478, 2844110.64238 ], [ 571741.25483, 2844110.64238 ] ] ] } },
{ "type": "Feature", "properties": { "xmin": 1463.0, "ymin": 8852.0, "xmax": 1608.0, "ymax": 9000.0, "label": "Tree", "score": 0.368904709815979, "image_path": "test_clip.tif" }, "geometry": { "type": "Polygon", "coordinates": [ [ [ 571736.70483000006061, 2843900.79238 ], [ 571736.70483000006061, 2843908.19238 ], [ 571729.45483000006061, 2843908.19238 ], [ 571729.45483000006061, 2843900.79238 ], [ 571736.70483000006061, 2843900.79238 ] ] ] } },
{ "type": "Feature", "properties": { "xmin": 39.0, "ymin": 166.0, "xmax": 261.0, "ymax": 388.0, "label": "Tree", "score": 0.36879122257232666, "image_path": "test_clip.tif" }, "geometry": { "type": "Polygon", "coordinates": [ [ [ 571669.354829999967478, 2844331.39238 ], [ 571669.354829999967478, 2844342.49237999971956 ], [ 571658.25483, 2844342.49237999971956 ], [ 571658.25483, 2844331.39238 ], [ 571669.354829999967478, 2844331.39238 ] ] ] } },
{ "type": "Feature", "properties": { "xmin": 5069.0, "ymin": 11618.0, "xmax": 5209.0, "ymax": 11754.0, "label": "Tree", "score": 0.36871218681335449, "image_path": "test_clip.tif" }, "geometry": { "type": "Polygon", "coordinates": [ [ [ 571916.75483, 2843763.092379999812692 ], [ 571916.75483, 2843769.89238 ], [ 571909.75483, 2843769.89238 ], [ 571909.75483, 2843763.092379999812692 ], [ 571916.75483, 2843763.092379999812692 ] ] ] } },
{ "type": "Feature", "properties": { "xmin": 11034.0, "ymin": 722.0, "xmax": 11180.0, "ymax": 849.0, "label": "Tree", "score": 0.36822608113288879, "image_path": "test_clip.tif" }, "geometry": { "type": "Polygon", "coordinates": [ [ [ 572215.304830000037327, 2844308.342379999812692 ], [ 572215.304830000037327, 2844314.69238 ], [ 572208.00483, 2844314.69238 ], [ 572208.00483, 2844308.342379999812692 ], [ 572215.304830000037327, 2844308.342379999812692 ] ] ] } },
{ "type": "Feature", "properties": { "xmin": 3683.0, "ymin": 3446.0, "xmax": 3833.0, "ymax": 3599.0, "label": "Tree", "score": 0.36812373995780945, "image_path": "test_clip.tif" }, "geometry": { "type": "Polygon", "coordinates": [ [ [ 571847.95483000006061, 2844170.842379999812692 ], [ 571847.95483000006061, 2844178.49237999971956 ], [ 571840.45483000006061, 2844178.49237999971956 ], [ 571840.45483000006061, 2844170.842379999812692 ], [ 571847.95483000006061, 2844170.842379999812692 ] ] ] } },
{ "type": "Feature", "properties": { "xmin": 5511.0, "ymin": 5763.0, "xmax": 5652.0, "ymax": 5888.0, "label": "Tree", "score": 0.36792296171188354, "image_path": "test_clip.tif" }, "geometry": { "type": "Polygon", "coordinates": [ [ [ 571938.904830000014044, 2844056.39238 ], [ 571938.904830000014044, 2844062.64238 ], [ 571931.854829999967478, 2844062.64238 ], [ 571931.854829999967478, 2844056.39238 ], [ 571938.904830000014044, 2844056.39238 ] ] ] } },
{ "type": "Feature", "properties": { "xmin": 1440.0, "ymin": 7685.0, "xmax": 1569.0, "ymax": 7847.0, "label": "Tree", "score": 0.36787483096122742, "image_path": "test_clip.tif" }, "geometry": { "type": "Polygon", "coordinates": [ [ [ 571734.75483, 2843958.44238 ], [ 571734.75483, 2843966.54238 ], [ 571728.304830000037327, 2843966.54238 ], [ 571728.304830000037327, 2843958.44238 ], [ 571734.75483, 2843958.44238 ] ] ] } },
{ "type": "Feature", "properties": { "xmin": 0.0, "ymin": 10460.0, "xmax": 142.0, "ymax": 10616.0, "label": "Tree", "score": 0.36783397197723389, "image_path": "test_clip.tif" }, "geometry": { "type": "Polygon", "coordinates": [ [ [ 571663.404830000014044, 2843819.99237999971956 ], [ 571663.404830000014044, 2843827.79238 ], [ 571656.304830000037327, 2843827.79238 ], [ 571656.304830000037327, 2843819.99237999971956 ], [ 571663.404830000014044, 2843819.99237999971956 ] ] ] } },
{ "type": "Feature", "properties": { "xmin": 7215.0, "ymin": 9728.0, "xmax": 7359.0, "ymax": 9878.0, "label": "Tree", "score": 0.36775863170623779, "image_path": "test_clip.tif" }, "geometry": { "type": "Polygon", "coordinates": [ [ [ 572024.25483, 2843856.89238 ], [ 572024.25483, 2843864.39238 ], [ 572017.054830000037327, 2843864.39238 ], [ 572017.054830000037327, 2843856.89238 ], [ 572024.25483, 2843856.89238 ] ] ] } },
{ "type": "Feature", "properties": { "xmin": 2160.0, "ymin": 11273.0, "xmax": 2302.0, "ymax": 11426.0, "label": "Tree", "score": 0.36770749092102051, "image_path": "test_clip.tif" }, "geometry": { "type": "Polygon", "coordinates": [ [ [ 571771.404830000014044, 2843779.49237999971956 ], [ 571771.404830000014044, 2843787.14238 ], [ 571764.304830000037327, 2843787.14238 ], [ 571764.304830000037327, 2843779.49237999971956 ], [ 571771.404830000014044, 2843779.49237999971956 ] ] ] } },
{ "type": "Feature", "properties": { "xmin": 3600.0, "ymin": 112.0, "xmax": 3726.0, "ymax": 264.0, "label": "Tree", "score": 0.36735782027244568, "image_path": "test_clip.tif" }, "geometry": { "type": "Polygon", "coordinates": [ [ [ 571842.604829999967478, 2844337.592379999812692 ], [ 571842.604829999967478, 2844345.19238 ], [ 571836.304830000037327, 2844345.19238 ], [ 571836.304830000037327, 2844337.592379999812692 ], [ 571842.604829999967478, 2844337.592379999812692 ] ] ] } },
{ "type": "Feature", "properties": { "xmin": 3602.0, "ymin": 7203.0, "xmax": 3731.0, "ymax": 7316.0, "label": "Tree", "score": 0.36715978384017944, "image_path": "test_clip.tif" }, "geometry": { "type": "Polygon", "coordinates": [ [ [ 571842.854829999967478, 2843984.99237999971956 ], [ 571842.854829999967478, 2843990.64238 ], [ 571836.404830000014044, 2843990.64238 ], [ 571836.404830000014044, 2843984.99237999971956 ], [ 571842.854829999967478, 2843984.99237999971956 ] ] ] } },
{ "type": "Feature", "properties": { "xmin": 404.0, "ymin": 1531.0, "xmax": 537.0, "ymax": 1667.0, "label": "Tree", "score": 0.36713936924934387, "image_path": "test_clip.tif" }, "geometry": { "type": "Polygon", "coordinates": [ [ [ 571683.154830000014044, 2844267.44238 ], [ 571683.154830000014044, 2844274.24237999971956 ], [ 571676.50483, 2844274.24237999971956 ], [ 571676.50483, 2844267.44238 ], [ 571683.154830000014044, 2844267.44238 ] ] ] } },
{ "type": "Feature", "properties": { "xmin": 4337.0, "ymin": 9368.0, "xmax": 4604.0, "ymax": 9602.0, "label": "Tree", "score": 0.36713606119155884, "image_path": "test_clip.tif" }, "geometry": { "type": "Polygon", "coordinates": [ [ [ 571886.50483, 2843870.69238 ], [ 571886.50483, 2843882.39238 ], [ 571873.154830000014044, 2843882.39238 ], [ 571873.154830000014044, 2843870.69238 ], [ 571886.50483, 2843870.69238 ] ] ] } },
{ "type": "Feature", "properties": { "xmin": 7872.0, "ymin": 8328.0, "xmax": 7997.0, "ymax": 8466.0, "label": "Tree", "score": 0.36672568321228027, "image_path": "test_clip.tif" }, "geometry": { "type": "Polygon", "coordinates": [ [ [ 572056.154830000014044, 2843927.49237999971956 ], [ 572056.154830000014044, 2843934.39238 ], [ 572049.904830000014044, 2843934.39238 ], [ 572049.904830000014044, 2843927.49237999971956 ], [ 572056.154830000014044, 2843927.49237999971956 ] ] ] } },
{ "type": "Feature", "properties": { "xmin": 9964.0, "ymin": 7118.0, "xmax": 10105.0, "ymax": 7256.0, "label": "Tree", "score": 0.36635282635688782, "image_path": "test_clip.tif" }, "geometry": { "type": "Polygon", "coordinates": [ [ [ 572161.554830000037327, 2843987.99237999971956 ], [ 572161.554830000037327, 2843994.89238 ], [ 572154.50483, 2843994.89238 ], [ 572154.50483, 2843987.99237999971956 ], [ 572161.554830000037327, 2843987.99237999971956 ] ] ] } },
{ "type": "Feature", "properties": { "xmin": 11592.0, "ymin": 2005.0, "xmax": 11737.0, "ymax": 2157.0, "label": "Tree", "score": 0.3658243715763092, "image_path": "test_clip.tif" }, "geometry": { "type": "Polygon", "coordinates": [ [ [ 572243.154830000014044, 2844242.94238 ], [ 572243.154830000014044, 2844250.54238 ], [ 572235.904830000014044, 2844250.54238 ], [ 572235.904830000014044, 2844242.94238 ], [ 572243.154830000014044, 2844242.94238 ] ] ] } },
{ "type": "Feature", "properties": { "xmin": 11253.0, "ymin": 2282.0, "xmax": 11339.0, "ymax": 2367.0, "label": "Tree", "score": 0.36582121253013611, "image_path": "test_clip.tif" }, "geometry": { "type": "Polygon", "coordinates": [ [ [ 572223.25483, 2844232.44238 ], [ 572223.25483, 2844236.69238 ], [ 572218.954829999944195, 2844236.69238 ], [ 572218.954829999944195, 2844232.44238 ], [ 572223.25483, 2844232.44238 ] ] ] } },
{ "type": "Feature", "properties": { "xmin": 814.0, "ymin": 8229.0, "xmax": 955.0, "ymax": 8367.0, "label": "Tree", "score": 0.36560744047164917, "image_path": "test_clip.tif" }, "geometry": { "type": "Polygon", "coordinates": [ [ [ 571704.054830000037327, 2843932.44238 ], [ 571704.054830000037327, 2843939.342379999812692 ], [ 571697.00483, 2843939.342379999812692 ], [ 571697.00483, 2843932.44238 ], [ 571704.054830000037327, 2843932.44238 ] ] ] } },
{ "type": "Feature", "properties": { "xmin": 9600.0, "ymin": 7455.0, "xmax": 9742.0, "ymax": 7596.0, "label": "Tree", "score": 0.36553505063056946, "image_path": "test_clip.tif" }, "geometry": { "type": "Polygon", "coordinates": [ [ [ 572143.404830000014044, 2843970.99237999971956 ], [ 572143.404830000014044, 2843978.04238 ], [ 572136.304830000037327, 2843978.04238 ], [ 572136.304830000037327, 2843970.99237999971956 ], [ 572143.404830000014044, 2843970.99237999971956 ] ] ] } },
{ "type": "Feature", "properties": { "xmin": 10337.0, "ymin": 4320.0, "xmax": 10477.0, "ymax": 4444.0, "label": "Tree", "score": 0.36476469039916992, "image_path": "test_clip.tif" }, "geometry": { "type": "Polygon", "coordinates": [ [ [ 572180.154830000014044, 2844128.592379999812692 ], [ 572180.154830000014044, 2844134.79238 ], [ 572173.154830000014044, 2844134.79238 ], [ 572173.154830000014044, 2844128.592379999812692 ], [ 572180.154830000014044, 2844128.592379999812692 ] ] ] } },
{ "type": "Feature", "properties": { "xmin": 833.0, "ymin": 8932.0, "xmax": 977.0, "ymax": 9076.0, "label": "Tree", "score": 0.36452934145927429, "image_path": "test_clip.tif" }, "geometry": { "type": "Polygon", "coordinates": [ [ [ 571705.154830000014044, 2843896.99237999971956 ], [ 571705.154830000014044, 2843904.19238 ], [ 571697.95483000006061, 2843904.19238 ], [ 571697.95483000006061, 2843896.99237999971956 ], [ 571705.154830000014044, 2843896.99237999971956 ] ] ] } },
{ "type": "Feature", "properties": { "xmin": 3376.0, "ymin": 13805.0, "xmax": 3680.0, "ymax": 14174.0, "label": "Tree", "score": 0.36443233489990234, "image_path": "test_clip.tif" }, "geometry": { "type": "Polygon", "coordinates": [ [ [ 571840.304830000037327, 2843642.092379999812692 ], [ 571840.304830000037327, 2843660.54238 ], [ 571825.104829999967478, 2843660.54238 ], [ 571825.104829999967478, 2843642.092379999812692 ], [ 571840.304830000037327, 2843642.092379999812692 ] ] ] } },
{ "type": "Feature", "properties": { "xmin": 1459.0, "ymin": 11355.0, "xmax": 1596.0, "ymax": 11496.0, "label": "Tree", "score": 0.36417847871780396, "image_path": "test_clip.tif" }, "geometry": { "type": "Polygon", "coordinates": [ [ [ 571736.104829999967478, 2843775.99237999971956 ], [ 571736.104829999967478, 2843783.04238 ], [ 571729.25483, 2843783.04238 ], [ 571729.25483, 2843775.99237999971956 ], [ 571736.104829999967478, 2843775.99237999971956 ] ] ] } },
{ "type": "Feature", "properties": { "xmin": 4117.0, "ymin": 12541.0, "xmax": 4334.0, "ymax": 12760.0, "label": "Tree", "score": 0.36391812562942505, "image_path": "test_clip.tif" }, "geometry": { "type": "Polygon", "coordinates": [ [ [ 571873.00483, 2843712.79238 ], [ 571873.00483, 2843723.74237999971956 ], [ 571862.154830000014044, 2843723.74237999971956 ], [ 571862.154830000014044, 2843712.79238 ], [ 571873.00483, 2843712.79238 ] ] ] } },
{ "type": "Feature", "properties": { "xmin": 3425.0, "ymin": 6505.0, "xmax": 3571.0, "ymax": 6648.0, "label": "Tree", "score": 0.3636736273765564, "image_path": "test_clip.tif" }, "geometry": { "type": "Polygon", "coordinates": [ [ [ 571834.854829999967478, 2844018.39238 ], [ 571834.854829999967478, 2844025.54238 ], [ 571827.554830000037327, 2844025.54238 ], [ 571827.554830000037327, 2844018.39238 ], [ 571834.854829999967478, 2844018.39238 ] ] ] } },
{ "type": "Feature", "properties": { "xmin": 5212.0, "ymin": 4320.0, "xmax": 5343.0, "ymax": 4411.0, "label": "Tree", "score": 0.36336368322372437, "image_path": "test_clip.tif" }, "geometry": { "type": "Polygon", "coordinates": [ [ [ 571923.45483000006061, 2844130.24237999971956 ], [ 571923.45483000006061, 2844134.79238 ], [ 571916.904830000014044, 2844134.79238 ], [ 571916.904830000014044, 2844130.24237999971956 ], [ 571923.45483000006061, 2844130.24237999971956 ] ] ] } },
{ "type": "Feature", "properties": { "xmin": 936.0, "ymin": 12988.0, "xmax": 1074.0, "ymax": 13129.0, "label": "Tree", "score": 0.36329665780067444, "image_path": "test_clip.tif" }, "geometry": { "type": "Polygon", "coordinates": [ [ [ 571710.00483, 2843694.342379999812692 ], [ 571710.00483, 2843701.39238 ], [ 571703.104829999967478, 2843701.39238 ], [ 571703.104829999967478, 2843694.342379999812692 ], [ 571710.00483, 2843694.342379999812692 ] ] ] } },
{ "type": "Feature", "properties": { "xmin": 4511.0, "ymin": 8457.0, "xmax": 4646.0, "ymax": 8595.0, "label": "Tree", "score": 0.36321240663528442, "image_path": "test_clip.tif" }, "geometry": { "type": "Polygon", "coordinates": [ [ [ 571888.604829999967478, 2843921.04238 ], [ 571888.604829999967478, 2843927.94238 ], [ 571881.854829999967478, 2843927.94238 ], [ 571881.854829999967478, 2843921.04238 ], [ 571888.604829999967478, 2843921.04238 ] ] ] } },
{ "type": "Feature", "properties": { "xmin": 1529.0, "ymin": 6058.0, "xmax": 1679.0, "ymax": 6214.0, "label": "Tree", "score": 0.36314985156059265, "image_path": "test_clip.tif" }, "geometry": { "type": "Polygon", "coordinates": [ [ [ 571740.25483, 2844040.092379999812692 ], [ 571740.25483, 2844047.89238 ], [ 571732.75483, 2844047.89238 ], [ 571732.75483, 2844040.092379999812692 ], [ 571740.25483, 2844040.092379999812692 ] ] ] } },
{ "type": "Feature", "properties": { "xmin": 2241.0, "ymin": 6103.0, "xmax": 2388.0, "ymax": 6247.0, "label": "Tree", "score": 0.36305311322212219, "image_path": "test_clip.tif" }, "geometry": { "type": "Polygon", "coordinates": [ [ [ 571775.70483000006061, 2844038.44238 ], [ 571775.70483000006061, 2844045.64238 ], [ 571768.354829999967478, 2844045.64238 ], [ 571768.354829999967478, 2844038.44238 ], [ 571775.70483000006061, 2844038.44238 ] ] ] } },
{ "type": "Feature", "properties": { "xmin": 387.0, "ymin": 1442.0, "xmax": 531.0, "ymax": 1528.0, "label": "Tree", "score": 0.36283859610557556, "image_path": "test_clip.tif" }, "geometry": { "type": "Polygon", "coordinates": [ [ [ 571682.854829999967478, 2844274.39238 ], [ 571682.854829999967478, 2844278.69238 ], [ 571675.654830000014044, 2844278.69238 ], [ 571675.654830000014044, 2844274.39238 ], [ 571682.854829999967478, 2844274.39238 ] ] ] } },
{ "type": "Feature", "properties": { "xmin": 8832.0, "ymin": 184.0, "xmax": 8957.0, "ymax": 302.0, "label": "Tree", "score": 0.36280003190040588, "image_path": "test_clip.tif" }, "geometry": { "type": "Polygon", "coordinates": [ [ [ 572104.154830000014044, 2844335.69238 ], [ 572104.154830000014044, 2844341.592379999812692 ], [ 572097.904830000014044, 2844341.592379999812692 ], [ 572097.904830000014044, 2844335.69238 ], [ 572104.154830000014044, 2844335.69238 ] ] ] } },
{ "type": "Feature", "properties": { "xmin": 1625.0, "ymin": 12052.0, "xmax": 1769.0, "ymax": 12198.0, "label": "Tree", "score": 0.36250719428062439, "image_path": "test_clip.tif" }, "geometry": { "type": "Polygon", "coordinates": [ [ [ 571744.75483, 2843740.89238 ], [ 571744.75483, 2843748.19238 ], [ 571737.554830000037327, 2843748.19238 ], [ 571737.554830000037327, 2843740.89238 ], [ 571744.75483, 2843740.89238 ] ] ] } },
{ "type": "Feature", "properties": { "xmin": 2160.0, "ymin": 6243.0, "xmax": 2288.0, "ymax": 6393.0, "label": "Tree", "score": 0.36248058080673218, "image_path": "test_clip.tif" }, "geometry": { "type": "Polygon", "coordinates": [ [ [ 571770.70483000006061, 2844031.14238 ], [ 571770.70483000006061, 2844038.64238 ], [ 571764.304830000037327, 2844038.64238 ], [ 571764.304830000037327, 2844031.14238 ], [ 571770.70483000006061, 2844031.14238 ] ] ] } },
{ "type": "Feature", "properties": { "xmin": 2530.0, "ymin": 8962.0, "xmax": 2671.0, "ymax": 9105.0, "label": "Tree", "score": 0.3624071478843689, "image_path": "test_clip.tif" }, "geometry": { "type": "Polygon", "coordinates": [ [ [ 571789.854829999967478, 2843895.54238 ], [ 571789.854829999967478, 2843902.69238 ], [ 571782.804830000037327, 2843902.69238 ], [ 571782.804830000037327, 2843895.54238 ], [ 571789.854829999967478, 2843895.54238 ] ] ] } },
{ "type": "Feature", "properties": { "xmin": 3731.0, "ymin": 6018.0, "xmax": 3965.0, "ymax": 6239.0, "label": "Tree", "score": 0.36189240217208862, "image_path": "test_clip.tif" }, "geometry": { "type": "Polygon", "coordinates": [ [ [ 571854.554830000037327, 2844038.842379999812692 ], [ 571854.554830000037327, 2844049.89238 ], [ 571842.854829999967478, 2844049.89238 ], [ 571842.854829999967478, 2844038.842379999812692 ], [ 571854.554830000037327, 2844038.842379999812692 ] ] ] } },
{ "type": "Feature", "properties": { "xmin": 2880.0, "ymin": 1137.0, "xmax": 3155.0, "ymax": 1494.0, "label": "Tree", "score": 0.36175417900085449, "image_path": "test_clip.tif" }, "geometry": { "type": "Polygon", "coordinates": [ [ [ 571814.054830000037327, 2844276.092379999812692 ], [ 571814.054830000037327, 2844293.94238 ], [ 571800.304830000037327, 2844293.94238 ], [ 571800.304830000037327, 2844276.092379999812692 ], [ 571814.054830000037327, 2844276.092379999812692 ] ] ] } },
{ "type": "Feature", "properties": { "xmin": 2880.0, "ymin": 4059.0, "xmax": 3094.0, "ymax": 4339.0, "label": "Tree", "score": 0.36158141493797302, "image_path": "test_clip.tif" }, "geometry": { "type": "Polygon", "coordinates": [ [ [ 571811.00483, 2844133.842379999812692 ], [ 571811.00483, 2844147.842379999812692 ], [ 571800.304830000037327, 2844147.842379999812692 ], [ 571800.304830000037327, 2844133.842379999812692 ], [ 571811.00483, 2844133.842379999812692 ] ] ] } },
{ "type": "Feature", "properties": { "xmin": 11633.0, "ymin": 2708.0, "xmax": 11760.0, "ymax": 2837.0, "label": "Tree", "score": 0.36134719848632812, "image_path": "test_clip.tif" }, "geometry": { "type": "Polygon", "coordinates": [ [ [ 572244.304830000037327, 2844208.94238 ], [ 572244.304830000037327, 2844215.39238 ], [ 572237.954829999944195, 2844215.39238 ], [ 572237.954829999944195, 2844208.94238 ], [ 572244.304830000037327, 2844208.94238 ] ] ] } },
{ "type": "Feature", "properties": { "xmin": 6760.0, "ymin": 720.0, "xmax": 6870.0, "ymax": 787.0, "label": "Tree", "score": 0.36132219433784485, "image_path": "test_clip.tif" }, "geometry": { "type": "Polygon", "coordinates": [ [ [ 571999.804830000037327, 2844311.44238 ], [ 571999.804830000037327, 2844314.79238 ], [ 571994.304830000037327, 2844314.79238 ], [ 571994.304830000037327, 2844311.44238 ], [ 571999.804830000037327, 2844311.44238 ] ] ] } },
{ "type": "Feature", "properties": { "xmin": 1035.0, "ymin": 2796.0, "xmax": 1179.0, "ymax": 2937.0, "label": "Tree", "score": 0.36127832531929016, "image_path": "test_clip.tif" }, "geometry": { "type": "Polygon", "coordinates": [ [ [ 571715.25483, 2844203.94238 ], [ 571715.25483, 2844210.99237999971956 ], [ 571708.054830000037327, 2844210.99237999971956 ], [ 571708.054830000037327, 2844203.94238 ], [ 571715.25483, 2844203.94238 ] ] ] } },
{ "type": "Feature", "properties": { "xmin": 5518.0, "ymin": 7935.0, "xmax": 5754.0, "ymax": 8170.0, "label": "Tree", "score": 0.36124143004417419, "image_path": "test_clip.tif" }, "geometry": { "type": "Polygon", "coordinates": [ [ [ 571944.00483, 2843942.29238 ], [ 571944.00483, 2843954.04238 ], [ 571932.20483000006061, 2843954.04238 ], [ 571932.20483000006061, 2843942.29238 ], [ 571944.00483, 2843942.29238 ] ] ] } },
{ "type": "Feature", "properties": { "xmin": 915.0, "ymin": 3069.0, "xmax": 1150.0, "ymax": 3301.0, "label": "Tree", "score": 0.36106187105178833, "image_path": "test_clip.tif" }, "geometry": { "type": "Polygon", "coordinates": [ [ [ 571713.804830000037327, 2844185.74237999971956 ], [ 571713.804830000037327, 2844197.342379999812692 ], [ 571702.054830000037327, 2844197.342379999812692 ], [ 571702.054830000037327, 2844185.74237999971956 ], [ 571713.804830000037327, 2844185.74237999971956 ] ] ] } },
{ "type": "Feature", "properties": { "xmin": 3954.0, "ymin": 10235.0, "xmax": 4083.0, "ymax": 10369.0, "label": "Tree", "score": 0.36100706458091736, "image_path": "test_clip.tif" }, "geometry": { "type": "Polygon", "coordinates": [ [ [ 571860.45483000006061, 2843832.342379999812692 ], [ 571860.45483000006061, 2843839.04238 ], [ 571854.00483, 2843839.04238 ], [ 571854.00483, 2843832.342379999812692 ], [ 571860.45483000006061, 2843832.342379999812692 ] ] ] } },
{ "type": "Feature", "properties": { "xmin": 1131.0, "ymin": 12419.0, "xmax": 1352.0, "ymax": 12648.0, "label": "Tree", "score": 0.36075672507286072, "image_path": "test_clip.tif" }, "geometry": { "type": "Polygon", "coordinates": [ [ [ 571723.904830000014044, 2843718.39238 ], [ 571723.904830000014044, 2843729.842379999812692 ], [ 571712.854829999967478, 2843729.842379999812692 ], [ 571712.854829999967478, 2843718.39238 ], [ 571723.904830000014044, 2843718.39238 ] ] ] } },
{ "type": "Feature", "properties": { "xmin": 2357.0, "ymin": 11699.0, "xmax": 2497.0, "ymax": 11842.0, "label": "Tree", "score": 0.3605252206325531, "image_path": "test_clip.tif" }, "geometry": { "type": "Polygon", "coordinates": [ [ [ 571781.154830000014044, 2843758.69238 ], [ 571781.154830000014044, 2843765.842379999812692 ], [ 571774.154830000014044, 2843765.842379999812692 ], [ 571774.154830000014044, 2843758.69238 ], [ 571781.154830000014044, 2843758.69238 ] ] ] } },
{ "type": "Feature", "properties": { "xmin": 445.0, "ymin": 431.0, "xmax": 588.0, "ymax": 581.0, "label": "Tree", "score": 0.36032566428184509, "image_path": "test_clip.tif" }, "geometry": { "type": "Polygon", "coordinates": [ [ [ 571685.70483000006061, 2844321.74237999971956 ], [ 571685.70483000006061, 2844329.24237999971956 ], [ 571678.554830000037327, 2844329.24237999971956 ], [ 571678.554830000037327, 2844321.74237999971956 ], [ 571685.70483000006061, 2844321.74237999971956 ] ] ] } },
{ "type": "Feature", "properties": { "xmin": 1440.0, "ymin": 12511.0, "xmax": 1563.0, "ymax": 12675.0, "label": "Tree", "score": 0.36004164814949036, "image_path": "test_clip.tif" }, "geometry": { "type": "Polygon", "coordinates": [ [ [ 571734.45483000006061, 2843717.04238 ], [ 571734.45483000006061, 2843725.24237999971956 ], [ 571728.304830000037327, 2843725.24237999971956 ], [ 571728.304830000037327, 2843717.04238 ], [ 571734.45483000006061, 2843717.04238 ] ] ] } },
{ "type": "Feature", "properties": { "xmin": 11103.0, "ymin": 6286.0, "xmax": 11327.0, "ymax": 6496.0, "label": "Tree", "score": 0.3600057065486908, "image_path": "test_clip.tif" }, "geometry": { "type": "Polygon", "coordinates": [ [ [ 572222.654830000014044, 2844025.99237999971956 ], [ 572222.654830000014044, 2844036.49237999971956 ], [ 572211.454829999944195, 2844036.49237999971956 ], [ 572211.454829999944195, 2844025.99237999971956 ], [ 572222.654830000014044, 2844025.99237999971956 ] ] ] } },
{ "type": "Feature", "properties": { "xmin": 9524.0, "ymin": 8642.0, "xmax": 9664.0, "ymax": 8742.0, "label": "Tree", "score": 0.3599199652671814, "image_path": "test_clip.tif" }, "geometry": { "type": "Polygon", "coordinates": [ [ [ 572139.50483, 2843913.69238 ], [ 572139.50483, 2843918.69238 ], [ 572132.50483, 2843918.69238 ], [ 572132.50483, 2843913.69238 ], [ 572139.50483, 2843913.69238 ] ] ] } },
{ "type": "Feature", "properties": { "xmin": 929.0, "ymin": 9511.0, "xmax": 1071.0, "ymax": 9652.0, "label": "Tree", "score": 0.35984459519386292, "image_path": "test_clip.tif" }, "geometry": { "type": "Polygon", "coordinates": [ [ [ 571709.854829999967478, 2843868.19238 ], [ 571709.854829999967478, 2843875.24237999971956 ], [ 571702.75483, 2843875.24237999971956 ], [ 571702.75483, 2843868.19238 ], [ 571709.854829999967478, 2843868.19238 ] ] ] } },
{ "type": "Feature", "properties": { "xmin": 3770.0, "ymin": 12960.0, "xmax": 3921.0, "ymax": 13076.0, "label": "Tree", "score": 0.35926640033721924, "image_path": "test_clip.tif" }, "geometry": { "type": "Polygon", "coordinates": [ [ [ 571852.354829999967478, 2843696.99237999971956 ], [ 571852.354829999967478, 2843702.79238 ], [ 571844.804830000037327, 2843702.79238 ], [ 571844.804830000037327, 2843696.99237999971956 ], [ 571852.354829999967478, 2843696.99237999971956 ] ] ] } },
{ "type": "Feature", "properties": { "xmin": 4660.0, "ymin": 3475.0, "xmax": 4809.0, "ymax": 3630.0, "label": "Tree", "score": 0.3591042160987854, "image_path": "test_clip.tif" }, "geometry": { "type": "Polygon", "coordinates": [ [ [ 571896.75483, 2844169.29238 ], [ 571896.75483, 2844177.04238 ], [ 571889.304830000037327, 2844177.04238 ], [ 571889.304830000037327, 2844169.29238 ], [ 571896.75483, 2844169.29238 ] ] ] } },
{ "type": "Feature", "properties": { "xmin": 2504.0, "ymin": 3677.0, "xmax": 2646.0, "ymax": 3816.0, "label": "Tree", "score": 0.35899114608764648, "image_path": "test_clip.tif" }, "geometry": { "type": "Polygon", "coordinates": [ [ [ 571788.604829999967478, 2844159.99237999971956 ], [ 571788.604829999967478, 2844166.94238 ], [ 571781.50483, 2844166.94238 ], [ 571781.50483, 2844159.99237999971956 ], [ 571788.604829999967478, 2844159.99237999971956 ] ] ] } },
{ "type": "Feature", "properties": { "xmin": 11402.0, "ymin": 2884.0, "xmax": 11533.0, "ymax": 3007.0, "label": "Tree", "score": 0.35880246758460999, "image_path": "test_clip.tif" }, "geometry": { "type": "Polygon", "coordinates": [ [ [ 572232.954829999944195, 2844200.44238 ], [ 572232.954829999944195, 2844206.592379999812692 ], [ 572226.404830000014044, 2844206.592379999812692 ], [ 572226.404830000014044, 2844200.44238 ], [ 572232.954829999944195, 2844200.44238 ] ] ] } },
{ "type": "Feature", "properties": { "xmin": 739.0, "ymin": 10861.0, "xmax": 885.0, "ymax": 11017.0, "label": "Tree", "score": 0.35875034332275391, "image_path": "test_clip.tif" }, "geometry": { "type": "Polygon", "coordinates": [ [ [ 571700.554830000037327, 2843799.94238 ], [ 571700.554830000037327, 2843807.74237999971956 ], [ 571693.25483, 2843807.74237999971956 ], [ 571693.25483, 2843799.94238 ], [ 571700.554830000037327, 2843799.94238 ] ] ] } },
{ "type": "Feature", "properties": { "xmin": 11276.0, "ymin": 2729.0, "xmax": 11414.0, "ymax": 2867.0, "label": "Tree", "score": 0.35873144865036011, "image_path": "test_clip.tif" }, "geometry": { "type": "Polygon", "coordinates": [ [ [ 572227.00483, 2844207.44238 ], [ 572227.00483, 2844214.342379999812692 ], [ 572220.104829999967478, 2844214.342379999812692 ], [ 572220.104829999967478, 2844207.44238 ], [ 572227.00483, 2844207.44238 ] ] ] } },
{ "type": "Feature", "properties": { "xmin": 5499.0, "ymin": 5042.0, "xmax": 5640.0, "ymax": 5171.0, "label": "Tree", "score": 0.35865801572799683, "image_path": "test_clip.tif" }, "geometry": { "type": "Polygon", "coordinates": [ [ [ 571938.304830000037327, 2844092.24237999971956 ], [ 571938.304830000037327, 2844098.69238 ], [ 571931.25483, 2844098.69238 ], [ 571931.25483, 2844092.24237999971956 ], [ 571938.304830000037327, 2844092.24237999971956 ] ] ] } },
{ "type": "Feature", "properties": { "xmin": 11526.0, "ymin": 1660.0, "xmax": 11666.0, "ymax": 1798.0, "label": "Tree", "score": 0.35862833261489868, "image_path": "test_clip.tif" }, "geometry": { "type": "Polygon", "coordinates": [ [ [ 572239.604829999967478, 2844260.89238 ], [ 572239.604829999967478, 2844267.79238 ], [ 572232.604829999967478, 2844267.79238 ], [ 572232.604829999967478, 2844260.89238 ], [ 572239.604829999967478, 2844260.89238 ] ] ] } },
{ "type": "Feature", "properties": { "xmin": 1356.0, "ymin": 5786.0, "xmax": 1498.0, "ymax": 5937.0, "label": "Tree", "score": 0.3586178719997406, "image_path": "test_clip.tif" }, "geometry": { "type": "Polygon", "coordinates": [ [ [ 571731.20483000006061, 2844053.94238 ], [ 571731.20483000006061, 2844061.49237999971956 ], [ 571724.104829999967478, 2844061.49237999971956 ], [ 571724.104829999967478, 2844053.94238 ], [ 571731.20483000006061, 2844053.94238 ] ] ] } },
{ "type": "Feature", "properties": { "xmin": 8122.0, "ymin": 9615.0, "xmax": 8447.0, "ymax": 9917.0, "label": "Tree", "score": 0.35853594541549683, "image_path": "test_clip.tif" }, "geometry": { "type": "Polygon", "coordinates": [ [ [ 572078.654830000014044, 2843854.94238 ], [ 572078.654830000014044, 2843870.04238 ], [ 572062.404830000014044, 2843870.04238 ], [ 572062.404830000014044, 2843854.94238 ], [ 572078.654830000014044, 2843854.94238 ] ] ] } },
{ "type": "Feature", "properties": { "xmin": 671.0, "ymin": 9116.0, "xmax": 796.0, "ymax": 9252.0, "label": "Tree", "score": 0.35835361480712891, "image_path": "test_clip.tif" }, "geometry": { "type": "Polygon", "coordinates": [ [ [ 571696.104829999967478, 2843888.19238 ], [ 571696.104829999967478, 2843894.99237999971956 ], [ 571689.854829999967478, 2843894.99237999971956 ], [ 571689.854829999967478, 2843888.19238 ], [ 571696.104829999967478, 2843888.19238 ] ] ] } },
{ "type": "Feature", "properties": { "xmin": 6850.0, "ymin": 12124.0, "xmax": 6991.0, "ymax": 12264.0, "label": "Tree", "score": 0.35825055837631226, "image_path": "test_clip.tif" }, "geometry": { "type": "Polygon", "coordinates": [ [ [ 572005.854829999967478, 2843737.592379999812692 ], [ 572005.854829999967478, 2843744.592379999812692 ], [ 571998.804830000037327, 2843744.592379999812692 ], [ 571998.804830000037327, 2843737.592379999812692 ], [ 572005.854829999967478, 2843737.592379999812692 ] ] ] } },
{ "type": "Feature", "properties": { "xmin": 2559.0, "ymin": 6094.0, "xmax": 2710.0, "ymax": 6242.0, "label": "Tree", "score": 0.35754451155662537, "image_path": "test_clip.tif" }, "geometry": { "type": "Polygon", "coordinates": [ [ [ 571791.804830000037327, 2844038.69238 ], [ 571791.804830000037327, 2844046.092379999812692 ], [ 571784.25483, 2844046.092379999812692 ], [ 571784.25483, 2844038.69238 ], [ 571791.804830000037327, 2844038.69238 ] ] ] } },
{ "type": "Feature", "properties": { "xmin": 720.0, "ymin": 5325.0, "xmax": 849.0, "ymax": 5482.0, "label": "Tree", "score": 0.35742166638374329, "image_path": "test_clip.tif" }, "geometry": { "type": "Polygon", "coordinates": [ [ [ 571698.75483, 2844076.69238 ], [ 571698.75483, 2844084.54238 ], [ 571692.304830000037327, 2844084.54238 ], [ 571692.304830000037327, 2844076.69238 ], [ 571698.75483, 2844076.69238 ] ] ] } },
{ "type": "Feature", "properties": { "xmin": 2883.0, "ymin": 7922.0, "xmax": 3003.0, "ymax": 8029.0, "label": "Tree", "score": 0.35732570290565491, "image_path": "test_clip.tif" }, "geometry": { "type": "Polygon", "coordinates": [ [ [ 571806.45483000006061, 2843949.342379999812692 ], [ 571806.45483000006061, 2843954.69238 ], [ 571800.45483000006061, 2843954.69238 ], [ 571800.45483000006061, 2843949.342379999812692 ], [ 571806.45483000006061, 2843949.342379999812692 ] ] ] } },
{ "type": "Feature", "properties": { "xmin": 4067.0, "ymin": 9187.0, "xmax": 4206.0, "ymax": 9328.0, "label": "Tree", "score": 0.35730814933776855, "image_path": "test_clip.tif" }, "geometry": { "type": "Polygon", "coordinates": [ [ [ 571866.604829999967478, 2843884.39238 ], [ 571866.604829999967478, 2843891.44238 ], [ 571859.654830000014044, 2843891.44238 ], [ 571859.654830000014044, 2843884.39238 ], [ 571866.604829999967478, 2843884.39238 ] ] ] } },
{ "type": "Feature", "properties": { "xmin": 9360.0, "ymin": 7920.0, "xmax": 9463.0, "ymax": 8019.0, "label": "Tree", "score": 0.35707995295524597, "image_path": "test_clip.tif" }, "geometry": { "type": "Polygon", "coordinates": [ [ [ 572129.454829999944195, 2843949.842379999812692 ], [ 572129.454829999944195, 2843954.79238 ], [ 572124.304830000037327, 2843954.79238 ], [ 572124.304830000037327, 2843949.842379999812692 ], [ 572129.454829999944195, 2843949.842379999812692 ] ] ] } },
{ "type": "Feature", "properties": { "xmin": 1751.0, "ymin": 8892.0, "xmax": 1896.0, "ymax": 9037.0, "label": "Tree", "score": 0.35695925354957581, "image_path": "test_clip.tif" }, "geometry": { "type": "Polygon", "coordinates": [ [ [ 571751.104829999967478, 2843898.94238 ], [ 571751.104829999967478, 2843906.19238 ], [ 571743.854829999967478, 2843906.19238 ], [ 571743.854829999967478, 2843898.94238 ], [ 571751.104829999967478, 2843898.94238 ] ] ] } },
{ "type": "Feature", "properties": { "xmin": 1527.0, "ymin": 6245.0, "xmax": 1668.0, "ymax": 6384.0, "label": "Tree", "score": 0.35687565803527832, "image_path": "test_clip.tif" }, "geometry": { "type": "Polygon", "coordinates": [ [ [ 571739.70483000006061, 2844031.592379999812692 ], [ 571739.70483000006061, 2844038.54238 ], [ 571732.654830000014044, 2844038.54238 ], [ 571732.654830000014044, 2844031.592379999812692 ], [ 571739.70483000006061, 2844031.592379999812692 ] ] ] } },
{ "type": "Feature", "properties": { "xmin": 1325.0, "ymin": 1518.0, "xmax": 1466.0, "ymax": 1661.0, "label": "Tree", "score": 0.35633233189582825, "image_path": "test_clip.tif" }, "geometry": { "type": "Polygon", "coordinates": [ [ [ 571729.604829999967478, 2844267.74237999971956 ], [ 571729.604829999967478, 2844274.89238 ], [ 571722.554830000037327, 2844274.89238 ], [ 571722.554830000037327, 2844267.74237999971956 ], [ 571729.604829999967478, 2844267.74237999971956 ] ] ] } },
{ "type": "Feature", "properties": { "xmin": 3249.0, "ymin": 2796.0, "xmax": 3403.0, "ymax": 2940.0, "label": "Tree", "score": 0.35603871941566467, "image_path": "test_clip.tif" }, "geometry": { "type": "Polygon", "coordinates": [ [ [ 571826.45483000006061, 2844203.79238 ], [ 571826.45483000006061, 2844210.99237999971956 ], [ 571818.75483, 2844210.99237999971956 ], [ 571818.75483, 2844203.79238 ], [ 571826.45483000006061, 2844203.79238 ] ] ] } },
{ "type": "Feature", "properties": { "xmin": 159.0, "ymin": 2880.0, "xmax": 278.0, "ymax": 2954.0, "label": "Tree", "score": 0.35597294569015503, "image_path": "test_clip.tif" }, "geometry": { "type": "Polygon", "coordinates": [ [ [ 571670.20483000006061, 2844203.092379999812692 ], [ 571670.20483000006061, 2844206.79238 ], [ 571664.25483, 2844206.79238 ], [ 571664.25483, 2844203.092379999812692 ], [ 571670.20483000006061, 2844203.092379999812692 ] ] ] } },
{ "type": "Feature", "properties": { "xmin": 4604.0, "ymin": 4321.0, "xmax": 4748.0, "ymax": 4409.0, "label": "Tree", "score": 0.3558918833732605, "image_path": "test_clip.tif" }, "geometry": { "type": "Polygon", "coordinates": [ [ [ 571893.70483000006061, 2844130.342379999812692 ], [ 571893.70483000006061, 2844134.74237999971956 ], [ 571886.50483, 2844134.74237999971956 ], [ 571886.50483, 2844130.342379999812692 ], [ 571893.70483000006061, 2844130.342379999812692 ] ] ] } },
{ "type": "Feature", "properties": { "xmin": 3560.0, "ymin": 12963.0, "xmax": 3678.0, "ymax": 13069.0, "label": "Tree", "score": 0.35562548041343689, "image_path": "test_clip.tif" }, "geometry": { "type": "Polygon", "coordinates": [ [ [ 571840.20483000006061, 2843697.342379999812692 ], [ 571840.20483000006061, 2843702.64238 ], [ 571834.304830000037327, 2843702.64238 ], [ 571834.304830000037327, 2843697.342379999812692 ], [ 571840.20483000006061, 2843697.342379999812692 ] ] ] } },
{ "type": "Feature", "properties": { "xmin": 4138.0, "ymin": 1946.0, "xmax": 4281.0, "ymax": 2090.0, "label": "Tree", "score": 0.35560986399650574, "image_path": "test_clip.tif" }, "geometry": { "type": "Polygon", "coordinates": [ [ [ 571870.354829999967478, 2844246.29238 ], [ 571870.354829999967478, 2844253.49237999971956 ], [ 571863.20483000006061, 2844253.49237999971956 ], [ 571863.20483000006061, 2844246.29238 ], [ 571870.354829999967478, 2844246.29238 ] ] ] } },
{ "type": "Feature", "properties": { "xmin": 6638.0, "ymin": 11151.0, "xmax": 6789.0, "ymax": 11300.0, "label": "Tree", "score": 0.35535210371017456, "image_path": "test_clip.tif" }, "geometry": { "type": "Polygon", "coordinates": [ [ [ 571995.75483, 2843785.79238 ], [ 571995.75483, 2843793.24237999971956 ], [ 571988.20483000006061, 2843793.24237999971956 ], [ 571988.20483000006061, 2843785.79238 ], [ 571995.75483, 2843785.79238 ] ] ] } },
{ "type": "Feature", "properties": { "xmin": 2733.0, "ymin": 14583.0, "xmax": 2869.0, "ymax": 14718.0, "label": "Tree", "score": 0.35530677437782288, "image_path": "test_clip.tif" }, "geometry": { "type": "Polygon", "coordinates": [ [ [ 571799.75483, 2843614.89238 ], [ 571799.75483, 2843621.64238 ], [ 571792.95483000006061, 2843621.64238 ], [ 571792.95483000006061, 2843614.89238 ], [ 571799.75483, 2843614.89238 ] ] ] } },
{ "type": "Feature", "properties": { "xmin": 4509.0, "ymin": 7360.0, "xmax": 4654.0, "ymax": 7510.0, "label": "Tree", "score": 0.35485237836837769, "image_path": "test_clip.tif" }, "geometry": { "type": "Polygon", "coordinates": [ [ [ 571889.00483, 2843975.29238 ], [ 571889.00483, 2843982.79238 ], [ 571881.75483, 2843982.79238 ], [ 571881.75483, 2843975.29238 ], [ 571889.00483, 2843975.29238 ] ] ] } },
{ "type": "Feature", "properties": { "xmin": 970.0, "ymin": 8690.0, "xmax": 1115.0, "ymax": 8833.0, "label": "Tree", "score": 0.35481730103492737, "image_path": "test_clip.tif" }, "geometry": { "type": "Polygon", "coordinates": [ [ [ 571712.054830000037327, 2843909.14238 ], [ 571712.054830000037327, 2843916.29238 ], [ 571704.804830000037327, 2843916.29238 ], [ 571704.804830000037327, 2843909.14238 ], [ 571712.054830000037327, 2843909.14238 ] ] ] } },
{ "type": "Feature", "properties": { "xmin": 5480.0, "ymin": 4665.0, "xmax": 5628.0, "ymax": 4811.0, "label": "Tree", "score": 0.35476198792457581, "image_path": "test_clip.tif" }, "geometry": { "type": "Polygon", "coordinates": [ [ [ 571937.70483000006061, 2844110.24237999971956 ], [ 571937.70483000006061, 2844117.54238 ], [ 571930.304830000037327, 2844117.54238 ], [ 571930.304830000037327, 2844110.24237999971956 ], [ 571937.70483000006061, 2844110.24237999971956 ] ] ] } },
{ "type": "Feature", "properties": { "xmin": 4320.0, "ymin": 2726.0, "xmax": 4466.0, "ymax": 2897.0, "label": "Tree", "score": 0.35475996136665344, "image_path": "test_clip.tif" }, "geometry": { "type": "Polygon", "coordinates": [ [ [ 571879.604829999967478, 2844205.94238 ], [ 571879.604829999967478, 2844214.49237999971956 ], [ 571872.304830000037327, 2844214.49237999971956 ], [ 571872.304830000037327, 2844205.94238 ], [ 571879.604829999967478, 2844205.94238 ] ] ] } },
{ "type": "Feature", "properties": { "xmin": 5327.0, "ymin": 7204.0, "xmax": 5456.0, "ymax": 7324.0, "label": "Tree", "score": 0.35420802235603333, "image_path": "test_clip.tif" }, "geometry": { "type": "Polygon", "coordinates": [ [ [ 571929.104829999967478, 2843984.592379999812692 ], [ 571929.104829999967478, 2843990.592379999812692 ], [ 571922.654830000014044, 2843990.592379999812692 ], [ 571922.654830000014044, 2843984.592379999812692 ], [ 571929.104829999967478, 2843984.592379999812692 ] ] ] } },
{ "type": "Feature", "properties": { "xmin": 11365.0, "ymin": 5728.0, "xmax": 11504.0, "ymax": 5840.0, "label": "Tree", "score": 0.35418432950973511, "image_path": "test_clip.tif" }, "geometry": { "type": "Polygon", "coordinates": [ [ [ 572231.50483, 2844058.79238 ], [ 572231.50483, 2844064.39238 ], [ 572224.554830000037327, 2844064.39238 ], [ 572224.554830000037327, 2844058.79238 ], [ 572231.50483, 2844058.79238 ] ] ] } },
{ "type": "Feature", "properties": { "xmin": 2383.0, "ymin": 3603.0, "xmax": 2519.0, "ymax": 3719.0, "label": "Tree", "score": 0.35416504740715027, "image_path": "test_clip.tif" }, "geometry": { "type": "Polygon", "coordinates": [ [ [ 571782.25483, 2844164.842379999812692 ], [ 571782.25483, 2844170.64238 ], [ 571775.45483000006061, 2844170.64238 ], [ 571775.45483000006061, 2844164.842379999812692 ], [ 571782.25483, 2844164.842379999812692 ] ] ] } },
{ "type": "Feature", "properties": { "xmin": 4522.0, "ymin": 7489.0, "xmax": 4755.0, "ymax": 7703.0, "label": "Tree", "score": 0.35301154851913452, "image_path": "test_clip.tif" }, "geometry": { "type": "Polygon", "coordinates": [ [ [ 571894.054830000037327, 2843965.64238 ], [ 571894.054830000037327, 2843976.342379999812692 ], [ 571882.404830000014044, 2843976.342379999812692 ], [ 571882.404830000014044, 2843965.64238 ], [ 571894.054830000037327, 2843965.64238 ] ] ] } },
{ "type": "Feature", "properties": { "xmin": 3370.0, "ymin": 7688.0, "xmax": 3658.0, "ymax": 7964.0, "label": "Tree", "score": 0.35291606187820435, "image_path": "test_clip.tif" }, "geometry": { "type": "Polygon", "coordinates": [ [ [ 571839.20483000006061, 2843952.592379999812692 ], [ 571839.20483000006061, 2843966.39238 ], [ 571824.804830000037327, 2843966.39238 ], [ 571824.804830000037327, 2843952.592379999812692 ], [ 571839.20483000006061, 2843952.592379999812692 ] ] ] } },
{ "type": "Feature", "properties": { "xmin": 1777.0, "ymin": 441.0, "xmax": 1923.0, "ymax": 593.0, "label": "Tree", "score": 0.35289067029953003, "image_path": "test_clip.tif" }, "geometry": { "type": "Polygon", "coordinates": [ [ [ 571752.45483000006061, 2844321.14238 ], [ 571752.45483000006061, 2844328.74237999971956 ], [ 571745.154830000014044, 2844328.74237999971956 ], [ 571745.154830000014044, 2844321.14238 ], [ 571752.45483000006061, 2844321.14238 ] ] ] } },
{ "type": "Feature", "properties": { "xmin": 10420.0, "ymin": 8982.0, "xmax": 10559.0, "ymax": 9121.0, "label": "Tree", "score": 0.35234686732292175, "image_path": "test_clip.tif" }, "geometry": { "type": "Polygon", "coordinates": [ [ [ 572184.25483, 2843894.74237999971956 ], [ 572184.25483, 2843901.69238 ], [ 572177.304830000037327, 2843901.69238 ], [ 572177.304830000037327, 2843894.74237999971956 ], [ 572184.25483, 2843894.74237999971956 ] ] ] } },
{ "type": "Feature", "properties": { "xmin": 2657.0, "ymin": 11362.0, "xmax": 2799.0, "ymax": 11504.0, "label": "Tree", "score": 0.35228797793388367, "image_path": "test_clip.tif" }, "geometry": { "type": "Polygon", "coordinates": [ [ [ 571796.25483, 2843775.592379999812692 ], [ 571796.25483, 2843782.69238 ], [ 571789.154830000014044, 2843782.69238 ], [ 571789.154830000014044, 2843775.592379999812692 ], [ 571796.25483, 2843775.592379999812692 ] ] ] } },
{ "type": "Feature", "properties": { "xmin": 2441.0, "ymin": 6541.0, "xmax": 2583.0, "ymax": 6681.0, "label": "Tree", "score": 0.35187059640884399, "image_path": "test_clip.tif" }, "geometry": { "type": "Polygon", "coordinates": [ [ [ 571785.45483000006061, 2844016.74237999971956 ], [ 571785.45483000006061, 2844023.74237999971956 ], [ 571778.354829999967478, 2844023.74237999971956 ], [ 571778.354829999967478, 2844016.74237999971956 ], [ 571785.45483000006061, 2844016.74237999971956 ] ] ] } },
{ "type": "Feature", "properties": { "xmin": 1687.0, "ymin": 6034.0, "xmax": 1828.0, "ymax": 6179.0, "label": "Tree", "score": 0.35079017281532288, "image_path": "test_clip.tif" }, "geometry": { "type": "Polygon", "coordinates": [ [ [ 571747.70483000006061, 2844041.842379999812692 ], [ 571747.70483000006061, 2844049.092379999812692 ], [ 571740.654830000014044, 2844049.092379999812692 ], [ 571740.654830000014044, 2844041.842379999812692 ], [ 571747.70483000006061, 2844041.842379999812692 ] ] ] } },
{ "type": "Feature", "properties": { "xmin": 2985.0, "ymin": 5760.0, "xmax": 3119.0, "ymax": 5861.0, "label": "Tree", "score": 0.35050493478775024, "image_path": "test_clip.tif" }, "geometry": { "type": "Polygon", "coordinates": [ [ [ 571812.25483, 2844057.74237999971956 ], [ 571812.25483, 2844062.79238 ], [ 571805.554830000037327, 2844062.79238 ], [ 571805.554830000037327, 2844057.74237999971956 ], [ 571812.25483, 2844057.74237999971956 ] ] ] } },
{ "type": "Feature", "properties": { "xmin": 486.0, "ymin": 14259.0, "xmax": 777.0, "ymax": 14544.0, "label": "Tree", "score": 0.35049194097518921, "image_path": "test_clip.tif" }, "geometry": { "type": "Polygon", "coordinates": [ [ [ 571695.154830000014044, 2843623.592379999812692 ], [ 571695.154830000014044, 2843637.842379999812692 ], [ 571680.604829999967478, 2843637.842379999812692 ], [ 571680.604829999967478, 2843623.592379999812692 ], [ 571695.154830000014044, 2843623.592379999812692 ] ] ] } },
{ "type": "Feature", "properties": { "xmin": 570.0, "ymin": 2082.0, "xmax": 715.0, "ymax": 2221.0, "label": "Tree", "score": 0.35046061873435974, "image_path": "test_clip.tif" }, "geometry": { "type": "Polygon", "coordinates": [ [ [ 571692.054830000037327, 2844239.74237999971956 ], [ 571692.054830000037327, 2844246.69238 ], [ 571684.804830000037327, 2844246.69238 ], [ 571684.804830000037327, 2844239.74237999971956 ], [ 571692.054830000037327, 2844239.74237999971956 ] ] ] } },
{ "type": "Feature", "properties": { "xmin": 3225.0, "ymin": 13236.0, "xmax": 3367.0, "ymax": 13376.0, "label": "Tree", "score": 0.35031384229660034, "image_path": "test_clip.tif" }, "geometry": { "type": "Polygon", "coordinates": [ [ [ 571824.654830000014044, 2843681.99237999971956 ], [ 571824.654830000014044, 2843688.99237999971956 ], [ 571817.554830000037327, 2843688.99237999971956 ], [ 571817.554830000037327, 2843681.99237999971956 ], [ 571824.654830000014044, 2843681.99237999971956 ] ] ] } },
{ "type": "Feature", "properties": { "xmin": 2916.0, "ymin": 10495.0, "xmax": 3146.0, "ymax": 10714.0, "label": "Tree", "score": 0.35009452700614929, "image_path": "test_clip.tif" }, "geometry": { "type": "Polygon", "coordinates": [ [ [ 571813.604829999967478, 2843815.092379999812692 ], [ 571813.604829999967478, 2843826.04238 ], [ 571802.104829999967478, 2843826.04238 ], [ 571802.104829999967478, 2843815.092379999812692 ], [ 571813.604829999967478, 2843815.092379999812692 ] ] ] } },
{ "type": "Feature", "properties": { "xmin": 4336.0, "ymin": 7482.0, "xmax": 4476.0, "ymax": 7626.0, "label": "Tree", "score": 0.34979155659675598, "image_path": "test_clip.tif" }, "geometry": { "type": "Polygon", "coordinates": [ [ [ 571880.104829999967478, 2843969.49237999971956 ], [ 571880.104829999967478, 2843976.69238 ], [ 571873.104829999967478, 2843976.69238 ], [ 571873.104829999967478, 2843969.49237999971956 ], [ 571880.104829999967478, 2843969.49237999971956 ] ] ] } },
{ "type": "Feature", "properties": { "xmin": 11360.0, "ymin": 6103.0, "xmax": 11507.0, "ymax": 6253.0, "label": "Tree", "score": 0.34972566366195679, "image_path": "test_clip.tif" }, "geometry": { "type": "Polygon", "coordinates": [ [ [ 572231.654830000014044, 2844038.14238 ], [ 572231.654830000014044, 2844045.64238 ], [ 572224.304830000037327, 2844045.64238 ], [ 572224.304830000037327, 2844038.14238 ], [ 572231.654830000014044, 2844038.14238 ] ] ] } },
{ "type": "Feature", "properties": { "xmin": 3600.0, "ymin": 10102.0, "xmax": 3734.0, "ymax": 10250.0, "label": "Tree", "score": 0.3496968150138855, "image_path": "test_clip.tif" }, "geometry": { "type": "Polygon", "coordinates": [ [ [ 571843.00483, 2843838.29238 ], [ 571843.00483, 2843845.69238 ], [ 571836.304830000037327, 2843845.69238 ], [ 571836.304830000037327, 2843838.29238 ], [ 571843.00483, 2843838.29238 ] ] ] } },
{ "type": "Feature", "properties": { "xmin": 5342.0, "ymin": 7447.0, "xmax": 5478.0, "ymax": 7582.0, "label": "Tree", "score": 0.3496188223361969, "image_path": "test_clip.tif" }, "geometry": { "type": "Polygon", "coordinates": [ [ [ 571930.20483000006061, 2843971.69238 ], [ 571930.20483000006061, 2843978.44238 ], [ 571923.404830000014044, 2843978.44238 ], [ 571923.404830000014044, 2843971.69238 ], [ 571930.20483000006061, 2843971.69238 ] ] ] } },
{ "type": "Feature", "properties": { "xmin": 5136.0, "ymin": 2312.0, "xmax": 5272.0, "ymax": 2452.0, "label": "Tree", "score": 0.34961575269699097, "image_path": "test_clip.tif" }, "geometry": { "type": "Polygon", "coordinates": [ [ [ 571919.904830000014044, 2844228.19238 ], [ 571919.904830000014044, 2844235.19238 ], [ 571913.104829999967478, 2844235.19238 ], [ 571913.104829999967478, 2844228.19238 ], [ 571919.904830000014044, 2844228.19238 ] ] ] } },
{ "type": "Feature", "properties": { "xmin": 3696.0, "ymin": 3896.0, "xmax": 3861.0, "ymax": 4044.0, "label": "Tree", "score": 0.34870150685310364, "image_path": "test_clip.tif" }, "geometry": { "type": "Polygon", "coordinates": [ [ [ 571849.354829999967478, 2844148.592379999812692 ], [ 571849.354829999967478, 2844155.99237999971956 ], [ 571841.104829999967478, 2844155.99237999971956 ], [ 571841.104829999967478, 2844148.592379999812692 ], [ 571849.354829999967478, 2844148.592379999812692 ] ] ] } },
{ "type": "Feature", "properties": { "xmin": 5180.0, "ymin": 9360.0, "xmax": 5304.0, "ymax": 9423.0, "label": "Tree", "score": 0.34866452217102051, "image_path": "test_clip.tif" }, "geometry": { "type": "Polygon", "coordinates": [ [ [ 571921.50483, 2843879.64238 ], [ 571921.50483, 2843882.79238 ], [ 571915.304830000037327, 2843882.79238 ], [ 571915.304830000037327, 2843879.64238 ], [ 571921.50483, 2843879.64238 ] ] ] } },
{ "type": "Feature", "properties": { "xmin": 11512.0, "ymin": 6790.0, "xmax": 11593.0, "ymax": 6882.0, "label": "Tree", "score": 0.34837406873703003, "image_path": "test_clip.tif" }, "geometry": { "type": "Polygon", "coordinates": [ [ [ 572235.954829999944195, 2844006.69238 ], [ 572235.954829999944195, 2844011.29238 ], [ 572231.904830000014044, 2844011.29238 ], [ 572231.904830000014044, 2844006.69238 ], [ 572235.954829999944195, 2844006.69238 ] ] ] } },
{ "type": "Feature", "properties": { "xmin": 4175.0, "ymin": 9899.0, "xmax": 4317.0, "ymax": 10040.0, "label": "Tree", "score": 0.34831470251083374, "image_path": "test_clip.tif" }, "geometry": { "type": "Polygon", "coordinates": [ [ [ 571872.154830000014044, 2843848.79238 ], [ 571872.154830000014044, 2843855.842379999812692 ], [ 571865.054830000037327, 2843855.842379999812692 ], [ 571865.054830000037327, 2843848.79238 ], [ 571872.154830000014044, 2843848.79238 ] ] ] } },
{ "type": "Feature", "properties": { "xmin": 5253.0, "ymin": 12244.0, "xmax": 5380.0, "ymax": 12366.0, "label": "Tree", "score": 0.34803780913352966, "image_path": "test_clip.tif" }, "geometry": { "type": "Polygon", "coordinates": [ [ [ 571925.304830000037327, 2843732.49237999971956 ], [ 571925.304830000037327, 2843738.592379999812692 ], [ 571918.95483000006061, 2843738.592379999812692 ], [ 571918.95483000006061, 2843732.49237999971956 ], [ 571925.304830000037327, 2843732.49237999971956 ] ] ] } },
{ "type": "Feature", "properties": { "xmin": 2908.0, "ymin": 8493.0, "xmax": 3153.0, "ymax": 8709.0, "label": "Tree", "score": 0.34803152084350586, "image_path": "test_clip.tif" }, "geometry": { "type": "Polygon", "coordinates": [ [ [ 571813.95483000006061, 2843915.342379999812692 ], [ 571813.95483000006061, 2843926.14238 ], [ 571801.70483000006061, 2843926.14238 ], [ 571801.70483000006061, 2843915.342379999812692 ], [ 571813.95483000006061, 2843915.342379999812692 ] ] ] } },
{ "type": "Feature", "properties": { "xmin": 277.0, "ymin": 1575.0, "xmax": 412.0, "ymax": 1708.0, "label": "Tree", "score": 0.3477863073348999, "image_path": "test_clip.tif" }, "geometry": { "type": "Polygon", "coordinates": [ [ [ 571676.904830000014044, 2844265.39238 ], [ 571676.904830000014044, 2844272.04238 ], [ 571670.154830000014044, 2844272.04238 ], [ 571670.154830000014044, 2844265.39238 ], [ 571676.904830000014044, 2844265.39238 ] ] ] } },
{ "type": "Feature", "properties": { "xmin": 875.0, "ymin": 7535.0, "xmax": 1023.0, "ymax": 7682.0, "label": "Tree", "score": 0.34762302041053772, "image_path": "test_clip.tif" }, "geometry": { "type": "Polygon", "coordinates": [ [ [ 571707.45483000006061, 2843966.69238 ], [ 571707.45483000006061, 2843974.04238 ], [ 571700.054830000037327, 2843974.04238 ], [ 571700.054830000037327, 2843966.69238 ], [ 571707.45483000006061, 2843966.69238 ] ] ] } },
{ "type": "Feature", "properties": { "xmin": 3675.0, "ymin": 3266.0, "xmax": 3833.0, "ymax": 3415.0, "label": "Tree", "score": 0.34761431813240051, "image_path": "test_clip.tif" }, "geometry": { "type": "Polygon", "coordinates": [ [ [ 571847.95483000006061, 2844180.04238 ], [ 571847.95483000006061, 2844187.49237999971956 ], [ 571840.054830000037327, 2844187.49237999971956 ], [ 571840.054830000037327, 2844180.04238 ], [ 571847.95483000006061, 2844180.04238 ] ] ] } },
{ "type": "Feature", "properties": { "xmin": 123.0, "ymin": 2161.0, "xmax": 263.0, "ymax": 2285.0, "label": "Tree", "score": 0.34751865267753601, "image_path": "test_clip.tif" }, "geometry": { "type": "Polygon", "coordinates": [ [ [ 571669.45483000006061, 2844236.54238 ], [ 571669.45483000006061, 2844242.74237999971956 ], [ 571662.45483000006061, 2844242.74237999971956 ], [ 571662.45483000006061, 2844236.54238 ], [ 571669.45483000006061, 2844236.54238 ] ] ] } },
{ "type": "Feature", "properties": { "xmin": 432.0, "ymin": 127.0, "xmax": 582.0, "ymax": 280.0, "label": "Tree", "score": 0.34741178154945374, "image_path": "test_clip.tif" }, "geometry": { "type": "Polygon", "coordinates": [ [ [ 571685.404830000014044, 2844336.79238 ], [ 571685.404830000014044, 2844344.44238 ], [ 571677.904830000014044, 2844344.44238 ], [ 571677.904830000014044, 2844336.79238 ], [ 571685.404830000014044, 2844336.79238 ] ] ] } },
{ "type": "Feature", "properties": { "xmin": 4275.0, "ymin": 2883.0, "xmax": 4395.0, "ymax": 2988.0, "label": "Tree", "score": 0.34725746512413025, "image_path": "test_clip.tif" }, "geometry": { "type": "Polygon", "coordinates": [ [ [ 571876.054830000037327, 2844201.39238 ], [ 571876.054830000037327, 2844206.64238 ], [ 571870.054830000037327, 2844206.64238 ], [ 571870.054830000037327, 2844201.39238 ], [ 571876.054830000037327, 2844201.39238 ] ] ] } },
{ "type": "Feature", "properties": { "xmin": 4322.0, "ymin": 4736.0, "xmax": 4462.0, "ymax": 4881.0, "label": "Tree", "score": 0.34671670198440552, "image_path": "test_clip.tif" }, "geometry": { "type": "Polygon", "coordinates": [ [ [ 571879.404830000014044, 2844106.74237999971956 ], [ 571879.404830000014044, 2844113.99237999971956 ], [ 571872.404830000014044, 2844113.99237999971956 ], [ 571872.404830000014044, 2844106.74237999971956 ], [ 571879.404830000014044, 2844106.74237999971956 ] ] ] } },
{ "type": "Feature", "properties": { "xmin": 2900.0, "ymin": 3006.0, "xmax": 3127.0, "ymax": 3244.0, "label": "Tree", "score": 0.34662818908691406, "image_path": "test_clip.tif" }, "geometry": { "type": "Polygon", "coordinates": [ [ [ 571812.654830000014044, 2844188.592379999812692 ], [ 571812.654830000014044, 2844200.49237999971956 ], [ 571801.304830000037327, 2844200.49237999971956 ], [ 571801.304830000037327, 2844188.592379999812692 ], [ 571812.654830000014044, 2844188.592379999812692 ] ] ] } },
{ "type": "Feature", "properties": { "xmin": 254.0, "ymin": 2895.0, "xmax": 475.0, "ymax": 3113.0, "label": "Tree", "score": 0.34643182158470154, "image_path": "test_clip.tif" }, "geometry": { "type": "Polygon", "coordinates": [ [ [ 571680.054830000037327, 2844195.14238 ], [ 571680.054830000037327, 2844206.04238 ], [ 571669.00483, 2844206.04238 ], [ 571669.00483, 2844195.14238 ], [ 571680.054830000037327, 2844195.14238 ] ] ] } },
{ "type": "Feature", "properties": { "xmin": 10203.0, "ymin": 6045.0, "xmax": 10340.0, "ymax": 6181.0, "label": "Tree", "score": 0.34635284543037415, "image_path": "test_clip.tif" }, "geometry": { "type": "Polygon", "coordinates": [ [ [ 572173.304830000037327, 2844041.74237999971956 ], [ 572173.304830000037327, 2844048.54238 ], [ 572166.454829999944195, 2844048.54238 ], [ 572166.454829999944195, 2844041.74237999971956 ], [ 572173.304830000037327, 2844041.74237999971956 ] ] ] } },
{ "type": "Feature", "properties": { "xmin": 1323.0, "ymin": 4322.0, "xmax": 1460.0, "ymax": 4452.0, "label": "Tree", "score": 0.34608808159828186, "image_path": "test_clip.tif" }, "geometry": { "type": "Polygon", "coordinates": [ [ [ 571729.304830000037327, 2844128.19238 ], [ 571729.304830000037327, 2844134.69238 ], [ 571722.45483000006061, 2844134.69238 ], [ 571722.45483000006061, 2844128.19238 ], [ 571729.304830000037327, 2844128.19238 ] ] ] } },
{ "type": "Feature", "properties": { "xmin": 338.0, "ymin": 536.0, "xmax": 481.0, "ymax": 680.0, "label": "Tree", "score": 0.34603431820869446, "image_path": "test_clip.tif" }, "geometry": { "type": "Polygon", "coordinates": [ [ [ 571680.354829999967478, 2844316.79238 ], [ 571680.354829999967478, 2844323.99237999971956 ], [ 571673.20483000006061, 2844323.99237999971956 ], [ 571673.20483000006061, 2844316.79238 ], [ 571680.354829999967478, 2844316.79238 ] ] ] } },
{ "type": "Feature", "properties": { "xmin": 5316.0, "ymin": 6985.0, "xmax": 5459.0, "ymax": 7133.0, "label": "Tree", "score": 0.34589850902557373, "image_path": "test_clip.tif" }, "geometry": { "type": "Polygon", "coordinates": [ [ [ 571929.25483, 2843994.14238 ], [ 571929.25483, 2844001.54238 ], [ 571922.104829999967478, 2844001.54238 ], [ 571922.104829999967478, 2843994.14238 ], [ 571929.25483, 2843994.14238 ] ] ] } },
{ "type": "Feature", "properties": { "xmin": 5283.0, "ymin": 6296.0, "xmax": 5432.0, "ymax": 6449.0, "label": "Tree", "score": 0.34555730223655701, "image_path": "test_clip.tif" }, "geometry": { "type": "Polygon", "coordinates": [ [ [ 571927.904830000014044, 2844028.342379999812692 ], [ 571927.904830000014044, 2844035.99237999971956 ], [ 571920.45483000006061, 2844035.99237999971956 ], [ 571920.45483000006061, 2844028.342379999812692 ], [ 571927.904830000014044, 2844028.342379999812692 ] ] ] } },
{ "type": "Feature", "properties": { "xmin": 11056.0, "ymin": 871.0, "xmax": 11198.0, "ymax": 1013.0, "label": "Tree", "score": 0.34552446007728577, "image_path": "test_clip.tif" }, "geometry": { "type": "Polygon", "coordinates": [ [ [ 572216.204829999944195, 2844300.14238 ], [ 572216.204829999944195, 2844307.24237999971956 ], [ 572209.104829999967478, 2844307.24237999971956 ], [ 572209.104829999967478, 2844300.14238 ], [ 572216.204829999944195, 2844300.14238 ] ] ] } },
{ "type": "Feature", "properties": { "xmin": 4665.0, "ymin": 5670.0, "xmax": 4810.0, "ymax": 5812.0, "label": "Tree", "score": 0.34550958871841431, "image_path": "test_clip.tif" }, "geometry": { "type": "Polygon", "coordinates": [ [ [ 571896.804830000037327, 2844060.19238 ], [ 571896.804830000037327, 2844067.29238 ], [ 571889.554830000037327, 2844067.29238 ], [ 571889.554830000037327, 2844060.19238 ], [ 571896.804830000037327, 2844060.19238 ] ] ] } },
{ "type": "Feature", "properties": { "xmin": 10297.0, "ymin": 1649.0, "xmax": 10445.0, "ymax": 1796.0, "label": "Tree", "score": 0.34528353810310364, "image_path": "test_clip.tif" }, "geometry": { "type": "Polygon", "coordinates": [ [ [ 572178.554830000037327, 2844260.99237999971956 ], [ 572178.554830000037327, 2844268.342379999812692 ], [ 572171.154830000014044, 2844268.342379999812692 ], [ 572171.154830000014044, 2844260.99237999971956 ], [ 572178.554830000037327, 2844260.99237999971956 ] ] ] } },
{ "type": "Feature", "properties": { "xmin": 2186.0, "ymin": 938.0, "xmax": 2330.0, "ymax": 1083.0, "label": "Tree", "score": 0.34520769119262695, "image_path": "test_clip.tif" }, "geometry": { "type": "Polygon", "coordinates": [ [ [ 571772.804830000037327, 2844296.64238 ], [ 571772.804830000037327, 2844303.89238 ], [ 571765.604829999967478, 2844303.89238 ], [ 571765.604829999967478, 2844296.64238 ], [ 571772.804830000037327, 2844296.64238 ] ] ] } },
{ "type": "Feature", "properties": { "xmin": 3066.0, "ymin": 13345.0, "xmax": 3208.0, "ymax": 13486.0, "label": "Tree", "score": 0.34505337476730347, "image_path": "test_clip.tif" }, "geometry": { "type": "Polygon", "coordinates": [ [ [ 571816.70483000006061, 2843676.49237999971956 ], [ 571816.70483000006061, 2843683.54238 ], [ 571809.604829999967478, 2843683.54238 ], [ 571809.604829999967478, 2843676.49237999971956 ], [ 571816.70483000006061, 2843676.49237999971956 ] ] ] } },
{ "type": "Feature", "properties": { "xmin": 365.0, "ymin": 13022.0, "xmax": 773.0, "ymax": 13381.0, "label": "Tree", "score": 0.34505128860473633, "image_path": "test_clip.tif" }, "geometry": { "type": "Polygon", "coordinates": [ [ [ 571694.95483000006061, 2843681.74237999971956 ], [ 571694.95483000006061, 2843699.69238 ], [ 571674.554830000037327, 2843699.69238 ], [ 571674.554830000037327, 2843681.74237999971956 ], [ 571694.95483000006061, 2843681.74237999971956 ] ] ] } },
{ "type": "Feature", "properties": { "xmin": 4045.0, "ymin": 2662.0, "xmax": 4392.0, "ymax": 2949.0, "label": "Tree", "score": 0.34490808844566345, "image_path": "test_clip.tif" }, "geometry": { "type": "Polygon", "coordinates": [ [ [ 571875.904830000014044, 2844203.342379999812692 ], [ 571875.904830000014044, 2844217.69238 ], [ 571858.554830000037327, 2844217.69238 ], [ 571858.554830000037327, 2844203.342379999812692 ], [ 571875.904830000014044, 2844203.342379999812692 ] ] ] } },
{ "type": "Feature", "properties": { "xmin": 577.0, "ymin": 1059.0, "xmax": 721.0, "ymax": 1204.0, "label": "Tree", "score": 0.34489628672599792, "image_path": "test_clip.tif" }, "geometry": { "type": "Polygon", "coordinates": [ [ [ 571692.354829999967478, 2844290.592379999812692 ], [ 571692.354829999967478, 2844297.842379999812692 ], [ 571685.154830000014044, 2844297.842379999812692 ], [ 571685.154830000014044, 2844290.592379999812692 ], [ 571692.354829999967478, 2844290.592379999812692 ] ] ] } },
{ "type": "Feature", "properties": { "xmin": 6409.0, "ymin": 720.0, "xmax": 6537.0, "ymax": 809.0, "label": "Tree", "score": 0.34481987357139587, "image_path": "test_clip.tif" }, "geometry": { "type": "Polygon", "coordinates": [ [ [ 571983.154830000014044, 2844310.342379999812692 ], [ 571983.154830000014044, 2844314.79238 ], [ 571976.75483, 2844314.79238 ], [ 571976.75483, 2844310.342379999812692 ], [ 571983.154830000014044, 2844310.342379999812692 ] ] ] } },
{ "type": "Feature", "properties": { "xmin": 4857.0, "ymin": 2163.0, "xmax": 4998.0, "ymax": 2286.0, "label": "Tree", "score": 0.34466147422790527, "image_path": "test_clip.tif" }, "geometry": { "type": "Polygon", "coordinates": [ [ [ 571906.20483000006061, 2844236.49237999971956 ], [ 571906.20483000006061, 2844242.64238 ], [ 571899.154830000014044, 2844242.64238 ], [ 571899.154830000014044, 2844236.49237999971956 ], [ 571906.20483000006061, 2844236.49237999971956 ] ] ] } },
{ "type": "Feature", "properties": { "xmin": 7971.0, "ymin": 8893.0, "xmax": 8112.0, "ymax": 9034.0, "label": "Tree", "score": 0.34447035193443298, "image_path": "test_clip.tif" }, "geometry": { "type": "Polygon", "coordinates": [ [ [ 572061.904830000014044, 2843899.092379999812692 ], [ 572061.904830000014044, 2843906.14238 ], [ 572054.854829999967478, 2843906.14238 ], [ 572054.854829999967478, 2843899.092379999812692 ], [ 572061.904830000014044, 2843899.092379999812692 ] ] ] } },
{ "type": "Feature", "properties": { "xmin": 2833.0, "ymin": 5.0, "xmax": 2955.0, "ymax": 125.0, "label": "Tree", "score": 0.34418851137161255, "image_path": "test_clip.tif" }, "geometry": { "type": "Polygon", "coordinates": [ [ [ 571804.054830000037327, 2844344.54238 ], [ 571804.054830000037327, 2844350.54238 ], [ 571797.95483000006061, 2844350.54238 ], [ 571797.95483000006061, 2844344.54238 ], [ 571804.054830000037327, 2844344.54238 ] ] ] } },
{ "type": "Feature", "properties": { "xmin": 1705.0, "ymin": 6480.0, "xmax": 1845.0, "ymax": 6573.0, "label": "Tree", "score": 0.34386998414993286, "image_path": "test_clip.tif" }, "geometry": { "type": "Polygon", "coordinates": [ [ [ 571748.554830000037327, 2844022.14238 ], [ 571748.554830000037327, 2844026.79238 ], [ 571741.554830000037327, 2844026.79238 ], [ 571741.554830000037327, 2844022.14238 ], [ 571748.554830000037327, 2844022.14238 ] ] ] } },
{ "type": "Feature", "properties": { "xmin": 3341.0, "ymin": 7921.0, "xmax": 3485.0, "ymax": 8037.0, "label": "Tree", "score": 0.34383001923561096, "image_path": "test_clip.tif" }, "geometry": { "type": "Polygon", "coordinates": [ [ [ 571830.554830000037327, 2843948.94238 ], [ 571830.554830000037327, 2843954.74237999971956 ], [ 571823.354829999967478, 2843954.74237999971956 ], [ 571823.354829999967478, 2843948.94238 ], [ 571830.554830000037327, 2843948.94238 ] ] ] } },
{ "type": "Feature", "properties": { "xmin": 2006.0, "ymin": 5040.0, "xmax": 2133.0, "ymax": 5141.0, "label": "Tree", "score": 0.34371381998062134, "image_path": "test_clip.tif" }, "geometry": { "type": "Polygon", "coordinates": [ [ [ 571762.95483000006061, 2844093.74237999971956 ], [ 571762.95483000006061, 2844098.79238 ], [ 571756.604829999967478, 2844098.79238 ], [ 571756.604829999967478, 2844093.74237999971956 ], [ 571762.95483000006061, 2844093.74237999971956 ] ] ] } },
{ "type": "Feature", "properties": { "xmin": 11293.0, "ymin": 1440.0, "xmax": 11434.0, "ymax": 1526.0, "label": "Tree", "score": 0.34332796931266785, "image_path": "test_clip.tif" }, "geometry": { "type": "Polygon", "coordinates": [ [ [ 572228.00483, 2844274.49237999971956 ], [ 572228.00483, 2844278.79238 ], [ 572220.954829999944195, 2844278.79238 ], [ 572220.954829999944195, 2844274.49237999971956 ], [ 572228.00483, 2844274.49237999971956 ] ] ] } },
{ "type": "Feature", "properties": { "xmin": 1552.0, "ymin": 940.0, "xmax": 1696.0, "ymax": 1083.0, "label": "Tree", "score": 0.34314197301864624, "image_path": "test_clip.tif" }, "geometry": { "type": "Polygon", "coordinates": [ [ [ 571741.104829999967478, 2844296.64238 ], [ 571741.104829999967478, 2844303.79238 ], [ 571733.904830000014044, 2844303.79238 ], [ 571733.904830000014044, 2844296.64238 ], [ 571741.104829999967478, 2844296.64238 ] ] ] } },
{ "type": "Feature", "properties": { "xmin": 360.0, "ymin": 5760.0, "xmax": 463.0, "ymax": 5838.0, "label": "Tree", "score": 0.34308487176895142, "image_path": "test_clip.tif" }, "geometry": { "type": "Polygon", "coordinates": [ [ [ 571679.45483000006061, 2844058.89238 ], [ 571679.45483000006061, 2844062.79238 ], [ 571674.304830000037327, 2844062.79238 ], [ 571674.304830000037327, 2844058.89238 ], [ 571679.45483000006061, 2844058.89238 ] ] ] } },
{ "type": "Feature", "properties": { "xmin": 2593.0, "ymin": 4323.0, "xmax": 2746.0, "ymax": 4455.0, "label": "Tree", "score": 0.3428531289100647, "image_path": "test_clip.tif" }, "geometry": { "type": "Polygon", "coordinates": [ [ [ 571793.604829999967478, 2844128.04238 ], [ 571793.604829999967478, 2844134.64238 ], [ 571785.95483000006061, 2844134.64238 ], [ 571785.95483000006061, 2844128.04238 ], [ 571793.604829999967478, 2844128.04238 ] ] ] } },
{ "type": "Feature", "properties": { "xmin": 7583.0, "ymin": 9274.0, "xmax": 7726.0, "ymax": 9412.0, "label": "Tree", "score": 0.3427390456199646, "image_path": "test_clip.tif" }, "geometry": { "type": "Polygon", "coordinates": [ [ [ 572042.604829999967478, 2843880.19238 ], [ 572042.604829999967478, 2843887.092379999812692 ], [ 572035.45483000006061, 2843887.092379999812692 ], [ 572035.45483000006061, 2843880.19238 ], [ 572042.604829999967478, 2843880.19238 ] ] ] } },
{ "type": "Feature", "properties": { "xmin": 448.0, "ymin": 1227.0, "xmax": 676.0, "ymax": 1451.0, "label": "Tree", "score": 0.34258005023002625, "image_path": "test_clip.tif" }, "geometry": { "type": "Polygon", "coordinates": [ [ [ 571690.104829999967478, 2844278.24237999971956 ], [ 571690.104829999967478, 2844289.44238 ], [ 571678.70483000006061, 2844289.44238 ], [ 571678.70483000006061, 2844278.24237999971956 ], [ 571690.104829999967478, 2844278.24237999971956 ] ] ] } },
{ "type": "Feature", "properties": { "xmin": 4446.0, "ymin": 8200.0, "xmax": 4582.0, "ymax": 8333.0, "label": "Tree", "score": 0.34251841902732849, "image_path": "test_clip.tif" }, "geometry": { "type": "Polygon", "coordinates": [ [ [ 571885.404830000014044, 2843934.14238 ], [ 571885.404830000014044, 2843940.79238 ], [ 571878.604829999967478, 2843940.79238 ], [ 571878.604829999967478, 2843934.14238 ], [ 571885.404830000014044, 2843934.14238 ] ] ] } },
{ "type": "Feature", "properties": { "xmin": 1967.0, "ymin": 1447.0, "xmax": 2232.0, "ymax": 1650.0, "label": "Tree", "score": 0.34189045429229736, "image_path": "test_clip.tif" }, "geometry": { "type": "Polygon", "coordinates": [ [ [ 571767.904830000014044, 2844268.29238 ], [ 571767.904830000014044, 2844278.44238 ], [ 571754.654830000014044, 2844278.44238 ], [ 571754.654830000014044, 2844268.29238 ], [ 571767.904830000014044, 2844268.29238 ] ] ] } },
{ "type": "Feature", "properties": { "xmin": 4633.0, "ymin": 7204.0, "xmax": 4766.0, "ymax": 7321.0, "label": "Tree", "score": 0.34188327193260193, "image_path": "test_clip.tif" }, "geometry": { "type": "Polygon", "coordinates": [ [ [ 571894.604829999967478, 2843984.74237999971956 ], [ 571894.604829999967478, 2843990.592379999812692 ], [ 571887.95483000006061, 2843990.592379999812692 ], [ 571887.95483000006061, 2843984.74237999971956 ], [ 571894.604829999967478, 2843984.74237999971956 ] ] ] } },
{ "type": "Feature", "properties": { "xmin": 2595.0, "ymin": 11901.0, "xmax": 2738.0, "ymax": 12041.0, "label": "Tree", "score": 0.34179851412773132, "image_path": "test_clip.tif" }, "geometry": { "type": "Polygon", "coordinates": [ [ [ 571793.20483000006061, 2843748.74237999971956 ], [ 571793.20483000006061, 2843755.74237999971956 ], [ 571786.054830000037327, 2843755.74237999971956 ], [ 571786.054830000037327, 2843748.74237999971956 ], [ 571793.20483000006061, 2843748.74237999971956 ] ] ] } },
{ "type": "Feature", "properties": { "xmin": 2659.0, "ymin": 5360.0, "xmax": 2777.0, "ymax": 5468.0, "label": "Tree", "score": 0.3417637050151825, "image_path": "test_clip.tif" }, "geometry": { "type": "Polygon", "coordinates": [ [ [ 571795.154830000014044, 2844077.39238 ], [ 571795.154830000014044, 2844082.79238 ], [ 571789.25483, 2844082.79238 ], [ 571789.25483, 2844077.39238 ], [ 571795.154830000014044, 2844077.39238 ] ] ] } },
{ "type": "Feature", "properties": { "xmin": 632.0, "ymin": 4539.0, "xmax": 773.0, "ymax": 4684.0, "label": "Tree", "score": 0.34175106883049011, "image_path": "test_clip.tif" }, "geometry": { "type": "Polygon", "coordinates": [ [ [ 571694.95483000006061, 2844116.592379999812692 ], [ 571694.95483000006061, 2844123.842379999812692 ], [ 571687.904830000014044, 2844123.842379999812692 ], [ 571687.904830000014044, 2844116.592379999812692 ], [ 571694.95483000006061, 2844116.592379999812692 ] ] ] } },
{ "type": "Feature", "properties": { "xmin": 1569.0, "ymin": 374.0, "xmax": 1717.0, "ymax": 525.0, "label": "Tree", "score": 0.34147006273269653, "image_path": "test_clip.tif" }, "geometry": { "type": "Polygon", "coordinates": [ [ [ 571742.154830000014044, 2844324.54238 ], [ 571742.154830000014044, 2844332.092379999812692 ], [ 571734.75483, 2844332.092379999812692 ], [ 571734.75483, 2844324.54238 ], [ 571742.154830000014044, 2844324.54238 ] ] ] } },
{ "type": "Feature", "properties": { "xmin": 9386.0, "ymin": 7637.0, "xmax": 9529.0, "ymax": 7779.0, "label": "Tree", "score": 0.34120950102806091, "image_path": "test_clip.tif" }, "geometry": { "type": "Polygon", "coordinates": [ [ [ 572132.75483, 2843961.842379999812692 ], [ 572132.75483, 2843968.94238 ], [ 572125.604829999967478, 2843968.94238 ], [ 572125.604829999967478, 2843961.842379999812692 ], [ 572132.75483, 2843961.842379999812692 ] ] ] } },
{ "type": "Feature", "properties": { "xmin": 609.0, "ymin": 4699.0, "xmax": 745.0, "ymax": 4834.0, "label": "Tree", "score": 0.34108811616897583, "image_path": "test_clip.tif" }, "geometry": { "type": "Polygon", "coordinates": [ [ [ 571693.554830000037327, 2844109.092379999812692 ], [ 571693.554830000037327, 2844115.842379999812692 ], [ 571686.75483, 2844115.842379999812692 ], [ 571686.75483, 2844109.092379999812692 ], [ 571693.554830000037327, 2844109.092379999812692 ] ] ] } },
{ "type": "Feature", "properties": { "xmin": 1487.0, "ymin": 2883.0, "xmax": 1628.0, "ymax": 3015.0, "label": "Tree", "score": 0.34063458442687988, "image_path": "test_clip.tif" }, "geometry": { "type": "Polygon", "coordinates": [ [ [ 571737.70483000006061, 2844200.04238 ], [ 571737.70483000006061, 2844206.64238 ], [ 571730.654830000014044, 2844206.64238 ], [ 571730.654830000014044, 2844200.04238 ], [ 571737.70483000006061, 2844200.04238 ] ] ] } },
{ "type": "Feature", "properties": { "xmin": 1355.0, "ymin": 3100.0, "xmax": 1498.0, "ymax": 3252.0, "label": "Tree", "score": 0.34061801433563232, "image_path": "test_clip.tif" }, "geometry": { "type": "Polygon", "coordinates": [ [ [ 571731.20483000006061, 2844188.19238 ], [ 571731.20483000006061, 2844195.79238 ], [ 571724.054830000037327, 2844195.79238 ], [ 571724.054830000037327, 2844188.19238 ], [ 571731.20483000006061, 2844188.19238 ] ] ] } },
{ "type": "Feature", "properties": { "xmin": 3039.0, "ymin": 13535.0, "xmax": 3180.0, "ymax": 13674.0, "label": "Tree", "score": 0.34055346250534058, "image_path": "test_clip.tif" }, "geometry": { "type": "Polygon", "coordinates": [ [ [ 571815.304830000037327, 2843667.092379999812692 ], [ 571815.304830000037327, 2843674.04238 ], [ 571808.25483, 2843674.04238 ], [ 571808.25483, 2843667.092379999812692 ], [ 571815.304830000037327, 2843667.092379999812692 ] ] ] } },
{ "type": "Feature", "properties": { "xmin": 8923.0, "ymin": 10328.0, "xmax": 9068.0, "ymax": 10473.0, "label": "Tree", "score": 0.33988493680953979, "image_path": "test_clip.tif" }, "geometry": { "type": "Polygon", "coordinates": [ [ [ 572109.704829999944195, 2843827.14238 ], [ 572109.704829999944195, 2843834.39238 ], [ 572102.454829999944195, 2843834.39238 ], [ 572102.454829999944195, 2843827.14238 ], [ 572109.704829999944195, 2843827.14238 ] ] ] } },
{ "type": "Feature", "properties": { "xmin": 609.0, "ymin": 8220.0, "xmax": 740.0, "ymax": 8347.0, "label": "Tree", "score": 0.33946269750595093, "image_path": "test_clip.tif" }, "geometry": { "type": "Polygon", "coordinates": [ [ [ 571693.304830000037327, 2843933.44238 ], [ 571693.304830000037327, 2843939.79238 ], [ 571686.75483, 2843939.79238 ], [ 571686.75483, 2843933.44238 ], [ 571693.304830000037327, 2843933.44238 ] ] ] } },
{ "type": "Feature", "properties": { "xmin": 7407.0, "ymin": 8642.0, "xmax": 7543.0, "ymax": 8771.0, "label": "Tree", "score": 0.33941265940666199, "image_path": "test_clip.tif" }, "geometry": { "type": "Polygon", "coordinates": [ [ [ 572033.45483000006061, 2843912.24237999971956 ], [ 572033.45483000006061, 2843918.69238 ], [ 572026.654830000014044, 2843918.69238 ], [ 572026.654830000014044, 2843912.24237999971956 ], [ 572033.45483000006061, 2843912.24237999971956 ] ] ] } },
{ "type": "Feature", "properties": { "xmin": 720.0, "ymin": 2988.0, "xmax": 858.0, "ymax": 3161.0, "label": "Tree", "score": 0.33926016092300415, "image_path": "test_clip.tif" }, "geometry": { "type": "Polygon", "coordinates": [ [ [ 571699.20483000006061, 2844192.74237999971956 ], [ 571699.20483000006061, 2844201.39238 ], [ 571692.304830000037327, 2844201.39238 ], [ 571692.304830000037327, 2844192.74237999971956 ], [ 571699.20483000006061, 2844192.74237999971956 ] ] ] } },
{ "type": "Feature", "properties": { "xmin": 2538.0, "ymin": 10986.0, "xmax": 2681.0, "ymax": 11129.0, "label": "Tree", "score": 0.33923202753067017, "image_path": "test_clip.tif" }, "geometry": { "type": "Polygon", "coordinates": [ [ [ 571790.354829999967478, 2843794.342379999812692 ], [ 571790.354829999967478, 2843801.49237999971956 ], [ 571783.20483000006061, 2843801.49237999971956 ], [ 571783.20483000006061, 2843794.342379999812692 ], [ 571790.354829999967478, 2843794.342379999812692 ] ] ] } },
{ "type": "Feature", "properties": { "xmin": 4668.0, "ymin": 7877.0, "xmax": 4805.0, "ymax": 7997.0, "label": "Tree", "score": 0.33898851275444031, "image_path": "test_clip.tif" }, "geometry": { "type": "Polygon", "coordinates": [ [ [ 571896.554830000037327, 2843950.94238 ], [ 571896.554830000037327, 2843956.94238 ], [ 571889.70483000006061, 2843956.94238 ], [ 571889.70483000006061, 2843950.94238 ], [ 571896.554830000037327, 2843950.94238 ] ] ] } },
{ "type": "Feature", "properties": { "xmin": 4528.0, "ymin": 721.0, "xmax": 4665.0, "ymax": 847.0, "label": "Tree", "score": 0.33890408277511597, "image_path": "test_clip.tif" }, "geometry": { "type": "Polygon", "coordinates": [ [ [ 571889.554830000037327, 2844308.44238 ], [ 571889.554830000037327, 2844314.74237999971956 ], [ 571882.70483000006061, 2844314.74237999971956 ], [ 571882.70483000006061, 2844308.44238 ], [ 571889.554830000037327, 2844308.44238 ] ] ] } },
{ "type": "Feature", "properties": { "xmin": 620.0, "ymin": 357.0, "xmax": 773.0, "ymax": 519.0, "label": "Tree", "score": 0.3388175368309021, "image_path": "test_clip.tif" }, "geometry": { "type": "Polygon", "coordinates": [ [ [ 571694.95483000006061, 2844324.842379999812692 ], [ 571694.95483000006061, 2844332.94238 ], [ 571687.304830000037327, 2844332.94238 ], [ 571687.304830000037327, 2844324.842379999812692 ], [ 571694.95483000006061, 2844324.842379999812692 ] ] ] } },
{ "type": "Feature", "properties": { "xmin": 4049.0, "ymin": 3128.0, "xmax": 4198.0, "ymax": 3274.0, "label": "Tree", "score": 0.33864894509315491, "image_path": "test_clip.tif" }, "geometry": { "type": "Polygon", "coordinates": [ [ [ 571866.20483000006061, 2844187.092379999812692 ], [ 571866.20483000006061, 2844194.39238 ], [ 571858.75483, 2844194.39238 ], [ 571858.75483, 2844187.092379999812692 ], [ 571866.20483000006061, 2844187.092379999812692 ] ] ] } },
{ "type": "Feature", "properties": { "xmin": 973.0, "ymin": 1631.0, "xmax": 1112.0, "ymax": 1770.0, "label": "Tree", "score": 0.3385356068611145, "image_path": "test_clip.tif" }, "geometry": { "type": "Polygon", "coordinates": [ [ [ 571711.904830000014044, 2844262.29238 ], [ 571711.904830000014044, 2844269.24237999971956 ], [ 571704.95483000006061, 2844269.24237999971956 ], [ 571704.95483000006061, 2844262.29238 ], [ 571711.904830000014044, 2844262.29238 ] ] ] } },
{ "type": "Feature", "properties": { "xmin": 1096.0, "ymin": 4324.0, "xmax": 1232.0, "ymax": 4441.0, "label": "Tree", "score": 0.3381369411945343, "image_path": "test_clip.tif" }, "geometry": { "type": "Polygon", "coordinates": [ [ [ 571717.904830000014044, 2844128.74237999971956 ], [ 571717.904830000014044, 2844134.592379999812692 ], [ 571711.104829999967478, 2844134.592379999812692 ], [ 571711.104829999967478, 2844128.74237999971956 ], [ 571717.904830000014044, 2844128.74237999971956 ] ] ] } },
{ "type": "Feature", "properties": { "xmin": 4486.0, "ymin": 41.0, "xmax": 4716.0, "ymax": 263.0, "label": "Tree", "score": 0.33786293864250183, "image_path": "test_clip.tif" }, "geometry": { "type": "Polygon", "coordinates": [ [ [ 571892.104829999967478, 2844337.64238 ], [ 571892.104829999967478, 2844348.74237999971956 ], [ 571880.604829999967478, 2844348.74237999971956 ], [ 571880.604829999967478, 2844337.64238 ], [ 571892.104829999967478, 2844337.64238 ] ] ] } },
{ "type": "Feature", "properties": { "xmin": 2497.0, "ymin": 2966.0, "xmax": 2856.0, "ymax": 3301.0, "label": "Tree", "score": 0.33753213286399841, "image_path": "test_clip.tif" }, "geometry": { "type": "Polygon", "coordinates": [ [ [ 571799.104829999967478, 2844185.74237999971956 ], [ 571799.104829999967478, 2844202.49237999971956 ], [ 571781.154830000014044, 2844202.49237999971956 ], [ 571781.154830000014044, 2844185.74237999971956 ], [ 571799.104829999967478, 2844185.74237999971956 ] ] ] } },
{ "type": "Feature", "properties": { "xmin": 10080.0, "ymin": 279.0, "xmax": 10195.0, "ymax": 416.0, "label": "Tree", "score": 0.33745837211608887, "image_path": "test_clip.tif" }, "geometry": { "type": "Polygon", "coordinates": [ [ [ 572166.054830000037327, 2844329.99237999971956 ], [ 572166.054830000037327, 2844336.842379999812692 ], [ 572160.304830000037327, 2844336.842379999812692 ], [ 572160.304830000037327, 2844329.99237999971956 ], [ 572166.054830000037327, 2844329.99237999971956 ] ] ] } },
{ "type": "Feature", "properties": { "xmin": 10824.0, "ymin": 7359.0, "xmax": 10951.0, "ymax": 7479.0, "label": "Tree", "score": 0.33712515234947205, "image_path": "test_clip.tif" }, "geometry": { "type": "Polygon", "coordinates": [ [ [ 572203.854829999967478, 2843976.842379999812692 ], [ 572203.854829999967478, 2843982.842379999812692 ], [ 572197.50483, 2843982.842379999812692 ], [ 572197.50483, 2843976.842379999812692 ], [ 572203.854829999967478, 2843976.842379999812692 ] ] ] } },
{ "type": "Feature", "properties": { "xmin": 5913.0, "ymin": 11021.0, "xmax": 6055.0, "ymax": 11162.0, "label": "Tree", "score": 0.33669334650039673, "image_path": "test_clip.tif" }, "geometry": { "type": "Polygon", "coordinates": [ [ [ 571959.054830000037327, 2843792.69238 ], [ 571959.054830000037327, 2843799.74237999971956 ], [ 571951.95483000006061, 2843799.74237999971956 ], [ 571951.95483000006061, 2843792.69238 ], [ 571959.054830000037327, 2843792.69238 ] ] ] } },
{ "type": "Feature", "properties": { "xmin": 3853.0, "ymin": 9385.0, "xmax": 3990.0, "ymax": 9516.0, "label": "Tree", "score": 0.33631283044815063, "image_path": "test_clip.tif" }, "geometry": { "type": "Polygon", "coordinates": [ [ [ 571855.804830000037327, 2843874.99237999971956 ], [ 571855.804830000037327, 2843881.54238 ], [ 571848.95483000006061, 2843881.54238 ], [ 571848.95483000006061, 2843874.99237999971956 ], [ 571855.804830000037327, 2843874.99237999971956 ] ] ] } },
{ "type": "Feature", "properties": { "xmin": 1256.0, "ymin": 3797.0, "xmax": 1400.0, "ymax": 3941.0, "label": "Tree", "score": 0.33607479929924011, "image_path": "test_clip.tif" }, "geometry": { "type": "Polygon", "coordinates": [ [ [ 571726.304830000037327, 2844153.74237999971956 ], [ 571726.304830000037327, 2844160.94238 ], [ 571719.104829999967478, 2844160.94238 ], [ 571719.104829999967478, 2844153.74237999971956 ], [ 571726.304830000037327, 2844153.74237999971956 ] ] ] } },
{ "type": "Feature", "properties": { "xmin": 877.0, "ymin": 2883.0, "xmax": 1006.0, "ymax": 2993.0, "label": "Tree", "score": 0.33603948354721069, "image_path": "test_clip.tif" }, "geometry": { "type": "Polygon", "coordinates": [ [ [ 571706.604829999967478, 2844201.14238 ], [ 571706.604829999967478, 2844206.64238 ], [ 571700.154830000014044, 2844206.64238 ], [ 571700.154830000014044, 2844201.14238 ], [ 571706.604829999967478, 2844201.14238 ] ] ] } },
{ "type": "Feature", "properties": { "xmin": 10332.0, "ymin": 6786.0, "xmax": 10468.0, "ymax": 6924.0, "label": "Tree", "score": 0.33595961332321167, "image_path": "test_clip.tif" }, "geometry": { "type": "Polygon", "coordinates": [ [ [ 572179.704829999944195, 2844004.592379999812692 ], [ 572179.704829999944195, 2844011.49237999971956 ], [ 572172.904830000014044, 2844011.49237999971956 ], [ 572172.904830000014044, 2844004.592379999812692 ], [ 572179.704829999944195, 2844004.592379999812692 ] ] ] } },
{ "type": "Feature", "properties": { "xmin": 2478.0, "ymin": 6852.0, "xmax": 2617.0, "ymax": 6985.0, "label": "Tree", "score": 0.33593985438346863, "image_path": "test_clip.tif" }, "geometry": { "type": "Polygon", "coordinates": [ [ [ 571787.154830000014044, 2844001.54238 ], [ 571787.154830000014044, 2844008.19238 ], [ 571780.20483000006061, 2844008.19238 ], [ 571780.20483000006061, 2844001.54238 ], [ 571787.154830000014044, 2844001.54238 ] ] ] } },
{ "type": "Feature", "properties": { "xmin": 6599.0, "ymin": 10234.0, "xmax": 6742.0, "ymax": 10373.0, "label": "Tree", "score": 0.33526593446731567, "image_path": "test_clip.tif" }, "geometry": { "type": "Polygon", "coordinates": [ [ [ 571993.404830000014044, 2843832.14238 ], [ 571993.404830000014044, 2843839.092379999812692 ], [ 571986.25483, 2843839.092379999812692 ], [ 571986.25483, 2843832.14238 ], [ 571993.404830000014044, 2843832.14238 ] ] ] } },
{ "type": "Feature", "properties": { "xmin": 1268.0, "ymin": 14403.0, "xmax": 1492.0, "ymax": 14627.0, "label": "Tree", "score": 0.33523452281951904, "image_path": "test_clip.tif" }, "geometry": { "type": "Polygon", "coordinates": [ [ [ 571730.904830000014044, 2843619.44238 ], [ 571730.904830000014044, 2843630.64238 ], [ 571719.70483000006061, 2843630.64238 ], [ 571719.70483000006061, 2843619.44238 ], [ 571730.904830000014044, 2843619.44238 ] ] ] } },
{ "type": "Feature", "properties": { "xmin": 9274.0, "ymin": 6764.0, "xmax": 9413.0, "ymax": 6911.0, "label": "Tree", "score": 0.33519747853279114, "image_path": "test_clip.tif" }, "geometry": { "type": "Polygon", "coordinates": [ [ [ 572126.954829999944195, 2844005.24237999971956 ], [ 572126.954829999944195, 2844012.592379999812692 ], [ 572120.00483, 2844012.592379999812692 ], [ 572120.00483, 2844005.24237999971956 ], [ 572126.954829999944195, 2844005.24237999971956 ] ] ] } },
{ "type": "Feature", "properties": { "xmin": 3678.0, "ymin": 2160.0, "xmax": 3810.0, "ymax": 2245.0, "label": "Tree", "score": 0.33502426743507385, "image_path": "test_clip.tif" }, "geometry": { "type": "Polygon", "coordinates": [ [ [ 571846.804830000037327, 2844238.54238 ], [ 571846.804830000037327, 2844242.79238 ], [ 571840.20483000006061, 2844242.79238 ], [ 571840.20483000006061, 2844238.54238 ], [ 571846.804830000037327, 2844238.54238 ] ] ] } },
{ "type": "Feature", "properties": { "xmin": 1454.0, "ymin": 11935.0, "xmax": 1593.0, "ymax": 12078.0, "label": "Tree", "score": 0.33494764566421509, "image_path": "test_clip.tif" }, "geometry": { "type": "Polygon", "coordinates": [ [ [ 571735.95483000006061, 2843746.89238 ], [ 571735.95483000006061, 2843754.04238 ], [ 571729.00483, 2843754.04238 ], [ 571729.00483, 2843746.89238 ], [ 571735.95483000006061, 2843746.89238 ] ] ] } },
{ "type": "Feature", "properties": { "xmin": 1099.0, "ymin": 4766.0, "xmax": 1242.0, "ymax": 4908.0, "label": "Tree", "score": 0.33491221070289612, "image_path": "test_clip.tif" }, "geometry": { "type": "Polygon", "coordinates": [ [ [ 571718.404830000014044, 2844105.39238 ], [ 571718.404830000014044, 2844112.49237999971956 ], [ 571711.25483, 2844112.49237999971956 ], [ 571711.25483, 2844105.39238 ], [ 571718.404830000014044, 2844105.39238 ] ] ] } },
{ "type": "Feature", "properties": { "xmin": 2828.0, "ymin": 5292.0, "xmax": 2956.0, "ymax": 5432.0, "label": "Tree", "score": 0.33478567004203796, "image_path": "test_clip.tif" }, "geometry": { "type": "Polygon", "coordinates": [ [ [ 571804.104829999967478, 2844079.19238 ], [ 571804.104829999967478, 2844086.19238 ], [ 571797.70483000006061, 2844086.19238 ], [ 571797.70483000006061, 2844079.19238 ], [ 571804.104829999967478, 2844079.19238 ] ] ] } },
{ "type": "Feature", "properties": { "xmin": 4321.0, "ymin": 5927.0, "xmax": 4447.0, "ymax": 6062.0, "label": "Tree", "score": 0.33438205718994141, "image_path": "test_clip.tif" }, "geometry": { "type": "Polygon", "coordinates": [ [ [ 571878.654830000014044, 2844047.69238 ], [ 571878.654830000014044, 2844054.44238 ], [ 571872.354829999967478, 2844054.44238 ], [ 571872.354829999967478, 2844047.69238 ], [ 571878.654830000014044, 2844047.69238 ] ] ] } },
{ "type": "Feature", "properties": { "xmin": 9449.0, "ymin": 6603.0, "xmax": 9592.0, "ymax": 6746.0, "label": "Tree", "score": 0.33431223034858704, "image_path": "test_clip.tif" }, "geometry": { "type": "Polygon", "coordinates": [ [ [ 572135.904830000014044, 2844013.49237999971956 ], [ 572135.904830000014044, 2844020.64238 ], [ 572128.75483, 2844020.64238 ], [ 572128.75483, 2844013.49237999971956 ], [ 572135.904830000014044, 2844013.49237999971956 ] ] ] } },
{ "type": "Feature", "properties": { "xmin": 10085.0, "ymin": 3603.0, "xmax": 10215.0, "ymax": 3720.0, "label": "Tree", "score": 0.33430632948875427, "image_path": "test_clip.tif" }, "geometry": { "type": "Polygon", "coordinates": [ [ [ 572167.054830000037327, 2844164.79238 ], [ 572167.054830000037327, 2844170.64238 ], [ 572160.554830000037327, 2844170.64238 ], [ 572160.554830000037327, 2844164.79238 ], [ 572167.054830000037327, 2844164.79238 ] ] ] } },
{ "type": "Feature", "properties": { "xmin": 5987.0, "ymin": 1448.0, "xmax": 6116.0, "ymax": 1571.0, "label": "Tree", "score": 0.33411559462547302, "image_path": "test_clip.tif" }, "geometry": { "type": "Polygon", "coordinates": [ [ [ 571962.104829999967478, 2844272.24237999971956 ], [ 571962.104829999967478, 2844278.39238 ], [ 571955.654830000014044, 2844278.39238 ], [ 571955.654830000014044, 2844272.24237999971956 ], [ 571962.104829999967478, 2844272.24237999971956 ] ] ] } },
{ "type": "Feature", "properties": { "xmin": 630.0, "ymin": 12242.0, "xmax": 766.0, "ymax": 12359.0, "label": "Tree", "score": 0.33384343981742859, "image_path": "test_clip.tif" }, "geometry": { "type": "Polygon", "coordinates": [ [ [ 571694.604829999967478, 2843732.842379999812692 ], [ 571694.604829999967478, 2843738.69238 ], [ 571687.804830000037327, 2843738.69238 ], [ 571687.804830000037327, 2843732.842379999812692 ], [ 571694.604829999967478, 2843732.842379999812692 ] ] ] } },
{ "type": "Feature", "properties": { "xmin": 5225.0, "ymin": 4890.0, "xmax": 5371.0, "ymax": 5039.0, "label": "Tree", "score": 0.33365833759307861, "image_path": "test_clip.tif" }, "geometry": { "type": "Polygon", "coordinates": [ [ [ 571924.854829999967478, 2844098.842379999812692 ], [ 571924.854829999967478, 2844106.29238 ], [ 571917.554830000037327, 2844106.29238 ], [ 571917.554830000037327, 2844098.842379999812692 ], [ 571924.854829999967478, 2844098.842379999812692 ] ] ] } },
{ "type": "Feature", "properties": { "xmin": 10514.0, "ymin": 4271.0, "xmax": 10650.0, "ymax": 4397.0, "label": "Tree", "score": 0.33354246616363525, "image_path": "test_clip.tif" }, "geometry": { "type": "Polygon", "coordinates": [ [ [ 572188.804830000037327, 2844130.94238 ], [ 572188.804830000037327, 2844137.24237999971956 ], [ 572182.00483, 2844137.24237999971956 ], [ 572182.00483, 2844130.94238 ], [ 572188.804830000037327, 2844130.94238 ] ] ] } },
{ "type": "Feature", "properties": { "xmin": 2378.0, "ymin": 11960.0, "xmax": 2518.0, "ymax": 12099.0, "label": "Tree", "score": 0.33348748087882996, "image_path": "test_clip.tif" }, "geometry": { "type": "Polygon", "coordinates": [ [ [ 571782.20483000006061, 2843745.842379999812692 ], [ 571782.20483000006061, 2843752.79238 ], [ 571775.20483000006061, 2843752.79238 ], [ 571775.20483000006061, 2843745.842379999812692 ], [ 571782.20483000006061, 2843745.842379999812692 ] ] ] } },
{ "type": "Feature", "properties": { "xmin": 2880.0, "ymin": 345.0, "xmax": 3020.0, "ymax": 496.0, "label": "Tree", "score": 0.33344194293022156, "image_path": "test_clip.tif" }, "geometry": { "type": "Polygon", "coordinates": [ [ [ 571807.304830000037327, 2844325.99237999971956 ], [ 571807.304830000037327, 2844333.54238 ], [ 571800.304830000037327, 2844333.54238 ], [ 571800.304830000037327, 2844325.99237999971956 ], [ 571807.304830000037327, 2844325.99237999971956 ] ] ] } },
{ "type": "Feature", "properties": { "xmin": 3098.0, "ymin": 1440.0, "xmax": 3238.0, "ymax": 1561.0, "label": "Tree", "score": 0.33334949612617493, "image_path": "test_clip.tif" }, "geometry": { "type": "Polygon", "coordinates": [ [ [ 571818.20483000006061, 2844272.74237999971956 ], [ 571818.20483000006061, 2844278.79238 ], [ 571811.20483000006061, 2844278.79238 ], [ 571811.20483000006061, 2844272.74237999971956 ], [ 571818.20483000006061, 2844272.74237999971956 ] ] ] } },
{ "type": "Feature", "properties": { "xmin": 2163.0, "ymin": 1443.0, "xmax": 2280.0, "ymax": 1553.0, "label": "Tree", "score": 0.33319342136383057, "image_path": "test_clip.tif" }, "geometry": { "type": "Polygon", "coordinates": [ [ [ 571770.304830000037327, 2844273.14238 ], [ 571770.304830000037327, 2844278.64238 ], [ 571764.45483000006061, 2844278.64238 ], [ 571764.45483000006061, 2844273.14238 ], [ 571770.304830000037327, 2844273.14238 ] ] ] } },
{ "type": "Feature", "properties": { "xmin": 3215.0, "ymin": 5174.0, "xmax": 3332.0, "ymax": 5282.0, "label": "Tree", "score": 0.33312568068504333, "image_path": "test_clip.tif" }, "geometry": { "type": "Polygon", "coordinates": [ [ [ 571822.904830000014044, 2844086.69238 ], [ 571822.904830000014044, 2844092.092379999812692 ], [ 571817.054830000037327, 2844092.092379999812692 ], [ 571817.054830000037327, 2844086.69238 ], [ 571822.904830000014044, 2844086.69238 ] ] ] } },
{ "type": "Feature", "properties": { "xmin": 3761.0, "ymin": 4559.0, "xmax": 3909.0, "ymax": 4709.0, "label": "Tree", "score": 0.33305948972702026, "image_path": "test_clip.tif" }, "geometry": { "type": "Polygon", "coordinates": [ [ [ 571851.75483, 2844115.342379999812692 ], [ 571851.75483, 2844122.842379999812692 ], [ 571844.354829999967478, 2844122.842379999812692 ], [ 571844.354829999967478, 2844115.342379999812692 ], [ 571851.75483, 2844115.342379999812692 ] ] ] } },
{ "type": "Feature", "properties": { "xmin": 1187.0, "ymin": 2225.0, "xmax": 1329.0, "ymax": 2367.0, "label": "Tree", "score": 0.33281821012496948, "image_path": "test_clip.tif" }, "geometry": { "type": "Polygon", "coordinates": [ [ [ 571722.75483, 2844232.44238 ], [ 571722.75483, 2844239.54238 ], [ 571715.654830000014044, 2844239.54238 ], [ 571715.654830000014044, 2844232.44238 ], [ 571722.75483, 2844232.44238 ] ] ] } },
{ "type": "Feature", "properties": { "xmin": 9763.0, "ymin": 7288.0, "xmax": 9904.0, "ymax": 7426.0, "label": "Tree", "score": 0.33267426490783691, "image_path": "test_clip.tif" }, "geometry": { "type": "Polygon", "coordinates": [ [ [ 572151.50483, 2843979.49237999971956 ], [ 572151.50483, 2843986.39238 ], [ 572144.454829999944195, 2843986.39238 ], [ 572144.454829999944195, 2843979.49237999971956 ], [ 572151.50483, 2843979.49237999971956 ] ] ] } },
{ "type": "Feature", "properties": { "xmin": 1557.0, "ymin": 1223.0, "xmax": 1703.0, "ymax": 1370.0, "label": "Tree", "score": 0.33251997828483582, "image_path": "test_clip.tif" }, "geometry": { "type": "Polygon", "coordinates": [ [ [ 571741.45483000006061, 2844282.29238 ], [ 571741.45483000006061, 2844289.64238 ], [ 571734.154830000014044, 2844289.64238 ], [ 571734.154830000014044, 2844282.29238 ], [ 571741.45483000006061, 2844282.29238 ] ] ] } },
{ "type": "Feature", "properties": { "xmin": 4825.0, "ymin": 11995.0, "xmax": 4961.0, "ymax": 12131.0, "label": "Tree", "score": 0.33232474327087402, "image_path": "test_clip.tif" }, "geometry": { "type": "Polygon", "coordinates": [ [ [ 571904.354829999967478, 2843744.24237999971956 ], [ 571904.354829999967478, 2843751.04238 ], [ 571897.554830000037327, 2843751.04238 ], [ 571897.554830000037327, 2843744.24237999971956 ], [ 571904.354829999967478, 2843744.24237999971956 ] ] ] } },
{ "type": "Feature", "properties": { "xmin": 10165.0, "ymin": 6926.0, "xmax": 10306.0, "ymax": 7064.0, "label": "Tree", "score": 0.33232304453849792, "image_path": "test_clip.tif" }, "geometry": { "type": "Polygon", "coordinates": [ [ [ 572171.604829999967478, 2843997.592379999812692 ], [ 572171.604829999967478, 2844004.49237999971956 ], [ 572164.554830000037327, 2844004.49237999971956 ], [ 572164.554830000037327, 2843997.592379999812692 ], [ 572171.604829999967478, 2843997.592379999812692 ] ] ] } },
{ "type": "Feature", "properties": { "xmin": 11335.0, "ymin": 5256.0, "xmax": 11470.0, "ymax": 5389.0, "label": "Tree", "score": 0.33193626999855042, "image_path": "test_clip.tif" }, "geometry": { "type": "Polygon", "coordinates": [ [ [ 572229.804830000037327, 2844081.342379999812692 ], [ 572229.804830000037327, 2844087.99237999971956 ], [ 572223.054830000037327, 2844087.99237999971956 ], [ 572223.054830000037327, 2844081.342379999812692 ], [ 572229.804830000037327, 2844081.342379999812692 ] ] ] } },
{ "type": "Feature", "properties": { "xmin": 1165.0, "ymin": 1625.0, "xmax": 1304.0, "ymax": 1765.0, "label": "Tree", "score": 0.33111938834190369, "image_path": "test_clip.tif" }, "geometry": { "type": "Polygon", "coordinates": [ [ [ 571721.50483, 2844262.54238 ], [ 571721.50483, 2844269.54238 ], [ 571714.554830000037327, 2844269.54238 ], [ 571714.554830000037327, 2844262.54238 ], [ 571721.50483, 2844262.54238 ] ] ] } },
{ "type": "Feature", "properties": { "xmin": 6891.0, "ymin": 12242.0, "xmax": 7028.0, "ymax": 12344.0, "label": "Tree", "score": 0.33082789182662964, "image_path": "test_clip.tif" }, "geometry": { "type": "Polygon", "coordinates": [ [ [ 572007.70483000006061, 2843733.592379999812692 ], [ 572007.70483000006061, 2843738.69238 ], [ 572000.854829999967478, 2843738.69238 ], [ 572000.854829999967478, 2843733.592379999812692 ], [ 572007.70483000006061, 2843733.592379999812692 ] ] ] } },
{ "type": "Feature", "properties": { "xmin": 9573.0, "ymin": 1713.0, "xmax": 9716.0, "ymax": 1864.0, "label": "Tree", "score": 0.33063411712646484, "image_path": "test_clip.tif" }, "geometry": { "type": "Polygon", "coordinates": [ [ [ 572142.104829999967478, 2844257.592379999812692 ], [ 572142.104829999967478, 2844265.14238 ], [ 572134.954829999944195, 2844265.14238 ], [ 572134.954829999944195, 2844257.592379999812692 ], [ 572142.104829999967478, 2844257.592379999812692 ] ] ] } },
{ "type": "Feature", "properties": { "xmin": 4320.0, "ymin": 9892.0, "xmax": 4440.0, "ymax": 10030.0, "label": "Tree", "score": 0.33037027716636658, "image_path": "test_clip.tif" }, "geometry": { "type": "Polygon", "coordinates": [ [ [ 571878.304830000037327, 2843849.29238 ], [ 571878.304830000037327, 2843856.19238 ], [ 571872.304830000037327, 2843856.19238 ], [ 571872.304830000037327, 2843849.29238 ], [ 571878.304830000037327, 2843849.29238 ] ] ] } },
{ "type": "Feature", "properties": { "xmin": 285.0, "ymin": 7202.0, "xmax": 423.0, "ymax": 7329.0, "label": "Tree", "score": 0.33030787110328674, "image_path": "test_clip.tif" }, "geometry": { "type": "Polygon", "coordinates": [ [ [ 571677.45483000006061, 2843984.342379999812692 ], [ 571677.45483000006061, 2843990.69238 ], [ 571670.554830000037327, 2843990.69238 ], [ 571670.554830000037327, 2843984.342379999812692 ], [ 571677.45483000006061, 2843984.342379999812692 ] ] ] } },
{ "type": "Feature", "properties": { "xmin": 4599.0, "ymin": 1618.0, "xmax": 4741.0, "ymax": 1764.0, "label": "Tree", "score": 0.33023959398269653, "image_path": "test_clip.tif" }, "geometry": { "type": "Polygon", "coordinates": [ [ [ 571893.354829999967478, 2844262.592379999812692 ], [ 571893.354829999967478, 2844269.89238 ], [ 571886.25483, 2844269.89238 ], [ 571886.25483, 2844262.592379999812692 ], [ 571893.354829999967478, 2844262.592379999812692 ] ] ] } },
{ "type": "Feature", "properties": { "xmin": 2823.0, "ymin": 901.0, "xmax": 2957.0, "ymax": 1059.0, "label": "Tree", "score": 0.3301791250705719, "image_path": "test_clip.tif" }, "geometry": { "type": "Polygon", "coordinates": [ [ [ 571804.154830000014044, 2844297.842379999812692 ], [ 571804.154830000014044, 2844305.74237999971956 ], [ 571797.45483000006061, 2844305.74237999971956 ], [ 571797.45483000006061, 2844297.842379999812692 ], [ 571804.154830000014044, 2844297.842379999812692 ] ] ] } },
{ "type": "Feature", "properties": { "xmin": 10557.0, "ymin": 3958.0, "xmax": 10685.0, "ymax": 4090.0, "label": "Tree", "score": 0.33006042242050171, "image_path": "test_clip.tif" }, "geometry": { "type": "Polygon", "coordinates": [ [ [ 572190.554830000037327, 2844146.29238 ], [ 572190.554830000037327, 2844152.89238 ], [ 572184.154830000014044, 2844152.89238 ], [ 572184.154830000014044, 2844146.29238 ], [ 572190.554830000037327, 2844146.29238 ] ] ] } },
{ "type": "Feature", "properties": { "xmin": 11687.0, "ymin": 1813.0, "xmax": 11827.0, "ymax": 1952.0, "label": "Tree", "score": 0.32996970415115356, "image_path": "test_clip.tif" }, "geometry": { "type": "Polygon", "coordinates": [ [ [ 572247.654830000014044, 2844253.19238 ], [ 572247.654830000014044, 2844260.14238 ], [ 572240.654830000014044, 2844260.14238 ], [ 572240.654830000014044, 2844253.19238 ], [ 572247.654830000014044, 2844253.19238 ] ] ] } },
{ "type": "Feature", "properties": { "xmin": 2186.0, "ymin": 11615.0, "xmax": 2327.0, "ymax": 11756.0, "label": "Tree", "score": 0.32979282736778259, "image_path": "test_clip.tif" }, "geometry": { "type": "Polygon", "coordinates": [ [ [ 571772.654830000014044, 2843762.99237999971956 ], [ 571772.654830000014044, 2843770.04238 ], [ 571765.604829999967478, 2843770.04238 ], [ 571765.604829999967478, 2843762.99237999971956 ], [ 571772.654830000014044, 2843762.99237999971956 ] ] ] } },
{ "type": "Feature", "properties": { "xmin": 5168.0, "ymin": 3139.0, "xmax": 5308.0, "ymax": 3275.0, "label": "Tree", "score": 0.32967707514762878, "image_path": "test_clip.tif" }, "geometry": { "type": "Polygon", "coordinates": [ [ [ 571921.70483000006061, 2844187.04238 ], [ 571921.70483000006061, 2844193.842379999812692 ], [ 571914.70483000006061, 2844193.842379999812692 ], [ 571914.70483000006061, 2844187.04238 ], [ 571921.70483000006061, 2844187.04238 ] ] ] } },
{ "type": "Feature", "properties": { "xmin": 5844.0, "ymin": 9021.0, "xmax": 5982.0, "ymax": 9156.0, "label": "Tree", "score": 0.32962620258331299, "image_path": "test_clip.tif" }, "geometry": { "type": "Polygon", "coordinates": [ [ [ 571955.404830000014044, 2843892.99237999971956 ], [ 571955.404830000014044, 2843899.74237999971956 ], [ 571948.50483, 2843899.74237999971956 ], [ 571948.50483, 2843892.99237999971956 ], [ 571955.404830000014044, 2843892.99237999971956 ] ] ] } },
{ "type": "Feature", "properties": { "xmin": 5574.0, "ymin": 7648.0, "xmax": 5715.0, "ymax": 7788.0, "label": "Tree", "score": 0.32940372824668884, "image_path": "test_clip.tif" }, "geometry": { "type": "Polygon", "coordinates": [ [ [ 571942.054830000037327, 2843961.39238 ], [ 571942.054830000037327, 2843968.39238 ], [ 571935.00483, 2843968.39238 ], [ 571935.00483, 2843961.39238 ], [ 571942.054830000037327, 2843961.39238 ] ] ] } },
{ "type": "Feature", "properties": { "xmin": 2475.0, "ymin": 9411.0, "xmax": 2612.0, "ymax": 9544.0, "label": "Tree", "score": 0.32933920621871948, "image_path": "test_clip.tif" }, "geometry": { "type": "Polygon", "coordinates": [ [ [ 571786.904830000014044, 2843873.592379999812692 ], [ 571786.904830000014044, 2843880.24237999971956 ], [ 571780.054830000037327, 2843880.24237999971956 ], [ 571780.054830000037327, 2843873.592379999812692 ], [ 571786.904830000014044, 2843873.592379999812692 ] ] ] } },
{ "type": "Feature", "properties": { "xmin": 4806.0, "ymin": 8594.0, "xmax": 4972.0, "ymax": 8719.0, "label": "Tree", "score": 0.3292769193649292, "image_path": "test_clip.tif" }, "geometry": { "type": "Polygon", "coordinates": [ [ [ 571904.904830000014044, 2843914.842379999812692 ], [ 571904.904830000014044, 2843921.092379999812692 ], [ 571896.604829999967478, 2843921.092379999812692 ], [ 571896.604829999967478, 2843914.842379999812692 ], [ 571904.904830000014044, 2843914.842379999812692 ] ] ] } },
{ "type": "Feature", "properties": { "xmin": 7015.0, "ymin": 9901.0, "xmax": 7156.0, "ymax": 10039.0, "label": "Tree", "score": 0.32920226454734802, "image_path": "test_clip.tif" }, "geometry": { "type": "Polygon", "coordinates": [ [ [ 572014.104829999967478, 2843848.842379999812692 ], [ 572014.104829999967478, 2843855.74237999971956 ], [ 572007.054830000037327, 2843855.74237999971956 ], [ 572007.054830000037327, 2843848.842379999812692 ], [ 572014.104829999967478, 2843848.842379999812692 ] ] ] } },
{ "type": "Feature", "properties": { "xmin": 10080.0, "ymin": 7348.0, "xmax": 10188.0, "ymax": 7499.0, "label": "Tree", "score": 0.32857635617256165, "image_path": "test_clip.tif" }, "geometry": { "type": "Polygon", "coordinates": [ [ [ 572165.704829999944195, 2843975.842379999812692 ], [ 572165.704829999944195, 2843983.39238 ], [ 572160.304830000037327, 2843983.39238 ], [ 572160.304830000037327, 2843975.842379999812692 ], [ 572165.704829999944195, 2843975.842379999812692 ] ] ] } },
{ "type": "Feature", "properties": { "xmin": 3339.0, "ymin": 7200.0, "xmax": 3472.0, "ymax": 7302.0, "label": "Tree", "score": 0.32853531837463379, "image_path": "test_clip.tif" }, "geometry": { "type": "Polygon", "coordinates": [ [ [ 571829.904830000014044, 2843985.69238 ], [ 571829.904830000014044, 2843990.79238 ], [ 571823.25483, 2843990.79238 ], [ 571823.25483, 2843985.69238 ], [ 571829.904830000014044, 2843985.69238 ] ] ] } },
{ "type": "Feature", "properties": { "xmin": 3091.0, "ymin": 8641.0, "xmax": 3229.0, "ymax": 8767.0, "label": "Tree", "score": 0.32843369245529175, "image_path": "test_clip.tif" }, "geometry": { "type": "Polygon", "coordinates": [ [ [ 571817.75483, 2843912.44238 ], [ 571817.75483, 2843918.74237999971956 ], [ 571810.854829999967478, 2843918.74237999971956 ], [ 571810.854829999967478, 2843912.44238 ], [ 571817.75483, 2843912.44238 ] ] ] } },
{ "type": "Feature", "properties": { "xmin": 0.0, "ymin": 11167.0, "xmax": 139.0, "ymax": 11318.0, "label": "Tree", "score": 0.32841247320175171, "image_path": "test_clip.tif" }, "geometry": { "type": "Polygon", "coordinates": [ [ [ 571663.25483, 2843784.89238 ], [ 571663.25483, 2843792.44238 ], [ 571656.304830000037327, 2843792.44238 ], [ 571656.304830000037327, 2843784.89238 ], [ 571663.25483, 2843784.89238 ] ] ] } },
{ "type": "Feature", "properties": { "xmin": 24.0, "ymin": 10802.0, "xmax": 161.0, "ymax": 10916.0, "label": "Tree", "score": 0.32808792591094971, "image_path": "test_clip.tif" }, "geometry": { "type": "Polygon", "coordinates": [ [ [ 571664.354829999967478, 2843804.99237999971956 ], [ 571664.354829999967478, 2843810.69238 ], [ 571657.50483, 2843810.69238 ], [ 571657.50483, 2843804.99237999971956 ], [ 571664.354829999967478, 2843804.99237999971956 ] ] ] } },
{ "type": "Feature", "properties": { "xmin": 4042.0, "ymin": 3718.0, "xmax": 4187.0, "ymax": 3860.0, "label": "Tree", "score": 0.32797658443450928, "image_path": "test_clip.tif" }, "geometry": { "type": "Polygon", "coordinates": [ [ [ 571865.654830000014044, 2844157.79238 ], [ 571865.654830000014044, 2844164.89238 ], [ 571858.404830000014044, 2844164.89238 ], [ 571858.404830000014044, 2844157.79238 ], [ 571865.654830000014044, 2844157.79238 ] ] ] } },
{ "type": "Feature", "properties": { "xmin": 4144.0, "ymin": 1078.0, "xmax": 4395.0, "ymax": 1336.0, "label": "Tree", "score": 0.32792937755584717, "image_path": "test_clip.tif" }, "geometry": { "type": "Polygon", "coordinates": [ [ [ 571876.054830000037327, 2844283.99237999971956 ], [ 571876.054830000037327, 2844296.89238 ], [ 571863.50483, 2844296.89238 ], [ 571863.50483, 2844283.99237999971956 ], [ 571876.054830000037327, 2844283.99237999971956 ] ] ] } },
{ "type": "Feature", "properties": { "xmin": 6039.0, "ymin": 10802.0, "xmax": 6179.0, "ymax": 10920.0, "label": "Tree", "score": 0.32790839672088623, "image_path": "test_clip.tif" }, "geometry": { "type": "Polygon", "coordinates": [ [ [ 571965.25483, 2843804.79238 ], [ 571965.25483, 2843810.69238 ], [ 571958.25483, 2843810.69238 ], [ 571958.25483, 2843804.79238 ], [ 571965.25483, 2843804.79238 ] ] ] } },
{ "type": "Feature", "properties": { "xmin": 4823.0, "ymin": 6960.0, "xmax": 4955.0, "ymax": 7096.0, "label": "Tree", "score": 0.32787436246871948, "image_path": "test_clip.tif" }, "geometry": { "type": "Polygon", "coordinates": [ [ [ 571904.054830000037327, 2843995.99237999971956 ], [ 571904.054830000037327, 2844002.79238 ], [ 571897.45483000006061, 2844002.79238 ], [ 571897.45483000006061, 2843995.99237999971956 ], [ 571904.054830000037327, 2843995.99237999971956 ] ] ] } },
{ "type": "Feature", "properties": { "xmin": 5043.0, "ymin": 6800.0, "xmax": 5180.0, "ymax": 6940.0, "label": "Tree", "score": 0.32773357629776001, "image_path": "test_clip.tif" }, "geometry": { "type": "Polygon", "coordinates": [ [ [ 571915.304830000037327, 2844003.79238 ], [ 571915.304830000037327, 2844010.79238 ], [ 571908.45483000006061, 2844010.79238 ], [ 571908.45483000006061, 2844003.79238 ], [ 571915.304830000037327, 2844003.79238 ] ] ] } },
{ "type": "Feature", "properties": { "xmin": 3868.0, "ymin": 9578.0, "xmax": 4163.0, "ymax": 9885.0, "label": "Tree", "score": 0.32764896750450134, "image_path": "test_clip.tif" }, "geometry": { "type": "Polygon", "coordinates": [ [ [ 571864.45483000006061, 2843856.54238 ], [ 571864.45483000006061, 2843871.89238 ], [ 571849.70483000006061, 2843871.89238 ], [ 571849.70483000006061, 2843856.54238 ], [ 571864.45483000006061, 2843856.54238 ] ] ] } },
{ "type": "Feature", "properties": { "xmin": 2312.0, "ymin": 12241.0, "xmax": 2450.0, "ymax": 12371.0, "label": "Tree", "score": 0.32689785957336426, "image_path": "test_clip.tif" }, "geometry": { "type": "Polygon", "coordinates": [ [ [ 571778.804830000037327, 2843732.24237999971956 ], [ 571778.804830000037327, 2843738.74237999971956 ], [ 571771.904830000014044, 2843738.74237999971956 ], [ 571771.904830000014044, 2843732.24237999971956 ], [ 571778.804830000037327, 2843732.24237999971956 ] ] ] } },
{ "type": "Feature", "properties": { "xmin": 3028.0, "ymin": 8205.0, "xmax": 3170.0, "ymax": 8344.0, "label": "Tree", "score": 0.3268258273601532, "image_path": "test_clip.tif" }, "geometry": { "type": "Polygon", "coordinates": [ [ [ 571814.804830000037327, 2843933.592379999812692 ], [ 571814.804830000037327, 2843940.54238 ], [ 571807.70483000006061, 2843940.54238 ], [ 571807.70483000006061, 2843933.592379999812692 ], [ 571814.804830000037327, 2843933.592379999812692 ] ] ] } },
{ "type": "Feature", "properties": { "xmin": 5647.0, "ymin": 2562.0, "xmax": 5775.0, "ymax": 2687.0, "label": "Tree", "score": 0.32654553651809692, "image_path": "test_clip.tif" }, "geometry": { "type": "Polygon", "coordinates": [ [ [ 571945.054830000037327, 2844216.44238 ], [ 571945.054830000037327, 2844222.69238 ], [ 571938.654830000014044, 2844222.69238 ], [ 571938.654830000014044, 2844216.44238 ], [ 571945.054830000037327, 2844216.44238 ] ] ] } },
{ "type": "Feature", "properties": { "xmin": 11887.0, "ymin": 4699.0, "xmax": 11979.0, "ymax": 4830.0, "label": "Tree", "score": 0.32629930973052979, "image_path": "test_clip.tif" }, "geometry": { "type": "Polygon", "coordinates": [ [ [ 572255.25483, 2844109.29238 ], [ 572255.25483, 2844115.842379999812692 ], [ 572250.654830000014044, 2844115.842379999812692 ], [ 572250.654830000014044, 2844109.29238 ], [ 572255.25483, 2844109.29238 ] ] ] } },
{ "type": "Feature", "properties": { "xmin": 4207.0, "ymin": 1440.0, "xmax": 4349.0, "ymax": 1560.0, "label": "Tree", "score": 0.3262593150138855, "image_path": "test_clip.tif" }, "geometry": { "type": "Polygon", "coordinates": [ [ [ 571873.75483, 2844272.79238 ], [ 571873.75483, 2844278.79238 ], [ 571866.654830000014044, 2844278.79238 ], [ 571866.654830000014044, 2844272.79238 ], [ 571873.75483, 2844272.79238 ] ] ] } },
{ "type": "Feature", "properties": { "xmin": 1492.0, "ymin": 11579.0, "xmax": 1631.0, "ymax": 11716.0, "label": "Tree", "score": 0.32620692253112793, "image_path": "test_clip.tif" }, "geometry": { "type": "Polygon", "coordinates": [ [ [ 571737.854829999967478, 2843764.99237999971956 ], [ 571737.854829999967478, 2843771.842379999812692 ], [ 571730.904830000014044, 2843771.842379999812692 ], [ 571730.904830000014044, 2843764.99237999971956 ], [ 571737.854829999967478, 2843764.99237999971956 ] ] ] } },
{ "type": "Feature", "properties": { "xmin": 11045.0, "ymin": 5462.0, "xmax": 11182.0, "ymax": 5596.0, "label": "Tree", "score": 0.32615324854850769, "image_path": "test_clip.tif" }, "geometry": { "type": "Polygon", "coordinates": [ [ [ 572215.404830000014044, 2844070.99237999971956 ], [ 572215.404830000014044, 2844077.69238 ], [ 572208.554830000037327, 2844077.69238 ], [ 572208.554830000037327, 2844070.99237999971956 ], [ 572215.404830000014044, 2844070.99237999971956 ] ] ] } },
{ "type": "Feature", "properties": { "xmin": 5453.0, "ymin": 7203.0, "xmax": 5584.0, "ymax": 7320.0, "label": "Tree", "score": 0.32587999105453491, "image_path": "test_clip.tif" }, "geometry": { "type": "Polygon", "coordinates": [ [ [ 571935.50483, 2843984.79238 ], [ 571935.50483, 2843990.64238 ], [ 571928.95483000006061, 2843990.64238 ], [ 571928.95483000006061, 2843984.79238 ], [ 571935.50483, 2843984.79238 ] ] ] } },
{ "type": "Feature", "properties": { "xmin": 2739.0, "ymin": 4232.0, "xmax": 2885.0, "ymax": 4379.0, "label": "Tree", "score": 0.32562986016273499, "image_path": "test_clip.tif" }, "geometry": { "type": "Polygon", "coordinates": [ [ [ 571800.554830000037327, 2844131.842379999812692 ], [ 571800.554830000037327, 2844139.19238 ], [ 571793.25483, 2844139.19238 ], [ 571793.25483, 2844131.842379999812692 ], [ 571800.554830000037327, 2844131.842379999812692 ] ] ] } },
{ "type": "Feature", "properties": { "xmin": 4853.0, "ymin": 1819.0, "xmax": 4998.0, "ymax": 1961.0, "label": "Tree", "score": 0.32562926411628723, "image_path": "test_clip.tif" }, "geometry": { "type": "Polygon", "coordinates": [ [ [ 571906.20483000006061, 2844252.74237999971956 ], [ 571906.20483000006061, 2844259.842379999812692 ], [ 571898.95483000006061, 2844259.842379999812692 ], [ 571898.95483000006061, 2844252.74237999971956 ], [ 571906.20483000006061, 2844252.74237999971956 ] ] ] } },
{ "type": "Feature", "properties": { "xmin": 2822.0, "ymin": 1266.0, "xmax": 2956.0, "ymax": 1440.0, "label": "Tree", "score": 0.32532864809036255, "image_path": "test_clip.tif" }, "geometry": { "type": "Polygon", "coordinates": [ [ [ 571804.104829999967478, 2844278.79238 ], [ 571804.104829999967478, 2844287.49237999971956 ], [ 571797.404830000014044, 2844287.49237999971956 ], [ 571797.404830000014044, 2844278.79238 ], [ 571804.104829999967478, 2844278.79238 ] ] ] } },
{ "type": "Feature", "properties": { "xmin": 3837.0, "ymin": 2880.0, "xmax": 3975.0, "ymax": 2977.0, "label": "Tree", "score": 0.3250124454498291, "image_path": "test_clip.tif" }, "geometry": { "type": "Polygon", "coordinates": [ [ [ 571855.054830000037327, 2844201.94238 ], [ 571855.054830000037327, 2844206.79238 ], [ 571848.154830000014044, 2844206.79238 ], [ 571848.154830000014044, 2844201.94238 ], [ 571855.054830000037327, 2844201.94238 ] ] ] } },
{ "type": "Feature", "properties": { "xmin": 4418.0, "ymin": 4528.0, "xmax": 4645.0, "ymax": 4753.0, "label": "Tree", "score": 0.32490813732147217, "image_path": "test_clip.tif" }, "geometry": { "type": "Polygon", "coordinates": [ [ [ 571888.554830000037327, 2844113.14238 ], [ 571888.554830000037327, 2844124.39238 ], [ 571877.20483000006061, 2844124.39238 ], [ 571877.20483000006061, 2844113.14238 ], [ 571888.554830000037327, 2844113.14238 ] ] ] } },
{ "type": "Feature", "properties": { "xmin": 8964.0, "ymin": 209.0, "xmax": 9093.0, "ymax": 325.0, "label": "Tree", "score": 0.32438942790031433, "image_path": "test_clip.tif" }, "geometry": { "type": "Polygon", "coordinates": [ [ [ 572110.954829999944195, 2844334.54238 ], [ 572110.954829999944195, 2844340.342379999812692 ], [ 572104.50483, 2844340.342379999812692 ], [ 572104.50483, 2844334.54238 ], [ 572110.954829999944195, 2844334.54238 ] ] ] } },
{ "type": "Feature", "properties": { "xmin": 6497.0, "ymin": 697.0, "xmax": 6629.0, "ymax": 797.0, "label": "Tree", "score": 0.32431519031524658, "image_path": "test_clip.tif" }, "geometry": { "type": "Polygon", "coordinates": [ [ [ 571987.75483, 2844310.94238 ], [ 571987.75483, 2844315.94238 ], [ 571981.154830000014044, 2844315.94238 ], [ 571981.154830000014044, 2844310.94238 ], [ 571987.75483, 2844310.94238 ] ] ] } },
{ "type": "Feature", "properties": { "xmin": 1132.0, "ymin": 2042.0, "xmax": 1275.0, "ymax": 2186.0, "label": "Tree", "score": 0.3242056667804718, "image_path": "test_clip.tif" }, "geometry": { "type": "Polygon", "coordinates": [ [ [ 571720.054830000037327, 2844241.49237999971956 ], [ 571720.054830000037327, 2844248.69238 ], [ 571712.904830000014044, 2844248.69238 ], [ 571712.904830000014044, 2844241.49237999971956 ], [ 571720.054830000037327, 2844241.49237999971956 ] ] ] } },
{ "type": "Feature", "properties": { "xmin": 3130.0, "ymin": 8528.0, "xmax": 3273.0, "ymax": 8673.0, "label": "Tree", "score": 0.32410383224487305, "image_path": "test_clip.tif" }, "geometry": { "type": "Polygon", "coordinates": [ [ [ 571819.95483000006061, 2843917.14238 ], [ 571819.95483000006061, 2843924.39238 ], [ 571812.804830000037327, 2843924.39238 ], [ 571812.804830000037327, 2843917.14238 ], [ 571819.95483000006061, 2843917.14238 ] ] ] } },
{ "type": "Feature", "properties": { "xmin": 11466.0, "ymin": 2052.0, "xmax": 11594.0, "ymax": 2195.0, "label": "Tree", "score": 0.32394132018089294, "image_path": "test_clip.tif" }, "geometry": { "type": "Polygon", "coordinates": [ [ [ 572236.00483, 2844241.04238 ], [ 572236.00483, 2844248.19238 ], [ 572229.604829999967478, 2844248.19238 ], [ 572229.604829999967478, 2844241.04238 ], [ 572236.00483, 2844241.04238 ] ] ] } },
{ "type": "Feature", "properties": { "xmin": 6846.0, "ymin": 9360.0, "xmax": 6984.0, "ymax": 9486.0, "label": "Tree", "score": 0.32374611496925354, "image_path": "test_clip.tif" }, "geometry": { "type": "Polygon", "coordinates": [ [ [ 572005.50483, 2843876.49237999971956 ], [ 572005.50483, 2843882.79238 ], [ 571998.604829999967478, 2843882.79238 ], [ 571998.604829999967478, 2843876.49237999971956 ], [ 572005.50483, 2843876.49237999971956 ] ] ] } },
{ "type": "Feature", "properties": { "xmin": 2601.0, "ymin": 10865.0, "xmax": 2742.0, "ymax": 11006.0, "label": "Tree", "score": 0.32358378171920776, "image_path": "test_clip.tif" }, "geometry": { "type": "Polygon", "coordinates": [ [ [ 571793.404830000014044, 2843800.49237999971956 ], [ 571793.404830000014044, 2843807.54238 ], [ 571786.354829999967478, 2843807.54238 ], [ 571786.354829999967478, 2843800.49237999971956 ], [ 571793.404830000014044, 2843800.49237999971956 ] ] ] } },
{ "type": "Feature", "properties": { "xmin": 9878.0, "ymin": 2504.0, "xmax": 10111.0, "ymax": 2724.0, "label": "Tree", "score": 0.32336321473121643, "image_path": "test_clip.tif" }, "geometry": { "type": "Polygon", "coordinates": [ [ [ 572161.854829999967478, 2844214.592379999812692 ], [ 572161.854829999967478, 2844225.592379999812692 ], [ 572150.204829999944195, 2844225.592379999812692 ], [ 572150.204829999944195, 2844214.592379999812692 ], [ 572161.854829999967478, 2844214.592379999812692 ] ] ] } },
{ "type": "Feature", "properties": { "xmin": 308.0, "ymin": 4994.0, "xmax": 430.0, "ymax": 5106.0, "label": "Tree", "score": 0.32330405712127686, "image_path": "test_clip.tif" }, "geometry": { "type": "Polygon", "coordinates": [ [ [ 571677.804830000037327, 2844095.49237999971956 ], [ 571677.804830000037327, 2844101.092379999812692 ], [ 571671.70483000006061, 2844101.092379999812692 ], [ 571671.70483000006061, 2844095.49237999971956 ], [ 571677.804830000037327, 2844095.49237999971956 ] ] ] } },
{ "type": "Feature", "properties": { "xmin": 1846.0, "ymin": 12058.0, "xmax": 1987.0, "ymax": 12197.0, "label": "Tree", "score": 0.32326376438140869, "image_path": "test_clip.tif" }, "geometry": { "type": "Polygon", "coordinates": [ [ [ 571755.654830000014044, 2843740.94238 ], [ 571755.654830000014044, 2843747.89238 ], [ 571748.604829999967478, 2843747.89238 ], [ 571748.604829999967478, 2843740.94238 ], [ 571755.654830000014044, 2843740.94238 ] ] ] } },
{ "type": "Feature", "properties": { "xmin": 9794.0, "ymin": 1497.0, "xmax": 9933.0, "ymax": 1638.0, "label": "Tree", "score": 0.3232090175151825, "image_path": "test_clip.tif" }, "geometry": { "type": "Polygon", "coordinates": [ [ [ 572152.954829999944195, 2844268.89238 ], [ 572152.954829999944195, 2844275.94238 ], [ 572146.00483, 2844275.94238 ], [ 572146.00483, 2844268.89238 ], [ 572152.954829999944195, 2844268.89238 ] ] ] } },
{ "type": "Feature", "properties": { "xmin": 2445.0, "ymin": 6234.0, "xmax": 2588.0, "ymax": 6379.0, "label": "Tree", "score": 0.32274466753005981, "image_path": "test_clip.tif" }, "geometry": { "type": "Polygon", "coordinates": [ [ [ 571785.70483000006061, 2844031.842379999812692 ], [ 571785.70483000006061, 2844039.092379999812692 ], [ 571778.554830000037327, 2844039.092379999812692 ], [ 571778.554830000037327, 2844031.842379999812692 ], [ 571785.70483000006061, 2844031.842379999812692 ] ] ] } },
{ "type": "Feature", "properties": { "xmin": 2411.0, "ymin": 11400.0, "xmax": 2546.0, "ymax": 11537.0, "label": "Tree", "score": 0.32263952493667603, "image_path": "test_clip.tif" }, "geometry": { "type": "Polygon", "coordinates": [ [ [ 571783.604829999967478, 2843773.94238 ], [ 571783.604829999967478, 2843780.79238 ], [ 571776.854829999967478, 2843780.79238 ], [ 571776.854829999967478, 2843773.94238 ], [ 571783.604829999967478, 2843773.94238 ] ] ] } },
{ "type": "Feature", "properties": { "xmin": 3296.0, "ymin": 12553.0, "xmax": 3430.0, "ymax": 12685.0, "label": "Tree", "score": 0.32263940572738647, "image_path": "test_clip.tif" }, "geometry": { "type": "Polygon", "coordinates": [ [ [ 571827.804830000037327, 2843716.54238 ], [ 571827.804830000037327, 2843723.14238 ], [ 571821.104829999967478, 2843723.14238 ], [ 571821.104829999967478, 2843716.54238 ], [ 571827.804830000037327, 2843716.54238 ] ] ] } },
{ "type": "Feature", "properties": { "xmin": 3643.0, "ymin": 4820.0, "xmax": 3772.0, "ymax": 4948.0, "label": "Tree", "score": 0.32244762778282166, "image_path": "test_clip.tif" }, "geometry": { "type": "Polygon", "coordinates": [ [ [ 571844.904830000014044, 2844103.39238 ], [ 571844.904830000014044, 2844109.79238 ], [ 571838.45483000006061, 2844109.79238 ], [ 571838.45483000006061, 2844103.39238 ], [ 571844.904830000014044, 2844103.39238 ] ] ] } },
{ "type": "Feature", "properties": { "xmin": 1070.0, "ymin": 6040.0, "xmax": 1206.0, "ymax": 6177.0, "label": "Tree", "score": 0.32240763306617737, "image_path": "test_clip.tif" }, "geometry": { "type": "Polygon", "coordinates": [ [ [ 571716.604829999967478, 2844041.94238 ], [ 571716.604829999967478, 2844048.79238 ], [ 571709.804830000037327, 2844048.79238 ], [ 571709.804830000037327, 2844041.94238 ], [ 571716.604829999967478, 2844041.94238 ] ] ] } },
{ "type": "Feature", "properties": { "xmin": 10262.0, "ymin": 508.0, "xmax": 10404.0, "ymax": 649.0, "label": "Tree", "score": 0.32237628102302551, "image_path": "test_clip.tif" }, "geometry": { "type": "Polygon", "coordinates": [ [ [ 572176.50483, 2844318.342379999812692 ], [ 572176.50483, 2844325.39238 ], [ 572169.404830000014044, 2844325.39238 ], [ 572169.404830000014044, 2844318.342379999812692 ], [ 572176.50483, 2844318.342379999812692 ] ] ] } },
{ "type": "Feature", "properties": { "xmin": 8171.0, "ymin": 8073.0, "xmax": 8312.0, "ymax": 8213.0, "label": "Tree", "score": 0.32223919034004211, "image_path": "test_clip.tif" }, "geometry": { "type": "Polygon", "coordinates": [ [ [ 572071.904830000014044, 2843940.14238 ], [ 572071.904830000014044, 2843947.14238 ], [ 572064.854829999967478, 2843947.14238 ], [ 572064.854829999967478, 2843940.14238 ], [ 572071.904830000014044, 2843940.14238 ] ] ] } },
{ "type": "Feature", "properties": { "xmin": 720.0, "ymin": 13196.0, "xmax": 834.0, "ymax": 13331.0, "label": "Tree", "score": 0.32220229506492615, "image_path": "test_clip.tif" }, "geometry": { "type": "Polygon", "coordinates": [ [ [ 571698.00483, 2843684.24237999971956 ], [ 571698.00483, 2843690.99237999971956 ], [ 571692.304830000037327, 2843690.99237999971956 ], [ 571692.304830000037327, 2843684.24237999971956 ], [ 571698.00483, 2843684.24237999971956 ] ] ] } },
{ "type": "Feature", "properties": { "xmin": 1317.0, "ymin": 13873.0, "xmax": 1456.0, "ymax": 14012.0, "label": "Tree", "score": 0.32201993465423584, "image_path": "test_clip.tif" }, "geometry": { "type": "Polygon", "coordinates": [ [ [ 571729.104829999967478, 2843650.19238 ], [ 571729.104829999967478, 2843657.14238 ], [ 571722.154830000014044, 2843657.14238 ], [ 571722.154830000014044, 2843650.19238 ], [ 571729.104829999967478, 2843650.19238 ] ] ] } },
{ "type": "Feature", "properties": { "xmin": 3622.0, "ymin": 2882.0, "xmax": 3764.0, "ymax": 3001.0, "label": "Tree", "score": 0.32182431221008301, "image_path": "test_clip.tif" }, "geometry": { "type": "Polygon", "coordinates": [ [ [ 571844.50483, 2844200.74237999971956 ], [ 571844.50483, 2844206.69238 ], [ 571837.404830000014044, 2844206.69238 ], [ 571837.404830000014044, 2844200.74237999971956 ], [ 571844.50483, 2844200.74237999971956 ] ] ] } },
{ "type": "Feature", "properties": { "xmin": 4322.0, "ymin": 12246.0, "xmax": 4445.0, "ymax": 12371.0, "label": "Tree", "score": 0.32178160548210144, "image_path": "test_clip.tif" }, "geometry": { "type": "Polygon", "coordinates": [ [ [ 571878.554830000037327, 2843732.24237999971956 ], [ 571878.554830000037327, 2843738.49237999971956 ], [ 571872.404830000014044, 2843738.49237999971956 ], [ 571872.404830000014044, 2843732.24237999971956 ], [ 571878.554830000037327, 2843732.24237999971956 ] ] ] } },
{ "type": "Feature", "properties": { "xmin": 5000.0, "ymin": 6487.0, "xmax": 5118.0, "ymax": 6611.0, "label": "Tree", "score": 0.32170477509498596, "image_path": "test_clip.tif" }, "geometry": { "type": "Polygon", "coordinates": [ [ [ 571912.20483000006061, 2844020.24237999971956 ], [ 571912.20483000006061, 2844026.44238 ], [ 571906.304830000037327, 2844026.44238 ], [ 571906.304830000037327, 2844020.24237999971956 ], [ 571912.20483000006061, 2844020.24237999971956 ] ] ] } },
{ "type": "Feature", "properties": { "xmin": 10801.0, "ymin": 725.0, "xmax": 10930.0, "ymax": 847.0, "label": "Tree", "score": 0.32170295715332031, "image_path": "test_clip.tif" }, "geometry": { "type": "Polygon", "coordinates": [ [ [ 572202.804830000037327, 2844308.44238 ], [ 572202.804830000037327, 2844314.54238 ], [ 572196.354829999967478, 2844314.54238 ], [ 572196.354829999967478, 2844308.44238 ], [ 572202.804830000037327, 2844308.44238 ] ] ] } },
{ "type": "Feature", "properties": { "xmin": 4070.0, "ymin": 10141.0, "xmax": 4204.0, "ymax": 10278.0, "label": "Tree", "score": 0.32165360450744629, "image_path": "test_clip.tif" }, "geometry": { "type": "Polygon", "coordinates": [ [ [ 571866.50483, 2843836.89238 ], [ 571866.50483, 2843843.74237999971956 ], [ 571859.804830000037327, 2843843.74237999971956 ], [ 571859.804830000037327, 2843836.89238 ], [ 571866.50483, 2843836.89238 ] ] ] } },
{ "type": "Feature", "properties": { "xmin": 3664.0, "ymin": 1849.0, "xmax": 3803.0, "ymax": 1990.0, "label": "Tree", "score": 0.32146179676055908, "image_path": "test_clip.tif" }, "geometry": { "type": "Polygon", "coordinates": [ [ [ 571846.45483000006061, 2844251.29238 ], [ 571846.45483000006061, 2844258.342379999812692 ], [ 571839.50483, 2844258.342379999812692 ], [ 571839.50483, 2844251.29238 ], [ 571846.45483000006061, 2844251.29238 ] ] ] } },
{ "type": "Feature", "properties": { "xmin": 4795.0, "ymin": 7293.0, "xmax": 4930.0, "ymax": 7430.0, "label": "Tree", "score": 0.32128295302391052, "image_path": "test_clip.tif" }, "geometry": { "type": "Polygon", "coordinates": [ [ [ 571902.804830000037327, 2843979.29238 ], [ 571902.804830000037327, 2843986.14238 ], [ 571896.054830000037327, 2843986.14238 ], [ 571896.054830000037327, 2843979.29238 ], [ 571902.804830000037327, 2843979.29238 ] ] ] } },
{ "type": "Feature", "properties": { "xmin": 1322.0, "ymin": 11837.0, "xmax": 1459.0, "ymax": 11972.0, "label": "Tree", "score": 0.32097312808036804, "image_path": "test_clip.tif" }, "geometry": { "type": "Polygon", "coordinates": [ [ [ 571729.25483, 2843752.19238 ], [ 571729.25483, 2843758.94238 ], [ 571722.404830000014044, 2843758.94238 ], [ 571722.404830000014044, 2843752.19238 ], [ 571729.25483, 2843752.19238 ] ] ] } },
{ "type": "Feature", "properties": { "xmin": 1902.0, "ymin": 2308.0, "xmax": 2046.0, "ymax": 2452.0, "label": "Tree", "score": 0.32058888673782349, "image_path": "test_clip.tif" }, "geometry": { "type": "Polygon", "coordinates": [ [ [ 571758.604829999967478, 2844228.19238 ], [ 571758.604829999967478, 2844235.39238 ], [ 571751.404830000014044, 2844235.39238 ], [ 571751.404830000014044, 2844228.19238 ], [ 571758.604829999967478, 2844228.19238 ] ] ] } },
{ "type": "Feature", "properties": { "xmin": 1489.0, "ymin": 14241.0, "xmax": 1604.0, "ymax": 14317.0, "label": "Tree", "score": 0.32035702466964722, "image_path": "test_clip.tif" }, "geometry": { "type": "Polygon", "coordinates": [ [ [ 571736.50483, 2843634.94238 ], [ 571736.50483, 2843638.74237999971956 ], [ 571730.75483, 2843638.74237999971956 ], [ 571730.75483, 2843634.94238 ], [ 571736.50483, 2843634.94238 ] ] ] } },
{ "type": "Feature", "properties": { "xmin": 5764.0, "ymin": 11178.0, "xmax": 5900.0, "ymax": 11320.0, "label": "Tree", "score": 0.32026350498199463, "image_path": "test_clip.tif" }, "geometry": { "type": "Polygon", "coordinates": [ [ [ 571951.304830000037327, 2843784.79238 ], [ 571951.304830000037327, 2843791.89238 ], [ 571944.50483, 2843791.89238 ], [ 571944.50483, 2843784.79238 ], [ 571951.304830000037327, 2843784.79238 ] ] ] } },
{ "type": "Feature", "properties": { "xmin": 4412.0, "ymin": 1064.0, "xmax": 4555.0, "ymax": 1209.0, "label": "Tree", "score": 0.32010900974273682, "image_path": "test_clip.tif" }, "geometry": { "type": "Polygon", "coordinates": [ [ [ 571884.054830000037327, 2844290.342379999812692 ], [ 571884.054830000037327, 2844297.592379999812692 ], [ 571876.904830000014044, 2844297.592379999812692 ], [ 571876.904830000014044, 2844290.342379999812692 ], [ 571884.054830000037327, 2844290.342379999812692 ] ] ] } },
{ "type": "Feature", "properties": { "xmin": 10681.0, "ymin": 5550.0, "xmax": 10822.0, "ymax": 5692.0, "label": "Tree", "score": 0.31998735666275024, "image_path": "test_clip.tif" }, "geometry": { "type": "Polygon", "coordinates": [ [ [ 572197.404830000014044, 2844066.19238 ], [ 572197.404830000014044, 2844073.29238 ], [ 572190.354829999967478, 2844073.29238 ], [ 572190.354829999967478, 2844066.19238 ], [ 572197.404830000014044, 2844066.19238 ] ] ] } },
{ "type": "Feature", "properties": { "xmin": 2279.0, "ymin": 4322.0, "xmax": 2420.0, "ymax": 4448.0, "label": "Tree", "score": 0.31985142827033997, "image_path": "test_clip.tif" }, "geometry": { "type": "Polygon", "coordinates": [ [ [ 571777.304830000037327, 2844128.39238 ], [ 571777.304830000037327, 2844134.69238 ], [ 571770.25483, 2844134.69238 ], [ 571770.25483, 2844128.39238 ], [ 571777.304830000037327, 2844128.39238 ] ] ] } },
{ "type": "Feature", "properties": { "xmin": 2160.0, "ymin": 8075.0, "xmax": 2290.0, "ymax": 8220.0, "label": "Tree", "score": 0.31971582770347595, "image_path": "test_clip.tif" }, "geometry": { "type": "Polygon", "coordinates": [ [ [ 571770.804830000037327, 2843939.79238 ], [ 571770.804830000037327, 2843947.04238 ], [ 571764.304830000037327, 2843947.04238 ], [ 571764.304830000037327, 2843939.79238 ], [ 571770.804830000037327, 2843939.79238 ] ] ] } },
{ "type": "Feature", "properties": { "xmin": 5788.0, "ymin": 9613.0, "xmax": 5925.0, "ymax": 9747.0, "label": "Tree", "score": 0.3195742666721344, "image_path": "test_clip.tif" }, "geometry": { "type": "Polygon", "coordinates": [ [ [ 571952.554830000037327, 2843863.44238 ], [ 571952.554830000037327, 2843870.14238 ], [ 571945.70483000006061, 2843870.14238 ], [ 571945.70483000006061, 2843863.44238 ], [ 571952.554830000037327, 2843863.44238 ] ] ] } },
{ "type": "Feature", "properties": { "xmin": 10585.0, "ymin": 5040.0, "xmax": 10725.0, "ymax": 5152.0, "label": "Tree", "score": 0.3194040060043335, "image_path": "test_clip.tif" }, "geometry": { "type": "Polygon", "coordinates": [ [ [ 572192.554830000037327, 2844093.19238 ], [ 572192.554830000037327, 2844098.79238 ], [ 572185.554830000037327, 2844098.79238 ], [ 572185.554830000037327, 2844093.19238 ], [ 572192.554830000037327, 2844093.19238 ] ] ] } },
{ "type": "Feature", "properties": { "xmin": 8008.0, "ymin": 8207.0, "xmax": 8147.0, "ymax": 8346.0, "label": "Tree", "score": 0.31936275959014893, "image_path": "test_clip.tif" }, "geometry": { "type": "Polygon", "coordinates": [ [ [ 572063.654830000014044, 2843933.49237999971956 ], [ 572063.654830000014044, 2843940.44238 ], [ 572056.70483000006061, 2843940.44238 ], [ 572056.70483000006061, 2843933.49237999971956 ], [ 572063.654830000014044, 2843933.49237999971956 ] ] ] } },
{ "type": "Feature", "properties": { "xmin": 3189.0, "ymin": 5846.0, "xmax": 3327.0, "ymax": 5984.0, "label": "Tree", "score": 0.31918773055076599, "image_path": "test_clip.tif" }, "geometry": { "type": "Polygon", "coordinates": [ [ [ 571822.654830000014044, 2844051.592379999812692 ], [ 571822.654830000014044, 2844058.49237999971956 ], [ 571815.75483, 2844058.49237999971956 ], [ 571815.75483, 2844051.592379999812692 ], [ 571822.654830000014044, 2844051.592379999812692 ] ] ] } },
{ "type": "Feature", "properties": { "xmin": 1163.0, "ymin": 2597.0, "xmax": 1302.0, "ymax": 2736.0, "label": "Tree", "score": 0.31905519962310791, "image_path": "test_clip.tif" }, "geometry": { "type": "Polygon", "coordinates": [ [ [ 571721.404830000014044, 2844213.99237999971956 ], [ 571721.404830000014044, 2844220.94238 ], [ 571714.45483000006061, 2844220.94238 ], [ 571714.45483000006061, 2844213.99237999971956 ], [ 571721.404830000014044, 2844213.99237999971956 ] ] ] } },
{ "type": "Feature", "properties": { "xmin": 254.0, "ymin": 5319.0, "xmax": 396.0, "ymax": 5464.0, "label": "Tree", "score": 0.31902095675468445, "image_path": "test_clip.tif" }, "geometry": { "type": "Polygon", "coordinates": [ [ [ 571676.104829999967478, 2844077.592379999812692 ], [ 571676.104829999967478, 2844084.842379999812692 ], [ 571669.00483, 2844084.842379999812692 ], [ 571669.00483, 2844077.592379999812692 ], [ 571676.104829999967478, 2844077.592379999812692 ] ] ] } },
{ "type": "Feature", "properties": { "xmin": 2008.0, "ymin": 10990.0, "xmax": 2148.0, "ymax": 11129.0, "label": "Tree", "score": 0.31872588396072388, "image_path": "test_clip.tif" }, "geometry": { "type": "Polygon", "coordinates": [ [ [ 571763.70483000006061, 2843794.342379999812692 ], [ 571763.70483000006061, 2843801.29238 ], [ 571756.70483000006061, 2843801.29238 ], [ 571756.70483000006061, 2843794.342379999812692 ], [ 571763.70483000006061, 2843794.342379999812692 ] ] ] } },
{ "type": "Feature", "properties": { "xmin": 673.0, "ymin": 7.0, "xmax": 796.0, "ymax": 130.0, "label": "Tree", "score": 0.31859669089317322, "image_path": "test_clip.tif" }, "geometry": { "type": "Polygon", "coordinates": [ [ [ 571696.104829999967478, 2844344.29238 ], [ 571696.104829999967478, 2844350.44238 ], [ 571689.95483000006061, 2844350.44238 ], [ 571689.95483000006061, 2844344.29238 ], [ 571696.104829999967478, 2844344.29238 ] ] ] } },
{ "type": "Feature", "properties": { "xmin": 1363.0, "ymin": 8009.0, "xmax": 1501.0, "ymax": 8153.0, "label": "Tree", "score": 0.31848663091659546, "image_path": "test_clip.tif" }, "geometry": { "type": "Polygon", "coordinates": [ [ [ 571731.354829999967478, 2843943.14238 ], [ 571731.354829999967478, 2843950.342379999812692 ], [ 571724.45483000006061, 2843950.342379999812692 ], [ 571724.45483000006061, 2843943.14238 ], [ 571731.354829999967478, 2843943.14238 ] ] ] } },
{ "type": "Feature", "properties": { "xmin": 1909.0, "ymin": 14678.0, "xmax": 2050.0, "ymax": 14818.0, "label": "Tree", "score": 0.31846877932548523, "image_path": "test_clip.tif" }, "geometry": { "type": "Polygon", "coordinates": [ [ [ 571758.804830000037327, 2843609.89238 ], [ 571758.804830000037327, 2843616.89238 ], [ 571751.75483, 2843616.89238 ], [ 571751.75483, 2843609.89238 ], [ 571758.804830000037327, 2843609.89238 ] ] ] } },
{ "type": "Feature", "properties": { "xmin": 2314.0, "ymin": 14033.0, "xmax": 2453.0, "ymax": 14168.0, "label": "Tree", "score": 0.31835922598838806, "image_path": "test_clip.tif" }, "geometry": { "type": "Polygon", "coordinates": [ [ [ 571778.95483000006061, 2843642.39238 ], [ 571778.95483000006061, 2843649.14238 ], [ 571772.00483, 2843649.14238 ], [ 571772.00483, 2843642.39238 ], [ 571778.95483000006061, 2843642.39238 ] ] ] } },
{ "type": "Feature", "properties": { "xmin": 4917.0, "ymin": 9998.0, "xmax": 5058.0, "ymax": 10136.0, "label": "Tree", "score": 0.31810179352760315, "image_path": "test_clip.tif" }, "geometry": { "type": "Polygon", "coordinates": [ [ [ 571909.20483000006061, 2843843.99237999971956 ], [ 571909.20483000006061, 2843850.89238 ], [ 571902.154830000014044, 2843850.89238 ], [ 571902.154830000014044, 2843843.99237999971956 ], [ 571909.20483000006061, 2843843.99237999971956 ] ] ] } },
{ "type": "Feature", "properties": { "xmin": 976.0, "ymin": 12387.0, "xmax": 1121.0, "ymax": 12535.0, "label": "Tree", "score": 0.31763952970504761, "image_path": "test_clip.tif" }, "geometry": { "type": "Polygon", "coordinates": [ [ [ 571712.354829999967478, 2843724.04238 ], [ 571712.354829999967478, 2843731.44238 ], [ 571705.104829999967478, 2843731.44238 ], [ 571705.104829999967478, 2843724.04238 ], [ 571712.354829999967478, 2843724.04238 ] ] ] } },
{ "type": "Feature", "properties": { "xmin": 11045.0, "ymin": 8794.0, "xmax": 11184.0, "ymax": 8933.0, "label": "Tree", "score": 0.31708034873008728, "image_path": "test_clip.tif" }, "geometry": { "type": "Polygon", "coordinates": [ [ [ 572215.50483, 2843904.14238 ], [ 572215.50483, 2843911.092379999812692 ], [ 572208.554830000037327, 2843911.092379999812692 ], [ 572208.554830000037327, 2843904.14238 ], [ 572215.50483, 2843904.14238 ] ] ] } },
{ "type": "Feature", "properties": { "xmin": 3324.0, "ymin": 944.0, "xmax": 3466.0, "ymax": 1087.0, "label": "Tree", "score": 0.31701788306236267, "image_path": "test_clip.tif" }, "geometry": { "type": "Polygon", "coordinates": [ [ [ 571829.604829999967478, 2844296.44238 ], [ 571829.604829999967478, 2844303.592379999812692 ], [ 571822.50483, 2844303.592379999812692 ], [ 571822.50483, 2844296.44238 ], [ 571829.604829999967478, 2844296.44238 ] ] ] } },
{ "type": "Feature", "properties": { "xmin": 4142.0, "ymin": 6.0, "xmax": 4280.0, "ymax": 119.0, "label": "Tree", "score": 0.31681272387504578, "image_path": "test_clip.tif" }, "geometry": { "type": "Polygon", "coordinates": [ [ [ 571870.304830000037327, 2844344.842379999812692 ], [ 571870.304830000037327, 2844350.49237999971956 ], [ 571863.404830000014044, 2844350.49237999971956 ], [ 571863.404830000014044, 2844344.842379999812692 ], [ 571870.304830000037327, 2844344.842379999812692 ] ] ] } },
{ "type": "Feature", "properties": { "xmin": 896.0, "ymin": 7982.0, "xmax": 1034.0, "ymax": 8121.0, "label": "Tree", "score": 0.31666991114616394, "image_path": "test_clip.tif" }, "geometry": { "type": "Polygon", "coordinates": [ [ [ 571708.00483, 2843944.74237999971956 ], [ 571708.00483, 2843951.69238 ], [ 571701.104829999967478, 2843951.69238 ], [ 571701.104829999967478, 2843944.74237999971956 ], [ 571708.00483, 2843944.74237999971956 ] ] ] } },
{ "type": "Feature", "properties": { "xmin": 1882.0, "ymin": 13112.0, "xmax": 2025.0, "ymax": 13255.0, "label": "Tree", "score": 0.31657147407531738, "image_path": "test_clip.tif" }, "geometry": { "type": "Polygon", "coordinates": [ [ [ 571757.554830000037327, 2843688.04238 ], [ 571757.554830000037327, 2843695.19238 ], [ 571750.404830000014044, 2843695.19238 ], [ 571750.404830000014044, 2843688.04238 ], [ 571757.554830000037327, 2843688.04238 ] ] ] } },
{ "type": "Feature", "properties": { "xmin": 5913.0, "ymin": 9390.0, "xmax": 6048.0, "ymax": 9522.0, "label": "Tree", "score": 0.31650692224502563, "image_path": "test_clip.tif" }, "geometry": { "type": "Polygon", "coordinates": [ [ [ 571958.70483000006061, 2843874.69238 ], [ 571958.70483000006061, 2843881.29238 ], [ 571951.95483000006061, 2843881.29238 ], [ 571951.95483000006061, 2843874.69238 ], [ 571958.70483000006061, 2843874.69238 ] ] ] } },
{ "type": "Feature", "properties": { "xmin": 10858.0, "ymin": 5161.0, "xmax": 11001.0, "ymax": 5303.0, "label": "Tree", "score": 0.31623408198356628, "image_path": "test_clip.tif" }, "geometry": { "type": "Polygon", "coordinates": [ [ [ 572206.354829999967478, 2844085.64238 ], [ 572206.354829999967478, 2844092.74237999971956 ], [ 572199.204829999944195, 2844092.74237999971956 ], [ 572199.204829999944195, 2844085.64238 ], [ 572206.354829999967478, 2844085.64238 ] ] ] } },
{ "type": "Feature", "properties": { "xmin": 4510.0, "ymin": 1851.0, "xmax": 4652.0, "ymax": 1990.0, "label": "Tree", "score": 0.31619155406951904, "image_path": "test_clip.tif" }, "geometry": { "type": "Polygon", "coordinates": [ [ [ 571888.904830000014044, 2844251.29238 ], [ 571888.904830000014044, 2844258.24237999971956 ], [ 571881.804830000037327, 2844258.24237999971956 ], [ 571881.804830000037327, 2844251.29238 ], [ 571888.904830000014044, 2844251.29238 ] ] ] } },
{ "type": "Feature", "properties": { "xmin": 1721.0, "ymin": 4641.0, "xmax": 1858.0, "ymax": 4776.0, "label": "Tree", "score": 0.31558376550674438, "image_path": "test_clip.tif" }, "geometry": { "type": "Polygon", "coordinates": [ [ [ 571749.20483000006061, 2844111.99237999971956 ], [ 571749.20483000006061, 2844118.74237999971956 ], [ 571742.354829999967478, 2844118.74237999971956 ], [ 571742.354829999967478, 2844111.99237999971956 ], [ 571749.20483000006061, 2844111.99237999971956 ] ] ] } },
{ "type": "Feature", "properties": { "xmin": 2044.0, "ymin": 1066.0, "xmax": 2184.0, "ymax": 1208.0, "label": "Tree", "score": 0.31498780846595764, "image_path": "test_clip.tif" }, "geometry": { "type": "Polygon", "coordinates": [ [ [ 571765.50483, 2844290.39238 ], [ 571765.50483, 2844297.49237999971956 ], [ 571758.50483, 2844297.49237999971956 ], [ 571758.50483, 2844290.39238 ], [ 571765.50483, 2844290.39238 ] ] ] } },
{ "type": "Feature", "properties": { "xmin": 476.0, "ymin": 11612.0, "xmax": 611.0, "ymax": 11750.0, "label": "Tree", "score": 0.31490448117256165, "image_path": "test_clip.tif" }, "geometry": { "type": "Polygon", "coordinates": [ [ [ 571686.854829999967478, 2843763.29238 ], [ 571686.854829999967478, 2843770.19238 ], [ 571680.104829999967478, 2843770.19238 ], [ 571680.104829999967478, 2843763.29238 ], [ 571686.854829999967478, 2843763.29238 ] ] ] } },
{ "type": "Feature", "properties": { "xmin": 1718.0, "ymin": 11705.0, "xmax": 1860.0, "ymax": 11847.0, "label": "Tree", "score": 0.31474822759628296, "image_path": "test_clip.tif" }, "geometry": { "type": "Polygon", "coordinates": [ [ [ 571749.304830000037327, 2843758.44238 ], [ 571749.304830000037327, 2843765.54238 ], [ 571742.20483000006061, 2843765.54238 ], [ 571742.20483000006061, 2843758.44238 ], [ 571749.304830000037327, 2843758.44238 ] ] ] } },
{ "type": "Feature", "properties": { "xmin": 3494.0, "ymin": 5059.0, "xmax": 3613.0, "ymax": 5173.0, "label": "Tree", "score": 0.31443703174591064, "image_path": "test_clip.tif" }, "geometry": { "type": "Polygon", "coordinates": [ [ [ 571836.95483000006061, 2844092.14238 ], [ 571836.95483000006061, 2844097.842379999812692 ], [ 571831.00483, 2844097.842379999812692 ], [ 571831.00483, 2844092.14238 ], [ 571836.95483000006061, 2844092.14238 ] ] ] } },
{ "type": "Feature", "properties": { "xmin": 7730.0, "ymin": 8426.0, "xmax": 7869.0, "ymax": 8564.0, "label": "Tree", "score": 0.31409651041030884, "image_path": "test_clip.tif" }, "geometry": { "type": "Polygon", "coordinates": [ [ [ 572049.75483, 2843922.592379999812692 ], [ 572049.75483, 2843929.49237999971956 ], [ 572042.804830000037327, 2843929.49237999971956 ], [ 572042.804830000037327, 2843922.592379999812692 ], [ 572049.75483, 2843922.592379999812692 ] ] ] } },
{ "type": "Feature", "properties": { "xmin": 9241.0, "ymin": 7771.0, "xmax": 9381.0, "ymax": 7910.0, "label": "Tree", "score": 0.31387120485305786, "image_path": "test_clip.tif" }, "geometry": { "type": "Polygon", "coordinates": [ [ [ 572125.354829999967478, 2843955.29238 ], [ 572125.354829999967478, 2843962.24237999971956 ], [ 572118.354829999967478, 2843962.24237999971956 ], [ 572118.354829999967478, 2843955.29238 ], [ 572125.354829999967478, 2843955.29238 ] ] ] } },
{ "type": "Feature", "properties": { "xmin": 980.0, "ymin": 2164.0, "xmax": 1112.0, "ymax": 2282.0, "label": "Tree", "score": 0.3138262927532196, "image_path": "test_clip.tif" }, "geometry": { "type": "Polygon", "coordinates": [ [ [ 571711.904830000014044, 2844236.69238 ], [ 571711.904830000014044, 2844242.592379999812692 ], [ 571705.304830000037327, 2844242.592379999812692 ], [ 571705.304830000037327, 2844236.69238 ], [ 571711.904830000014044, 2844236.69238 ] ] ] } },
{ "type": "Feature", "properties": { "xmin": 4342.0, "ymin": 1319.0, "xmax": 4488.0, "ymax": 1468.0, "label": "Tree", "score": 0.313661128282547, "image_path": "test_clip.tif" }, "geometry": { "type": "Polygon", "coordinates": [ [ [ 571880.70483000006061, 2844277.39238 ], [ 571880.70483000006061, 2844284.842379999812692 ], [ 571873.404830000014044, 2844284.842379999812692 ], [ 571873.404830000014044, 2844277.39238 ], [ 571880.70483000006061, 2844277.39238 ] ] ] } },
{ "type": "Feature", "properties": { "xmin": 7096.0, "ymin": 5760.0, "xmax": 7224.0, "ymax": 5863.0, "label": "Tree", "score": 0.31352633237838745, "image_path": "test_clip.tif" }, "geometry": { "type": "Polygon", "coordinates": [ [ [ 572017.50483, 2844057.64238 ], [ 572017.50483, 2844062.79238 ], [ 572011.104829999967478, 2844062.79238 ], [ 572011.104829999967478, 2844057.64238 ], [ 572017.50483, 2844057.64238 ] ] ] } },
{ "type": "Feature", "properties": { "xmin": 10080.0, "ymin": 6298.0, "xmax": 10205.0, "ymax": 6434.0, "label": "Tree", "score": 0.31340324878692627, "image_path": "test_clip.tif" }, "geometry": { "type": "Polygon", "coordinates": [ [ [ 572166.554830000037327, 2844029.092379999812692 ], [ 572166.554830000037327, 2844035.89238 ], [ 572160.304830000037327, 2844035.89238 ], [ 572160.304830000037327, 2844029.092379999812692 ], [ 572166.554830000037327, 2844029.092379999812692 ] ] ] } },
{ "type": "Feature", "properties": { "xmin": 2632.0, "ymin": 7555.0, "xmax": 2774.0, "ymax": 7696.0, "label": "Tree", "score": 0.31328985095024109, "image_path": "test_clip.tif" }, "geometry": { "type": "Polygon", "coordinates": [ [ [ 571795.00483, 2843965.99237999971956 ], [ 571795.00483, 2843973.04238 ], [ 571787.904830000014044, 2843973.04238 ], [ 571787.904830000014044, 2843965.99237999971956 ], [ 571795.00483, 2843965.99237999971956 ] ] ] } },
{ "type": "Feature", "properties": { "xmin": 9888.0, "ymin": 2727.0, "xmax": 10131.0, "ymax": 2956.0, "label": "Tree", "score": 0.31316995620727539, "image_path": "test_clip.tif" }, "geometry": { "type": "Polygon", "coordinates": [ [ [ 572162.854829999967478, 2844202.99237999971956 ], [ 572162.854829999967478, 2844214.44238 ], [ 572150.704829999944195, 2844214.44238 ], [ 572150.704829999944195, 2844202.99237999971956 ], [ 572162.854829999967478, 2844202.99237999971956 ] ] ] } },
{ "type": "Feature", "properties": { "xmin": 498.0, "ymin": 11927.0, "xmax": 637.0, "ymax": 12065.0, "label": "Tree", "score": 0.31314334273338318, "image_path": "test_clip.tif" }, "geometry": { "type": "Polygon", "coordinates": [ [ [ 571688.154830000014044, 2843747.54238 ], [ 571688.154830000014044, 2843754.44238 ], [ 571681.20483000006061, 2843754.44238 ], [ 571681.20483000006061, 2843747.54238 ], [ 571688.154830000014044, 2843747.54238 ] ] ] } },
{ "type": "Feature", "properties": { "xmin": 1167.0, "ymin": 5787.0, "xmax": 1306.0, "ymax": 5929.0, "label": "Tree", "score": 0.31306880712509155, "image_path": "test_clip.tif" }, "geometry": { "type": "Polygon", "coordinates": [ [ [ 571721.604829999967478, 2844054.342379999812692 ], [ 571721.604829999967478, 2844061.44238 ], [ 571714.654830000014044, 2844061.44238 ], [ 571714.654830000014044, 2844054.342379999812692 ], [ 571721.604829999967478, 2844054.342379999812692 ] ] ] } },
{ "type": "Feature", "properties": { "xmin": 943.0, "ymin": 4539.0, "xmax": 1085.0, "ymax": 4679.0, "label": "Tree", "score": 0.31297588348388672, "image_path": "test_clip.tif" }, "geometry": { "type": "Polygon", "coordinates": [ [ [ 571710.554830000037327, 2844116.842379999812692 ], [ 571710.554830000037327, 2844123.842379999812692 ], [ 571703.45483000006061, 2844123.842379999812692 ], [ 571703.45483000006061, 2844116.842379999812692 ], [ 571710.554830000037327, 2844116.842379999812692 ] ] ] } },
{ "type": "Feature", "properties": { "xmin": 4887.0, "ymin": 28.0, "xmax": 5030.0, "ymax": 167.0, "label": "Tree", "score": 0.31267136335372925, "image_path": "test_clip.tif" }, "geometry": { "type": "Polygon", "coordinates": [ [ [ 571907.804830000037327, 2844342.44238 ], [ 571907.804830000037327, 2844349.39238 ], [ 571900.654830000014044, 2844349.39238 ], [ 571900.654830000014044, 2844342.44238 ], [ 571907.804830000037327, 2844342.44238 ] ] ] } },
{ "type": "Feature", "properties": { "xmin": 1562.0, "ymin": 7976.0, "xmax": 1703.0, "ymax": 8118.0, "label": "Tree", "score": 0.31260877847671509, "image_path": "test_clip.tif" }, "geometry": { "type": "Polygon", "coordinates": [ [ [ 571741.45483000006061, 2843944.89238 ], [ 571741.45483000006061, 2843951.99237999971956 ], [ 571734.404830000014044, 2843951.99237999971956 ], [ 571734.404830000014044, 2843944.89238 ], [ 571741.45483000006061, 2843944.89238 ] ] ] } },
{ "type": "Feature", "properties": { "xmin": 5171.0, "ymin": 2664.0, "xmax": 5298.0, "ymax": 2788.0, "label": "Tree", "score": 0.31240266561508179, "image_path": "test_clip.tif" }, "geometry": { "type": "Polygon", "coordinates": [ [ [ 571921.20483000006061, 2844211.39238 ], [ 571921.20483000006061, 2844217.592379999812692 ], [ 571914.854829999967478, 2844217.592379999812692 ], [ 571914.854829999967478, 2844211.39238 ], [ 571921.20483000006061, 2844211.39238 ] ] ] } },
{ "type": "Feature", "properties": { "xmin": 11082.0, "ymin": 4925.0, "xmax": 11222.0, "ymax": 5063.0, "label": "Tree", "score": 0.31238427758216858, "image_path": "test_clip.tif" }, "geometry": { "type": "Polygon", "coordinates": [ [ [ 572217.404830000014044, 2844097.64238 ], [ 572217.404830000014044, 2844104.54238 ], [ 572210.404830000014044, 2844104.54238 ], [ 572210.404830000014044, 2844097.64238 ], [ 572217.404830000014044, 2844097.64238 ] ] ] } },
{ "type": "Feature", "properties": { "xmin": 2000.0, "ymin": 7604.0, "xmax": 2148.0, "ymax": 7754.0, "label": "Tree", "score": 0.31217819452285767, "image_path": "test_clip.tif" }, "geometry": { "type": "Polygon", "coordinates": [ [ [ 571763.70483000006061, 2843963.092379999812692 ], [ 571763.70483000006061, 2843970.592379999812692 ], [ 571756.304830000037327, 2843970.592379999812692 ], [ 571756.304830000037327, 2843963.092379999812692 ], [ 571763.70483000006061, 2843963.092379999812692 ] ] ] } },
{ "type": "Feature", "properties": { "xmin": 10056.0, "ymin": 9360.0, "xmax": 10160.0, "ymax": 9472.0, "label": "Tree", "score": 0.31209689378738403, "image_path": "test_clip.tif" }, "geometry": { "type": "Polygon", "coordinates": [ [ [ 572164.304830000037327, 2843877.19238 ], [ 572164.304830000037327, 2843882.79238 ], [ 572159.104829999967478, 2843882.79238 ], [ 572159.104829999967478, 2843877.19238 ], [ 572164.304830000037327, 2843877.19238 ] ] ] } },
{ "type": "Feature", "properties": { "xmin": 6096.0, "ymin": 418.0, "xmax": 6232.0, "ymax": 553.0, "label": "Tree", "score": 0.31198123097419739, "image_path": "test_clip.tif" }, "geometry": { "type": "Polygon", "coordinates": [ [ [ 571967.904830000014044, 2844323.14238 ], [ 571967.904830000014044, 2844329.89238 ], [ 571961.104829999967478, 2844329.89238 ], [ 571961.104829999967478, 2844323.14238 ], [ 571967.904830000014044, 2844323.14238 ] ] ] } },
{ "type": "Feature", "properties": { "xmin": 9900.0, "ymin": 6484.0, "xmax": 10036.0, "ymax": 6607.0, "label": "Tree", "score": 0.31187352538108826, "image_path": "test_clip.tif" }, "geometry": { "type": "Polygon", "coordinates": [ [ [ 572158.104829999967478, 2844020.44238 ], [ 572158.104829999967478, 2844026.592379999812692 ], [ 572151.304830000037327, 2844026.592379999812692 ], [ 572151.304830000037327, 2844020.44238 ], [ 572158.104829999967478, 2844020.44238 ] ] ] } },
{ "type": "Feature", "properties": { "xmin": 5129.0, "ymin": 12369.0, "xmax": 5266.0, "ymax": 12501.0, "label": "Tree", "score": 0.31182214617729187, "image_path": "test_clip.tif" }, "geometry": { "type": "Polygon", "coordinates": [ [ [ 571919.604829999967478, 2843725.74237999971956 ], [ 571919.604829999967478, 2843732.342379999812692 ], [ 571912.75483, 2843732.342379999812692 ], [ 571912.75483, 2843725.74237999971956 ], [ 571919.604829999967478, 2843725.74237999971956 ] ] ] } },
{ "type": "Feature", "properties": { "xmin": 10233.0, "ymin": 4015.0, "xmax": 10374.0, "ymax": 4157.0, "label": "Tree", "score": 0.31178158521652222, "image_path": "test_clip.tif" }, "geometry": { "type": "Polygon", "coordinates": [ [ [ 572175.00483, 2844142.94238 ], [ 572175.00483, 2844150.04238 ], [ 572167.954829999944195, 2844150.04238 ], [ 572167.954829999944195, 2844142.94238 ], [ 572175.00483, 2844142.94238 ] ] ] } },
{ "type": "Feature", "properties": { "xmin": 4492.0, "ymin": 1440.0, "xmax": 4630.0, "ymax": 1534.0, "label": "Tree", "score": 0.31152424216270447, "image_path": "test_clip.tif" }, "geometry": { "type": "Polygon", "coordinates": [ [ [ 571887.804830000037327, 2844274.092379999812692 ], [ 571887.804830000037327, 2844278.79238 ], [ 571880.904830000014044, 2844278.79238 ], [ 571880.904830000014044, 2844274.092379999812692 ], [ 571887.804830000037327, 2844274.092379999812692 ] ] ] } },
{ "type": "Feature", "properties": { "xmin": 2666.0, "ymin": 6865.0, "xmax": 2800.0, "ymax": 6993.0, "label": "Tree", "score": 0.31137743592262268, "image_path": "test_clip.tif" }, "geometry": { "type": "Polygon", "coordinates": [ [ [ 571796.304830000037327, 2844001.14238 ], [ 571796.304830000037327, 2844007.54238 ], [ 571789.604829999967478, 2844007.54238 ], [ 571789.604829999967478, 2844001.14238 ], [ 571796.304830000037327, 2844001.14238 ] ] ] } },
{ "type": "Feature", "properties": { "xmin": 1440.0, "ymin": 573.0, "xmax": 1557.0, "ymax": 711.0, "label": "Tree", "score": 0.31129798293113708, "image_path": "test_clip.tif" }, "geometry": { "type": "Polygon", "coordinates": [ [ [ 571734.154830000014044, 2844315.24237999971956 ], [ 571734.154830000014044, 2844322.14238 ], [ 571728.304830000037327, 2844322.14238 ], [ 571728.304830000037327, 2844315.24237999971956 ], [ 571734.154830000014044, 2844315.24237999971956 ] ] ] } },
{ "type": "Feature", "properties": { "xmin": 408.0, "ymin": 1010.0, "xmax": 549.0, "ymax": 1152.0, "label": "Tree", "score": 0.31128257513046265, "image_path": "test_clip.tif" }, "geometry": { "type": "Polygon", "coordinates": [ [ [ 571683.75483, 2844293.19238 ], [ 571683.75483, 2844300.29238 ], [ 571676.70483000006061, 2844300.29238 ], [ 571676.70483000006061, 2844293.19238 ], [ 571683.75483, 2844293.19238 ] ] ] } },
{ "type": "Feature", "properties": { "xmin": 1618.0, "ymin": 1442.0, "xmax": 1758.0, "ymax": 1568.0, "label": "Tree", "score": 0.31096586585044861, "image_path": "test_clip.tif" }, "geometry": { "type": "Polygon", "coordinates": [ [ [ 571744.20483000006061, 2844272.39238 ], [ 571744.20483000006061, 2844278.69238 ], [ 571737.20483000006061, 2844278.69238 ], [ 571737.20483000006061, 2844272.39238 ], [ 571744.20483000006061, 2844272.39238 ] ] ] } },
{ "type": "Feature", "properties": { "xmin": 2880.0, "ymin": 4852.0, "xmax": 3010.0, "ymax": 4997.0, "label": "Tree", "score": 0.31003651022911072, "image_path": "test_clip.tif" }, "geometry": { "type": "Polygon", "coordinates": [ [ [ 571806.804830000037327, 2844100.94238 ], [ 571806.804830000037327, 2844108.19238 ], [ 571800.304830000037327, 2844108.19238 ], [ 571800.304830000037327, 2844100.94238 ], [ 571806.804830000037327, 2844100.94238 ] ] ] } },
{ "type": "Feature", "properties": { "xmin": 1082.0, "ymin": 2.0, "xmax": 1216.0, "ymax": 96.0, "label": "Tree", "score": 0.30986464023590088, "image_path": "test_clip.tif" }, "geometry": { "type": "Polygon", "coordinates": [ [ [ 571717.104829999967478, 2844345.99237999971956 ], [ 571717.104829999967478, 2844350.69238 ], [ 571710.404830000014044, 2844350.69238 ], [ 571710.404830000014044, 2844345.99237999971956 ], [ 571717.104829999967478, 2844345.99237999971956 ] ] ] } },
{ "type": "Feature", "properties": { "xmin": 5349.0, "ymin": 2107.0, "xmax": 5499.0, "ymax": 2237.0, "label": "Tree", "score": 0.3098527193069458, "image_path": "test_clip.tif" }, "geometry": { "type": "Polygon", "coordinates": [ [ [ 571931.25483, 2844238.94238 ], [ 571931.25483, 2844245.44238 ], [ 571923.75483, 2844245.44238 ], [ 571923.75483, 2844238.94238 ], [ 571931.25483, 2844238.94238 ] ] ] } },
{ "type": "Feature", "properties": { "xmin": 11247.0, "ymin": 5947.0, "xmax": 11388.0, "ymax": 6087.0, "label": "Tree", "score": 0.30976706743240356, "image_path": "test_clip.tif" }, "geometry": { "type": "Polygon", "coordinates": [ [ [ 572225.704829999944195, 2844046.44238 ], [ 572225.704829999944195, 2844053.44238 ], [ 572218.654830000014044, 2844053.44238 ], [ 572218.654830000014044, 2844046.44238 ], [ 572225.704829999944195, 2844046.44238 ] ] ] } },
{ "type": "Feature", "properties": { "xmin": 4001.0, "ymin": 2010.0, "xmax": 4144.0, "ymax": 2152.0, "label": "Tree", "score": 0.30974391102790833, "image_path": "test_clip.tif" }, "geometry": { "type": "Polygon", "coordinates": [ [ [ 571863.50483, 2844243.19238 ], [ 571863.50483, 2844250.29238 ], [ 571856.354829999967478, 2844250.29238 ], [ 571856.354829999967478, 2844243.19238 ], [ 571863.50483, 2844243.19238 ] ] ] } },
{ "type": "Feature", "properties": { "xmin": 9055.0, "ymin": 9867.0, "xmax": 9188.0, "ymax": 9998.0, "label": "Tree", "score": 0.30973836779594421, "image_path": "test_clip.tif" }, "geometry": { "type": "Polygon", "coordinates": [ [ [ 572115.704829999944195, 2843850.89238 ], [ 572115.704829999944195, 2843857.44238 ], [ 572109.054830000037327, 2843857.44238 ], [ 572109.054830000037327, 2843850.89238 ], [ 572115.704829999944195, 2843850.89238 ] ] ] } },
{ "type": "Feature", "properties": { "xmin": 2724.0, "ymin": 2799.0, "xmax": 2864.0, "ymax": 2935.0, "label": "Tree", "score": 0.30964198708534241, "image_path": "test_clip.tif" }, "geometry": { "type": "Polygon", "coordinates": [ [ [ 571799.50483, 2844204.04238 ], [ 571799.50483, 2844210.842379999812692 ], [ 571792.50483, 2844210.842379999812692 ], [ 571792.50483, 2844204.04238 ], [ 571799.50483, 2844204.04238 ] ] ] } },
{ "type": "Feature", "properties": { "xmin": 712.0, "ymin": 13710.0, "xmax": 800.0, "ymax": 13845.0, "label": "Tree", "score": 0.30914685130119324, "image_path": "test_clip.tif" }, "geometry": { "type": "Polygon", "coordinates": [ [ [ 571696.304830000037327, 2843658.54238 ], [ 571696.304830000037327, 2843665.29238 ], [ 571691.904830000014044, 2843665.29238 ], [ 571691.904830000014044, 2843658.54238 ], [ 571696.304830000037327, 2843658.54238 ] ] ] } },
{ "type": "Feature", "properties": { "xmin": 1719.0, "ymin": 5195.0, "xmax": 1857.0, "ymax": 5324.0, "label": "Tree", "score": 0.30899488925933838, "image_path": "test_clip.tif" }, "geometry": { "type": "Polygon", "coordinates": [ [ [ 571749.154830000014044, 2844084.592379999812692 ], [ 571749.154830000014044, 2844091.04238 ], [ 571742.25483, 2844091.04238 ], [ 571742.25483, 2844084.592379999812692 ], [ 571749.154830000014044, 2844084.592379999812692 ] ] ] } },
{ "type": "Feature", "properties": { "xmin": 337.0, "ymin": 3157.0, "xmax": 473.0, "ymax": 3297.0, "label": "Tree", "score": 0.30896154046058655, "image_path": "test_clip.tif" }, "geometry": { "type": "Polygon", "coordinates": [ [ [ 571679.95483000006061, 2844185.94238 ], [ 571679.95483000006061, 2844192.94238 ], [ 571673.154830000014044, 2844192.94238 ], [ 571673.154830000014044, 2844185.94238 ], [ 571679.95483000006061, 2844185.94238 ] ] ] } },
{ "type": "Feature", "properties": { "xmin": 9117.0, "ymin": 6927.0, "xmax": 9256.0, "ymax": 7068.0, "label": "Tree", "score": 0.30891707539558411, "image_path": "test_clip.tif" }, "geometry": { "type": "Polygon", "coordinates": [ [ [ 572119.104829999967478, 2843997.39238 ], [ 572119.104829999967478, 2844004.44238 ], [ 572112.154830000014044, 2844004.44238 ], [ 572112.154830000014044, 2843997.39238 ], [ 572119.104829999967478, 2843997.39238 ] ] ] } },
{ "type": "Feature", "properties": { "xmin": 1623.0, "ymin": 2025.0, "xmax": 1758.0, "ymax": 2151.0, "label": "Tree", "score": 0.30881136655807495, "image_path": "test_clip.tif" }, "geometry": { "type": "Polygon", "coordinates": [ [ [ 571744.20483000006061, 2844243.24237999971956 ], [ 571744.20483000006061, 2844249.54238 ], [ 571737.45483000006061, 2844249.54238 ], [ 571737.45483000006061, 2844243.24237999971956 ], [ 571744.20483000006061, 2844243.24237999971956 ] ] ] } },
{ "type": "Feature", "properties": { "xmin": 570.0, "ymin": 1440.0, "xmax": 708.0, "ymax": 1538.0, "label": "Tree", "score": 0.30879181623458862, "image_path": "test_clip.tif" }, "geometry": { "type": "Polygon", "coordinates": [ [ [ 571691.70483000006061, 2844273.89238 ], [ 571691.70483000006061, 2844278.79238 ], [ 571684.804830000037327, 2844278.79238 ], [ 571684.804830000037327, 2844273.89238 ], [ 571691.70483000006061, 2844273.89238 ] ] ] } },
{ "type": "Feature", "properties": { "xmin": 5205.0, "ymin": 4603.0, "xmax": 5345.0, "ymax": 4743.0, "label": "Tree", "score": 0.30870461463928223, "image_path": "test_clip.tif" }, "geometry": { "type": "Polygon", "coordinates": [ [ [ 571923.554830000037327, 2844113.64238 ], [ 571923.554830000037327, 2844120.64238 ], [ 571916.554830000037327, 2844120.64238 ], [ 571916.554830000037327, 2844113.64238 ], [ 571923.554830000037327, 2844113.64238 ] ] ] } },
{ "type": "Feature", "properties": { "xmin": 2285.0, "ymin": 9211.0, "xmax": 2422.0, "ymax": 9347.0, "label": "Tree", "score": 0.30855259299278259, "image_path": "test_clip.tif" }, "geometry": { "type": "Polygon", "coordinates": [ [ [ 571777.404830000014044, 2843883.44238 ], [ 571777.404830000014044, 2843890.24237999971956 ], [ 571770.554830000037327, 2843890.24237999971956 ], [ 571770.554830000037327, 2843883.44238 ], [ 571777.404830000014044, 2843883.44238 ] ] ] } },
{ "type": "Feature", "properties": { "xmin": 6135.0, "ymin": 9611.0, "xmax": 6270.0, "ymax": 9746.0, "label": "Tree", "score": 0.30844810605049133, "image_path": "test_clip.tif" }, "geometry": { "type": "Polygon", "coordinates": [ [ [ 571969.804830000037327, 2843863.49237999971956 ], [ 571969.804830000037327, 2843870.24237999971956 ], [ 571963.054830000037327, 2843870.24237999971956 ], [ 571963.054830000037327, 2843863.49237999971956 ], [ 571969.804830000037327, 2843863.49237999971956 ] ] ] } },
{ "type": "Feature", "properties": { "xmin": 11167.0, "ymin": 2880.0, "xmax": 11297.0, "ymax": 2965.0, "label": "Tree", "score": 0.30811724066734314, "image_path": "test_clip.tif" }, "geometry": { "type": "Polygon", "coordinates": [ [ [ 572221.154830000014044, 2844202.54238 ], [ 572221.154830000014044, 2844206.79238 ], [ 572214.654830000014044, 2844206.79238 ], [ 572214.654830000014044, 2844202.54238 ], [ 572221.154830000014044, 2844202.54238 ] ] ] } },
{ "type": "Feature", "properties": { "xmin": 11757.0, "ymin": 2161.0, "xmax": 11888.0, "ymax": 2272.0, "label": "Tree", "score": 0.30809757113456726, "image_path": "test_clip.tif" }, "geometry": { "type": "Polygon", "coordinates": [ [ [ 572250.704829999944195, 2844237.19238 ], [ 572250.704829999944195, 2844242.74237999971956 ], [ 572244.154830000014044, 2844242.74237999971956 ], [ 572244.154830000014044, 2844237.19238 ], [ 572250.704829999944195, 2844237.19238 ] ] ] } },
{ "type": "Feature", "properties": { "xmin": 5879.0, "ymin": 9236.0, "xmax": 6018.0, "ymax": 9372.0, "label": "Tree", "score": 0.30796593427658081, "image_path": "test_clip.tif" }, "geometry": { "type": "Polygon", "coordinates": [ [ [ 571957.20483000006061, 2843882.19238 ], [ 571957.20483000006061, 2843888.99237999971956 ], [ 571950.25483, 2843888.99237999971956 ], [ 571950.25483, 2843882.19238 ], [ 571957.20483000006061, 2843882.19238 ] ] ] } },
{ "type": "Feature", "properties": { "xmin": 3479.0, "ymin": 8106.0, "xmax": 3620.0, "ymax": 8245.0, "label": "Tree", "score": 0.30791470408439636, "image_path": "test_clip.tif" }, "geometry": { "type": "Polygon", "coordinates": [ [ [ 571837.304830000037327, 2843938.54238 ], [ 571837.304830000037327, 2843945.49237999971956 ], [ 571830.25483, 2843945.49237999971956 ], [ 571830.25483, 2843938.54238 ], [ 571837.304830000037327, 2843938.54238 ] ] ] } },
{ "type": "Feature", "properties": { "xmin": 4321.0, "ymin": 6.0, "xmax": 4445.0, "ymax": 119.0, "label": "Tree", "score": 0.30783349275588989, "image_path": "test_clip.tif" }, "geometry": { "type": "Polygon", "coordinates": [ [ [ 571878.554830000037327, 2844344.842379999812692 ], [ 571878.554830000037327, 2844350.49237999971956 ], [ 571872.354829999967478, 2844350.49237999971956 ], [ 571872.354829999967478, 2844344.842379999812692 ], [ 571878.554830000037327, 2844344.842379999812692 ] ] ] } },
{ "type": "Feature", "properties": { "xmin": 1129.0, "ymin": 7544.0, "xmax": 1270.0, "ymax": 7686.0, "label": "Tree", "score": 0.30737870931625366, "image_path": "test_clip.tif" }, "geometry": { "type": "Polygon", "coordinates": [ [ [ 571719.804830000037327, 2843966.49237999971956 ], [ 571719.804830000037327, 2843973.592379999812692 ], [ 571712.75483, 2843973.592379999812692 ], [ 571712.75483, 2843966.49237999971956 ], [ 571719.804830000037327, 2843966.49237999971956 ] ] ] } },
{ "type": "Feature", "properties": { "xmin": 2307.0, "ymin": 5855.0, "xmax": 2436.0, "ymax": 5986.0, "label": "Tree", "score": 0.30730274319648743, "image_path": "test_clip.tif" }, "geometry": { "type": "Polygon", "coordinates": [ [ [ 571778.104829999967478, 2844051.49237999971956 ], [ 571778.104829999967478, 2844058.04238 ], [ 571771.654830000014044, 2844058.04238 ], [ 571771.654830000014044, 2844051.49237999971956 ], [ 571778.104829999967478, 2844051.49237999971956 ] ] ] } },
{ "type": "Feature", "properties": { "xmin": 1287.0, "ymin": 156.0, "xmax": 1425.0, "ymax": 294.0, "label": "Tree", "score": 0.30730080604553223, "image_path": "test_clip.tif" }, "geometry": { "type": "Polygon", "coordinates": [ [ [ 571727.554830000037327, 2844336.092379999812692 ], [ 571727.554830000037327, 2844342.99237999971956 ], [ 571720.654830000014044, 2844342.99237999971956 ], [ 571720.654830000014044, 2844336.092379999812692 ], [ 571727.554830000037327, 2844336.092379999812692 ] ] ] } },
{ "type": "Feature", "properties": { "xmin": 11559.0, "ymin": 5614.0, "xmax": 11699.0, "ymax": 5751.0, "label": "Tree", "score": 0.30726563930511475, "image_path": "test_clip.tif" }, "geometry": { "type": "Polygon", "coordinates": [ [ [ 572241.25483, 2844063.24237999971956 ], [ 572241.25483, 2844070.092379999812692 ], [ 572234.25483, 2844070.092379999812692 ], [ 572234.25483, 2844063.24237999971956 ], [ 572241.25483, 2844063.24237999971956 ] ] ] } },
{ "type": "Feature", "properties": { "xmin": 806.0, "ymin": 4689.0, "xmax": 947.0, "ymax": 4828.0, "label": "Tree", "score": 0.30725142359733582, "image_path": "test_clip.tif" }, "geometry": { "type": "Polygon", "coordinates": [ [ [ 571703.654830000014044, 2844109.39238 ], [ 571703.654830000014044, 2844116.342379999812692 ], [ 571696.604829999967478, 2844116.342379999812692 ], [ 571696.604829999967478, 2844109.39238 ], [ 571703.654830000014044, 2844109.39238 ] ] ] } },
{ "type": "Feature", "properties": { "xmin": 10910.0, "ymin": 1862.0, "xmax": 11022.0, "ymax": 1978.0, "label": "Tree", "score": 0.30704933404922485, "image_path": "test_clip.tif" }, "geometry": { "type": "Polygon", "coordinates": [ [ [ 572207.404830000014044, 2844251.89238 ], [ 572207.404830000014044, 2844257.69238 ], [ 572201.804830000037327, 2844257.69238 ], [ 572201.804830000037327, 2844251.89238 ], [ 572207.404830000014044, 2844251.89238 ] ] ] } },
{ "type": "Feature", "properties": { "xmin": 5462.0, "ymin": 5565.0, "xmax": 5700.0, "ymax": 5815.0, "label": "Tree", "score": 0.30693703889846802, "image_path": "test_clip.tif" }, "geometry": { "type": "Polygon", "coordinates": [ [ [ 571941.304830000037327, 2844060.04238 ], [ 571941.304830000037327, 2844072.54238 ], [ 571929.404830000014044, 2844072.54238 ], [ 571929.404830000014044, 2844060.04238 ], [ 571941.304830000037327, 2844060.04238 ] ] ] } },
{ "type": "Feature", "properties": { "xmin": 2183.0, "ymin": 7318.0, "xmax": 2325.0, "ymax": 7463.0, "label": "Tree", "score": 0.3067094087600708, "image_path": "test_clip.tif" }, "geometry": { "type": "Polygon", "coordinates": [ [ [ 571772.554830000037327, 2843977.64238 ], [ 571772.554830000037327, 2843984.89238 ], [ 571765.45483000006061, 2843984.89238 ], [ 571765.45483000006061, 2843977.64238 ], [ 571772.554830000037327, 2843977.64238 ] ] ] } },
{ "type": "Feature", "properties": { "xmin": 6438.0, "ymin": 9363.0, "xmax": 6558.0, "ymax": 9469.0, "label": "Tree", "score": 0.3065761923789978, "image_path": "test_clip.tif" }, "geometry": { "type": "Polygon", "coordinates": [ [ [ 571984.20483000006061, 2843877.342379999812692 ], [ 571984.20483000006061, 2843882.64238 ], [ 571978.20483000006061, 2843882.64238 ], [ 571978.20483000006061, 2843877.342379999812692 ], [ 571984.20483000006061, 2843877.342379999812692 ] ] ] } },
{ "type": "Feature", "properties": { "xmin": 11788.0, "ymin": 1946.0, "xmax": 11925.0, "ymax": 2087.0, "label": "Tree", "score": 0.30645909905433655, "image_path": "test_clip.tif" }, "geometry": { "type": "Polygon", "coordinates": [ [ [ 572252.554830000037327, 2844246.44238 ], [ 572252.554830000037327, 2844253.49237999971956 ], [ 572245.704829999944195, 2844253.49237999971956 ], [ 572245.704829999944195, 2844246.44238 ], [ 572252.554830000037327, 2844246.44238 ] ] ] } },
{ "type": "Feature", "properties": { "xmin": 875.0, "ymin": 6073.0, "xmax": 1011.0, "ymax": 6207.0, "label": "Tree", "score": 0.30624806880950928, "image_path": "test_clip.tif" }, "geometry": { "type": "Polygon", "coordinates": [ [ [ 571706.854829999967478, 2844040.44238 ], [ 571706.854829999967478, 2844047.14238 ], [ 571700.054830000037327, 2844047.14238 ], [ 571700.054830000037327, 2844040.44238 ], [ 571706.854829999967478, 2844040.44238 ] ] ] } },
{ "type": "Feature", "properties": { "xmin": 2510.0, "ymin": 5765.0, "xmax": 2642.0, "ymax": 5884.0, "label": "Tree", "score": 0.30624017119407654, "image_path": "test_clip.tif" }, "geometry": { "type": "Polygon", "coordinates": [ [ [ 571788.404830000014044, 2844056.592379999812692 ], [ 571788.404830000014044, 2844062.54238 ], [ 571781.804830000037327, 2844062.54238 ], [ 571781.804830000037327, 2844056.592379999812692 ], [ 571788.404830000014044, 2844056.592379999812692 ] ] ] } },
{ "type": "Feature", "properties": { "xmin": 7552.0, "ymin": 6013.0, "xmax": 7686.0, "ymax": 6148.0, "label": "Tree", "score": 0.30596527457237244, "image_path": "test_clip.tif" }, "geometry": { "type": "Polygon", "coordinates": [ [ [ 572040.604829999967478, 2844043.39238 ], [ 572040.604829999967478, 2844050.14238 ], [ 572033.904830000014044, 2844050.14238 ], [ 572033.904830000014044, 2844043.39238 ], [ 572040.604829999967478, 2844043.39238 ] ] ] } },
{ "type": "Feature", "properties": { "xmin": 2689.0, "ymin": 404.0, "xmax": 2828.0, "ymax": 545.0, "label": "Tree", "score": 0.30569413304328918, "image_path": "test_clip.tif" }, "geometry": { "type": "Polygon", "coordinates": [ [ [ 571797.70483000006061, 2844323.54238 ], [ 571797.70483000006061, 2844330.592379999812692 ], [ 571790.75483, 2844330.592379999812692 ], [ 571790.75483, 2844323.54238 ], [ 571797.70483000006061, 2844323.54238 ] ] ] } },
{ "type": "Feature", "properties": { "xmin": 7611.0, "ymin": 8495.0, "xmax": 7750.0, "ymax": 8634.0, "label": "Tree", "score": 0.30548030138015747, "image_path": "test_clip.tif" }, "geometry": { "type": "Polygon", "coordinates": [ [ [ 572043.804830000037327, 2843919.092379999812692 ], [ 572043.804830000037327, 2843926.04238 ], [ 572036.854829999967478, 2843926.04238 ], [ 572036.854829999967478, 2843919.092379999812692 ], [ 572043.804830000037327, 2843919.092379999812692 ] ] ] } },
{ "type": "Feature", "properties": { "xmin": 3801.0, "ymin": 6947.0, "xmax": 4014.0, "ymax": 7172.0, "label": "Tree", "score": 0.30545645952224731, "image_path": "test_clip.tif" }, "geometry": { "type": "Polygon", "coordinates": [ [ [ 571857.00483, 2843992.19238 ], [ 571857.00483, 2844003.44238 ], [ 571846.354829999967478, 2844003.44238 ], [ 571846.354829999967478, 2843992.19238 ], [ 571857.00483, 2843992.19238 ] ] ] } },
{ "type": "Feature", "properties": { "xmin": 3881.0, "ymin": 2764.0, "xmax": 4025.0, "ymax": 2907.0, "label": "Tree", "score": 0.30543598532676697, "image_path": "test_clip.tif" }, "geometry": { "type": "Polygon", "coordinates": [ [ [ 571857.554830000037327, 2844205.44238 ], [ 571857.554830000037327, 2844212.592379999812692 ], [ 571850.354829999967478, 2844212.592379999812692 ], [ 571850.354829999967478, 2844205.44238 ], [ 571857.554830000037327, 2844205.44238 ] ] ] } },
{ "type": "Feature", "properties": { "xmin": 11656.0, "ymin": 4900.0, "xmax": 11792.0, "ymax": 5032.0, "label": "Tree", "score": 0.3053223192691803, "image_path": "test_clip.tif" }, "geometry": { "type": "Polygon", "coordinates": [ [ [ 572245.904830000014044, 2844099.19238 ], [ 572245.904830000014044, 2844105.79238 ], [ 572239.104829999967478, 2844105.79238 ], [ 572239.104829999967478, 2844099.19238 ], [ 572245.904830000014044, 2844099.19238 ] ] ] } },
{ "type": "Feature", "properties": { "xmin": 6225.0, "ymin": 9152.0, "xmax": 6361.0, "ymax": 9287.0, "label": "Tree", "score": 0.30531126260757446, "image_path": "test_clip.tif" }, "geometry": { "type": "Polygon", "coordinates": [ [ [ 571974.354829999967478, 2843886.44238 ], [ 571974.354829999967478, 2843893.19238 ], [ 571967.554830000037327, 2843893.19238 ], [ 571967.554830000037327, 2843886.44238 ], [ 571974.354829999967478, 2843886.44238 ] ] ] } },
{ "type": "Feature", "properties": { "xmin": 3549.0, "ymin": 5816.0, "xmax": 3677.0, "ymax": 5953.0, "label": "Tree", "score": 0.30507004261016846, "image_path": "test_clip.tif" }, "geometry": { "type": "Polygon", "coordinates": [ [ [ 571840.154830000014044, 2844053.14238 ], [ 571840.154830000014044, 2844059.99237999971956 ], [ 571833.75483, 2844059.99237999971956 ], [ 571833.75483, 2844053.14238 ], [ 571840.154830000014044, 2844053.14238 ] ] ] } },
{ "type": "Feature", "properties": { "xmin": 2213.0, "ymin": 12160.0, "xmax": 2355.0, "ymax": 12296.0, "label": "Tree", "score": 0.30494022369384766, "image_path": "test_clip.tif" }, "geometry": { "type": "Polygon", "coordinates": [ [ [ 571774.054830000037327, 2843735.99237999971956 ], [ 571774.054830000037327, 2843742.79238 ], [ 571766.95483000006061, 2843742.79238 ], [ 571766.95483000006061, 2843735.99237999971956 ], [ 571774.054830000037327, 2843735.99237999971956 ] ] ] } },
{ "type": "Feature", "properties": { "xmin": 153.0, "ymin": 1979.0, "xmax": 295.0, "ymax": 2122.0, "label": "Tree", "score": 0.30461546778678894, "image_path": "test_clip.tif" }, "geometry": { "type": "Polygon", "coordinates": [ [ [ 571671.054830000037327, 2844244.69238 ], [ 571671.054830000037327, 2844251.842379999812692 ], [ 571663.95483000006061, 2844251.842379999812692 ], [ 571663.95483000006061, 2844244.69238 ], [ 571671.054830000037327, 2844244.69238 ] ] ] } },
{ "type": "Feature", "properties": { "xmin": 3474.0, "ymin": 1361.0, "xmax": 3615.0, "ymax": 1499.0, "label": "Tree", "score": 0.30432605743408203, "image_path": "test_clip.tif" }, "geometry": { "type": "Polygon", "coordinates": [ [ [ 571837.054830000037327, 2844275.842379999812692 ], [ 571837.054830000037327, 2844282.74237999971956 ], [ 571830.00483, 2844282.74237999971956 ], [ 571830.00483, 2844275.842379999812692 ], [ 571837.054830000037327, 2844275.842379999812692 ] ] ] } },
{ "type": "Feature", "properties": { "xmin": 3162.0, "ymin": 90.0, "xmax": 3303.0, "ymax": 232.0, "label": "Tree", "score": 0.30410513281822205, "image_path": "test_clip.tif" }, "geometry": { "type": "Polygon", "coordinates": [ [ [ 571821.45483000006061, 2844339.19238 ], [ 571821.45483000006061, 2844346.29238 ], [ 571814.404830000014044, 2844346.29238 ], [ 571814.404830000014044, 2844339.19238 ], [ 571821.45483000006061, 2844339.19238 ] ] ] } },
{ "type": "Feature", "properties": { "xmin": 1842.0, "ymin": 3125.0, "xmax": 1993.0, "ymax": 3271.0, "label": "Tree", "score": 0.30401203036308289, "image_path": "test_clip.tif" }, "geometry": { "type": "Polygon", "coordinates": [ [ [ 571755.95483000006061, 2844187.24237999971956 ], [ 571755.95483000006061, 2844194.54238 ], [ 571748.404830000014044, 2844194.54238 ], [ 571748.404830000014044, 2844187.24237999971956 ], [ 571755.95483000006061, 2844187.24237999971956 ] ] ] } },
{ "type": "Feature", "properties": { "xmin": 1247.0, "ymin": 7426.0, "xmax": 1364.0, "ymax": 7549.0, "label": "Tree", "score": 0.3033866286277771, "image_path": "test_clip.tif" }, "geometry": { "type": "Polygon", "coordinates": [ [ [ 571724.50483, 2843973.342379999812692 ], [ 571724.50483, 2843979.49237999971956 ], [ 571718.654830000014044, 2843979.49237999971956 ], [ 571718.654830000014044, 2843973.342379999812692 ], [ 571724.50483, 2843973.342379999812692 ] ] ] } },
{ "type": "Feature", "properties": { "xmin": 327.0, "ymin": 374.0, "xmax": 467.0, "ymax": 524.0, "label": "Tree", "score": 0.30319884419441223, "image_path": "test_clip.tif" }, "geometry": { "type": "Polygon", "coordinates": [ [ [ 571679.654830000014044, 2844324.592379999812692 ], [ 571679.654830000014044, 2844332.092379999812692 ], [ 571672.654830000014044, 2844332.092379999812692 ], [ 571672.654830000014044, 2844324.592379999812692 ], [ 571679.654830000014044, 2844324.592379999812692 ] ] ] } },
{ "type": "Feature", "properties": { "xmin": 2538.0, "ymin": 410.0, "xmax": 2675.0, "ymax": 551.0, "label": "Tree", "score": 0.30297163128852844, "image_path": "test_clip.tif" }, "geometry": { "type": "Polygon", "coordinates": [ [ [ 571790.054830000037327, 2844323.24237999971956 ], [ 571790.054830000037327, 2844330.29238 ], [ 571783.20483000006061, 2844330.29238 ], [ 571783.20483000006061, 2844323.24237999971956 ], [ 571790.054830000037327, 2844323.24237999971956 ] ] ] } },
{ "type": "Feature", "properties": { "xmin": 9902.0, "ymin": 9382.0, "xmax": 10023.0, "ymax": 9505.0, "label": "Tree", "score": 0.30291610956192017, "image_path": "test_clip.tif" }, "geometry": { "type": "Polygon", "coordinates": [ [ [ 572157.454829999944195, 2843875.54238 ], [ 572157.454829999944195, 2843881.69238 ], [ 572151.404830000014044, 2843881.69238 ], [ 572151.404830000014044, 2843875.54238 ], [ 572157.454829999944195, 2843875.54238 ] ] ] } },
{ "type": "Feature", "properties": { "xmin": 1128.0, "ymin": 1847.0, "xmax": 1271.0, "ymax": 1987.0, "label": "Tree", "score": 0.30278262495994568, "image_path": "test_clip.tif" }, "geometry": { "type": "Polygon", "coordinates": [ [ [ 571719.854829999967478, 2844251.44238 ], [ 571719.854829999967478, 2844258.44238 ], [ 571712.70483000006061, 2844258.44238 ], [ 571712.70483000006061, 2844251.44238 ], [ 571719.854829999967478, 2844251.44238 ] ] ] } },
{ "type": "Feature", "properties": { "xmin": 1490.0, "ymin": 1462.0, "xmax": 1635.0, "ymax": 1610.0, "label": "Tree", "score": 0.30275064706802368, "image_path": "test_clip.tif" }, "geometry": { "type": "Polygon", "coordinates": [ [ [ 571738.054830000037327, 2844270.29238 ], [ 571738.054830000037327, 2844277.69238 ], [ 571730.804830000037327, 2844277.69238 ], [ 571730.804830000037327, 2844270.29238 ], [ 571738.054830000037327, 2844270.29238 ] ] ] } },
{ "type": "Feature", "properties": { "xmin": 464.0, "ymin": 11173.0, "xmax": 601.0, "ymax": 11313.0, "label": "Tree", "score": 0.30259373784065247, "image_path": "test_clip.tif" }, "geometry": { "type": "Polygon", "coordinates": [ [ [ 571686.354829999967478, 2843785.14238 ], [ 571686.354829999967478, 2843792.14238 ], [ 571679.50483, 2843792.14238 ], [ 571679.50483, 2843785.14238 ], [ 571686.354829999967478, 2843785.14238 ] ] ] } },
{ "type": "Feature", "properties": { "xmin": 1947.0, "ymin": 3757.0, "xmax": 2086.0, "ymax": 3895.0, "label": "Tree", "score": 0.30213144421577454, "image_path": "test_clip.tif" }, "geometry": { "type": "Polygon", "coordinates": [ [ [ 571760.604829999967478, 2844156.04238 ], [ 571760.604829999967478, 2844162.94238 ], [ 571753.654830000014044, 2844162.94238 ], [ 571753.654830000014044, 2844156.04238 ], [ 571760.604829999967478, 2844156.04238 ] ] ] } },
{ "type": "Feature", "properties": { "xmin": 8426.0, "ymin": 9268.0, "xmax": 8547.0, "ymax": 9395.0, "label": "Tree", "score": 0.30212518572807312, "image_path": "test_clip.tif" }, "geometry": { "type": "Polygon", "coordinates": [ [ [ 572083.654830000014044, 2843881.04238 ], [ 572083.654830000014044, 2843887.39238 ], [ 572077.604829999967478, 2843887.39238 ], [ 572077.604829999967478, 2843881.04238 ], [ 572083.654830000014044, 2843881.04238 ] ] ] } },
{ "type": "Feature", "properties": { "xmin": 2280.0, "ymin": 3193.0, "xmax": 2421.0, "ymax": 3331.0, "label": "Tree", "score": 0.30209225416183472, "image_path": "test_clip.tif" }, "geometry": { "type": "Polygon", "coordinates": [ [ [ 571777.354829999967478, 2844184.24237999971956 ], [ 571777.354829999967478, 2844191.14238 ], [ 571770.304830000037327, 2844191.14238 ], [ 571770.304830000037327, 2844184.24237999971956 ], [ 571777.354829999967478, 2844184.24237999971956 ] ] ] } },
{ "type": "Feature", "properties": { "xmin": 7304.0, "ymin": 5781.0, "xmax": 7428.0, "ymax": 5904.0, "label": "Tree", "score": 0.30205878615379333, "image_path": "test_clip.tif" }, "geometry": { "type": "Polygon", "coordinates": [ [ [ 572027.70483000006061, 2844055.592379999812692 ], [ 572027.70483000006061, 2844061.74237999971956 ], [ 572021.50483, 2844061.74237999971956 ], [ 572021.50483, 2844055.592379999812692 ], [ 572027.70483000006061, 2844055.592379999812692 ] ] ] } },
{ "type": "Feature", "properties": { "xmin": 8486.0, "ymin": 9555.0, "xmax": 8626.0, "ymax": 9695.0, "label": "Tree", "score": 0.30204576253890991, "image_path": "test_clip.tif" }, "geometry": { "type": "Polygon", "coordinates": [ [ [ 572087.604829999967478, 2843866.04238 ], [ 572087.604829999967478, 2843873.04238 ], [ 572080.604829999967478, 2843873.04238 ], [ 572080.604829999967478, 2843866.04238 ], [ 572087.604829999967478, 2843866.04238 ] ] ] } },
{ "type": "Feature", "properties": { "xmin": 1877.0, "ymin": 1722.0, "xmax": 2010.0, "ymax": 1856.0, "label": "Tree", "score": 0.30196079611778259, "image_path": "test_clip.tif" }, "geometry": { "type": "Polygon", "coordinates": [ [ [ 571756.804830000037327, 2844257.99237999971956 ], [ 571756.804830000037327, 2844264.69238 ], [ 571750.154830000014044, 2844264.69238 ], [ 571750.154830000014044, 2844257.99237999971956 ], [ 571756.804830000037327, 2844257.99237999971956 ] ] ] } },
{ "type": "Feature", "properties": { "xmin": 2313.0, "ymin": 1468.0, "xmax": 2452.0, "ymax": 1607.0, "label": "Tree", "score": 0.30186429619789124, "image_path": "test_clip.tif" }, "geometry": { "type": "Polygon", "coordinates": [ [ [ 571778.904830000014044, 2844270.44238 ], [ 571778.904830000014044, 2844277.39238 ], [ 571771.95483000006061, 2844277.39238 ], [ 571771.95483000006061, 2844270.44238 ], [ 571778.904830000014044, 2844270.44238 ] ] ] } },
{ "type": "Feature", "properties": { "xmin": 4040.0, "ymin": 5945.0, "xmax": 4182.0, "ymax": 6083.0, "label": "Tree", "score": 0.30152174830436707, "image_path": "test_clip.tif" }, "geometry": { "type": "Polygon", "coordinates": [ [ [ 571865.404830000014044, 2844046.64238 ], [ 571865.404830000014044, 2844053.54238 ], [ 571858.304830000037327, 2844053.54238 ], [ 571858.304830000037327, 2844046.64238 ], [ 571865.404830000014044, 2844046.64238 ] ] ] } },
{ "type": "Feature", "properties": { "xmin": 2410.0, "ymin": 14241.0, "xmax": 2547.0, "ymax": 14355.0, "label": "Tree", "score": 0.3013346791267395, "image_path": "test_clip.tif" }, "geometry": { "type": "Polygon", "coordinates": [ [ [ 571783.654830000014044, 2843633.04238 ], [ 571783.654830000014044, 2843638.74237999971956 ], [ 571776.804830000037327, 2843638.74237999971956 ], [ 571776.804830000037327, 2843633.04238 ], [ 571783.654830000014044, 2843633.04238 ] ] ] } },
{ "type": "Feature", "properties": { "xmin": 1654.0, "ymin": 11583.0, "xmax": 1794.0, "ymax": 11723.0, "label": "Tree", "score": 0.30122071504592896, "image_path": "test_clip.tif" }, "geometry": { "type": "Polygon", "coordinates": [ [ [ 571746.00483, 2843764.64238 ], [ 571746.00483, 2843771.64238 ], [ 571739.00483, 2843771.64238 ], [ 571739.00483, 2843764.64238 ], [ 571746.00483, 2843764.64238 ] ] ] } },
{ "type": "Feature", "properties": { "xmin": 3708.0, "ymin": 13657.0, "xmax": 3857.0, "ymax": 13760.0, "label": "Tree", "score": 0.30105265974998474, "image_path": "test_clip.tif" }, "geometry": { "type": "Polygon", "coordinates": [ [ [ 571849.154830000014044, 2843662.79238 ], [ 571849.154830000014044, 2843667.94238 ], [ 571841.70483000006061, 2843667.94238 ], [ 571841.70483000006061, 2843662.79238 ], [ 571849.154830000014044, 2843662.79238 ] ] ] } },
{ "type": "Feature", "properties": { "xmin": 720.0, "ymin": 3635.0, "xmax": 843.0, "ymax": 3770.0, "label": "Tree", "score": 0.30100792646408081, "image_path": "test_clip.tif" }, "geometry": { "type": "Polygon", "coordinates": [ [ [ 571698.45483000006061, 2844162.29238 ], [ 571698.45483000006061, 2844169.04238 ], [ 571692.304830000037327, 2844169.04238 ], [ 571692.304830000037327, 2844162.29238 ], [ 571698.45483000006061, 2844162.29238 ] ] ] } },
{ "type": "Feature", "properties": { "xmin": 10292.0, "ymin": 3600.0, "xmax": 10431.0, "ymax": 3706.0, "label": "Tree", "score": 0.30087575316429138, "image_path": "test_clip.tif" }, "geometry": { "type": "Polygon", "coordinates": [ [ [ 572177.854829999967478, 2844165.49237999971956 ], [ 572177.854829999967478, 2844170.79238 ], [ 572170.904830000014044, 2844170.79238 ], [ 572170.904830000014044, 2844165.49237999971956 ], [ 572177.854829999967478, 2844165.49237999971956 ] ] ] } },
{ "type": "Feature", "properties": { "xmin": 7947.0, "ymin": 6483.0, "xmax": 8082.0, "ymax": 6600.0, "label": "Tree", "score": 0.30064249038696289, "image_path": "test_clip.tif" }, "geometry": { "type": "Polygon", "coordinates": [ [ [ 572060.404830000014044, 2844020.79238 ], [ 572060.404830000014044, 2844026.64238 ], [ 572053.654830000014044, 2844026.64238 ], [ 572053.654830000014044, 2844020.79238 ], [ 572060.404830000014044, 2844020.79238 ] ] ] } },
{ "type": "Feature", "properties": { "xmin": 4507.0, "ymin": 876.0, "xmax": 4648.0, "ymax": 1014.0, "label": "Tree", "score": 0.30064144730567932, "image_path": "test_clip.tif" }, "geometry": { "type": "Polygon", "coordinates": [ [ [ 571888.70483000006061, 2844300.092379999812692 ], [ 571888.70483000006061, 2844306.99237999971956 ], [ 571881.654830000014044, 2844306.99237999971956 ], [ 571881.654830000014044, 2844300.092379999812692 ], [ 571888.70483000006061, 2844300.092379999812692 ] ] ] } },
{ "type": "Feature", "properties": { "xmin": 1727.0, "ymin": 3910.0, "xmax": 1865.0, "ymax": 4049.0, "label": "Tree", "score": 0.30057862401008606, "image_path": "test_clip.tif" }, "geometry": { "type": "Polygon", "coordinates": [ [ [ 571749.554830000037327, 2844148.342379999812692 ], [ 571749.554830000037327, 2844155.29238 ], [ 571742.654830000014044, 2844155.29238 ], [ 571742.654830000014044, 2844148.342379999812692 ], [ 571749.554830000037327, 2844148.342379999812692 ] ] ] } },
{ "type": "Feature", "properties": { "xmin": 5980.0, "ymin": 723.0, "xmax": 6105.0, "ymax": 830.0, "label": "Tree", "score": 0.30057612061500549, "image_path": "test_clip.tif" }, "geometry": { "type": "Polygon", "coordinates": [ [ [ 571961.554830000037327, 2844309.29238 ], [ 571961.554830000037327, 2844314.64238 ], [ 571955.304830000037327, 2844314.64238 ], [ 571955.304830000037327, 2844309.29238 ], [ 571961.554830000037327, 2844309.29238 ] ] ] } },
{ "type": "Feature", "properties": { "xmin": 11483.0, "ymin": 6013.0, "xmax": 11625.0, "ymax": 6158.0, "label": "Tree", "score": 0.30055251717567444, "image_path": "test_clip.tif" }, "geometry": { "type": "Polygon", "coordinates": [ [ [ 572237.554830000037327, 2844042.89238 ], [ 572237.554830000037327, 2844050.14238 ], [ 572230.454829999944195, 2844050.14238 ], [ 572230.454829999944195, 2844042.89238 ], [ 572237.554830000037327, 2844042.89238 ] ] ] } },
{ "type": "Feature", "properties": { "xmin": 10828.0, "ymin": 4729.0, "xmax": 10970.0, "ymax": 4873.0, "label": "Tree", "score": 0.30052629113197327, "image_path": "test_clip.tif" }, "geometry": { "type": "Polygon", "coordinates": [ [ [ 572204.804830000037327, 2844107.14238 ], [ 572204.804830000037327, 2844114.342379999812692 ], [ 572197.704829999944195, 2844114.342379999812692 ], [ 572197.704829999944195, 2844107.14238 ], [ 572204.804830000037327, 2844107.14238 ] ] ] } },
{ "type": "Feature", "properties": { "xmin": 9800.0, "ymin": 2161.0, "xmax": 9937.0, "ymax": 2288.0, "label": "Tree", "score": 0.30034694075584412, "image_path": "test_clip.tif" }, "geometry": { "type": "Polygon", "coordinates": [ [ [ 572153.154830000014044, 2844236.39238 ], [ 572153.154830000014044, 2844242.74237999971956 ], [ 572146.304830000037327, 2844242.74237999971956 ], [ 572146.304830000037327, 2844236.39238 ], [ 572153.154830000014044, 2844236.39238 ] ] ] } },
{ "type": "Feature", "properties": { "xmin": 813.0, "ymin": 12274.0, "xmax": 951.0, "ymax": 12411.0, "label": "Tree", "score": 0.30032697319984436, "image_path": "test_clip.tif" }, "geometry": { "type": "Polygon", "coordinates": [ [ [ 571703.854829999967478, 2843730.24237999971956 ], [ 571703.854829999967478, 2843737.092379999812692 ], [ 571696.95483000006061, 2843737.092379999812692 ], [ 571696.95483000006061, 2843730.24237999971956 ], [ 571703.854829999967478, 2843730.24237999971956 ] ] ] } },
{ "type": "Feature", "properties": { "xmin": 8521.0, "ymin": 7773.0, "xmax": 8659.0, "ymax": 7910.0, "label": "Tree", "score": 0.30018237233161926, "image_path": "test_clip.tif" }, "geometry": { "type": "Polygon", "coordinates": [ [ [ 572089.25483, 2843955.29238 ], [ 572089.25483, 2843962.14238 ], [ 572082.354829999967478, 2843962.14238 ], [ 572082.354829999967478, 2843955.29238 ], [ 572089.25483, 2843955.29238 ] ] ] } },
{ "type": "Feature", "properties": { "xmin": 1201.0, "ymin": 6950.0, "xmax": 1334.0, "ymax": 7081.0, "label": "Tree", "score": 0.30015891790390015, "image_path": "test_clip.tif" }, "geometry": { "type": "Polygon", "coordinates": [ [ [ 571723.00483, 2843996.74237999971956 ], [ 571723.00483, 2844003.29238 ], [ 571716.354829999967478, 2844003.29238 ], [ 571716.354829999967478, 2843996.74237999971956 ], [ 571723.00483, 2843996.74237999971956 ] ] ] } },
{ "type": "Feature", "properties": { "xmin": 11746.0, "ymin": 5512.0, "xmax": 11887.0, "ymax": 5651.0, "label": "Tree", "score": 0.30013075470924377, "image_path": "test_clip.tif" }, "geometry": { "type": "Polygon", "coordinates": [ [ [ 572250.654830000014044, 2844068.24237999971956 ], [ 572250.654830000014044, 2844075.19238 ], [ 572243.604829999967478, 2844075.19238 ], [ 572243.604829999967478, 2844068.24237999971956 ], [ 572250.654830000014044, 2844068.24237999971956 ] ] ] } },
{ "type": "Feature", "properties": { "xmin": 1632.0, "ymin": 3072.0, "xmax": 1770.0, "ymax": 3214.0, "label": "Tree", "score": 0.30011016130447388, "image_path": "test_clip.tif" }, "geometry": { "type": "Polygon", "coordinates": [ [ [ 571744.804830000037327, 2844190.092379999812692 ], [ 571744.804830000037327, 2844197.19238 ], [ 571737.904830000014044, 2844197.19238 ], [ 571737.904830000014044, 2844190.092379999812692 ], [ 571744.804830000037327, 2844190.092379999812692 ] ] ] } }
]
}
