{
"type": "FeatureCollection",
"name": "predicted_points",
"crs": { "type": "name", "properties": { "name": "urn:ogc:def:crs:EPSG::32617" } },
"features": [
{ "type": "Feature", "properties": { "score": 0.4185 }, "geometry": { "type": "Point", "coordinates": [ 572862.729830000083894, 2844825.917380000464618 ] } },
{ "type": "Feature", "properties": { "score": 0.4001 }, "geometry": { "type": "Point", "coordinates": [ 572506.929830000037327, 2845131.317380000371486 ] } },
{ "type": "Feature", "properties": { "score": 0.3912 }, "geometry": { "type": "Point", "coordinates": [ 572731.729830000083894, 2844864.317380000371486 ] } },
{ "type": "Feature", "properties": { "score": 0.3642 }, "geometry": { "type": "Point", "coordinates": [ 572623.729830000083894, 2844994.917380000464618 ] } },
{ "type": "Feature", "properties": { "score": 0.3602 }, "geometry": { "type": "Point", "coordinates": [ 572536.529830000014044, 2844696.917380000464618 ] } },
{ "type": "Feature", "properties": { "score": 0.3579 }, "geometry": { "type": "Point", "coordinates": [ 572672.729830000083894, 2845345.51738 ] } },
{ "type": "Feature", "properties": { "score": 0.3512 }, "geometry": { "type": "Point", "coordinates": [ 572530.729830000083894, 2844921.51738 ] } },
{ "type": "Feature", "properties": { "score": 0.3438 }, "geometry": { "type": "Point", "coordinates": [ 572518.929830000037327, 2844712.117380000185221 ] } },
{ "type": "Feature", "properties": { "score": 0.34 }, "geometry": { "type": "Point", "coordinates": [ 572613.32983000006061, 2845238.51738 ] } },
{ "type": "Feature", "properties": { "score": 0.3385 }, "geometry": { "type": "Point", "coordinates": [ 572533.32983000006061, 2844687.117380000185221 ] } },
{ "type": "Feature", "properties": { "score": 0.3367 }, "geometry": { "type": "Point", "coordinates": [ 572776.12983, 2845358.317380000371486 ] } },
{ "type": "Feature", "properties": { "score": 0.3366 }, "geometry": { "type": "Point", "coordinates": [ 572615.529830000014044, 2845334.717380000278354 ] } },
{ "type": "Feature", "properties": { "score": 0.3353 }, "geometry": { "type": "Point", "coordinates": [ 572565.12983, 2845212.717380000278354 ] } },
{ "type": "Feature", "properties": { "score": 0.334 }, "geometry": { "type": "Point", "coordinates": [ 572770.12983, 2845355.917380000464618 ] } },
{ "type": "Feature", "properties": { "score": 0.3296 }, "geometry": { "type": "Point", "coordinates": [ 572488.729830000083894, 2844672.51738 ] } },
{ "type": "Feature", "properties": { "score": 0.3259 }, "geometry": { "type": "Point", "coordinates": [ 572589.729830000083894, 2844938.51738 ] } },
{ "type": "Feature", "properties": { "score": 0.3229 }, "geometry": { "type": "Point", "coordinates": [ 572897.32983000006061, 2844836.917380000464618 ] } },
{ "type": "Feature", "properties": { "score": 0.3213 }, "geometry": { "type": "Point", "coordinates": [ 572991.529830000014044, 2845143.51738 ] } },
{ "type": "Feature", "properties": { "score": 0.321 }, "geometry": { "type": "Point", "coordinates": [ 572528.12983, 2845004.717380000278354 ] } },
{ "type": "Feature", "properties": { "score": 0.3197 }, "geometry": { "type": "Point", "coordinates": [ 572715.729830000083894, 2845103.51738 ] } },
{ "type": "Feature", "properties": { "score": 0.3183 }, "geometry": { "type": "Point", "coordinates": [ 572725.729830000083894, 2845087.117380000185221 ] } },
{ "type": "Feature", "properties": { "score": 0.3163 }, "geometry": { "type": "Point", "coordinates": [ 572882.32983000006061, 2844768.51738 ] } },
{ "type": "Feature", "properties": { "score": 0.3149 }, "geometry": { "type": "Point", "coordinates": [ 572714.729830000083894, 2845149.917380000464618 ] } },
{ "type": "Feature", "properties": { "score": 0.3143 }, "geometry": { "type": "Point", "coordinates": [ 572567.529830000014044, 2845097.317380000371486 ] } },
{ "type": "Feature", "properties": { "score": 0.3141 }, "geometry": { "type": "Point", "coordinates": [ 573015.529830000014044, 2844743.317380000371486 ] } },
{ "type": "Feature", "properties": { "score": 0.3128 }, "geometry": { "type": "Point", "coordinates": [ 572707.929830000037327, 2845142.51738 ] } },
{ "type": "Feature", "properties": { "score": 0.3125 }, "geometry": { "type": "Point", "coordinates": [ 572779.929830000037327, 2844769.117380000185221 ] } },
{ "type": "Feature", "properties": { "score": 0.3123 }, "geometry": { "type": "Point", "coordinates": [ 572807.12983, 2844782.917380000464618 ] } },
{ "type": "Feature", "properties": { "score": 0.3109 }, "geometry": { "type": "Point", "coordinates": [ 572799.529830000014044, 2845263.917380000464618 ] } },
{ "type": "Feature", "properties": { "score": 0.3107 }, "geometry": { "type": "Point", "coordinates": [ 572798.529830000014044, 2844776.917380000464618 ] } },
{ "type": "Feature", "properties": { "score": 0.3098 }, "geometry": { "type": "Point", "coordinates": [ 572686.929830000037327, 2844818.51738 ] } },
{ "type": "Feature", "properties": { "score": 0.3092 }, "geometry": { "type": "Point", "coordinates": [ 572489.929830000037327, 2844848.917380000464618 ] } },
{ "type": "Feature", "properties": { "score": 0.3081 }, "geometry": { "type": "Point", "coordinates": [ 572538.529830000014044, 2845155.717380000278354 ] } },
{ "type": "Feature", "properties": { "score": 0.3079 }, "geometry": { "type": "Point", "coordinates": [ 572707.32983000006061, 2845108.917380000464618 ] } },
{ "type": "Feature", "properties": { "score": 0.3069 }, "geometry": { "type": "Point", "coordinates": [ 572656.729830000083894, 2844767.51738 ] } },
{ "type": "Feature", "properties": { "score": 0.3059 }, "geometry": { "type": "Point", "coordinates": [ 572802.12983, 2844787.917380000464618 ] } },
{ "type": "Feature", "properties": { "score": 0.3057 }, "geometry": { "type": "Point", "coordinates": [ 572790.12983, 2844758.917380000464618 ] } },
{ "type": "Feature", "properties": { "score": 0.3051 }, "geometry": { "type": "Point", "coordinates": [ 572798.12983, 2844701.917380000464618 ] } },
{ "type": "Feature", "properties": { "score": 0.305 }, "geometry": { "type": "Point", "coordinates": [ 572854.529830000014044, 2844991.51738 ] } },
{ "type": "Feature", "properties": { "score": 0.3046 }, "geometry": { "type": "Point", "coordinates": [ 572575.32983000006061, 2845199.717380000278354 ] } },
{ "type": "Feature", "properties": { "score": 0.3044 }, "geometry": { "type": "Point", "coordinates": [ 572900.32983000006061, 2844787.917380000464618 ] } },
{ "type": "Feature", "properties": { "score": 0.3039 }, "geometry": { "type": "Point", "coordinates": [ 572773.929830000037327, 2845359.717380000278354 ] } },
{ "type": "Feature", "properties": { "score": 0.3036 }, "geometry": { "type": "Point", "coordinates": [ 572792.529830000014044, 2844755.717380000278354 ] } },
{ "type": "Feature", "properties": { "score": 0.3021 }, "geometry": { "type": "Point", "coordinates": [ 572547.729830000083894, 2844707.317380000371486 ] } },
{ "type": "Feature", "properties": { "score": 0.3018 }, "geometry": { "type": "Point", "coordinates": [ 572486.32983000006061, 2844870.717380000278354 ] } },
{ "type": "Feature", "properties": { "score": 0.3017 }, "geometry": { "type": "Point", "coordinates": [ 572831.929830000037327, 2845284.717380000278354 ] } },
{ "type": "Feature", "properties": { "score": 0.3013 }, "geometry": { "type": "Point", "coordinates": [ 572999.32983000006061, 2845141.717380000278354 ] } },
{ "type": "Feature", "properties": { "score": 0.3011 }, "geometry": { "type": "Point", "coordinates": [ 572794.729830000083894, 2844699.717380000278354 ] } },
{ "type": "Feature", "properties": { "score": 0.2996 }, "geometry": { "type": "Point", "coordinates": [ 572544.32983000006061, 2844979.717380000278354 ] } },
{ "type": "Feature", "properties": { "score": 0.2981 }, "geometry": { "type": "Point", "coordinates": [ 572664.529830000014044, 2845111.917380000464618 ] } },
{ "type": "Feature", "properties": { "score": 0.297 }, "geometry": { "type": "Point", "coordinates": [ 572498.32983000006061, 2844659.917380000464618 ] } },
{ "type": "Feature", "properties": { "score": 0.2955 }, "geometry": { "type": "Point", "coordinates": [ 572624.929830000037327, 2845310.317380000371486 ] } },
{ "type": "Feature", "properties": { "score": 0.2936 }, "geometry": { "type": "Point", "coordinates": [ 572523.32983000006061, 2844809.917380000464618 ] } },
{ "type": "Feature", "properties": { "score": 0.2933 }, "geometry": { "type": "Point", "coordinates": [ 572631.929830000037327, 2845337.117380000185221 ] } },
{ "type": "Feature", "properties": { "score": 0.2927 }, "geometry": { "type": "Point", "coordinates": [ 572626.529830000014044, 2845224.917380000464618 ] } },
{ "type": "Feature", "properties": { "score": 0.2888 }, "geometry": { "type": "Point", "coordinates": [ 572998.929830000037327, 2845101.51738 ] } },
{ "type": "Feature", "properties": { "score": 0.2884 }, "geometry": { "type": "Point", "coordinates": [ 572838.529830000014044, 2845251.317380000371486 ] } },
{ "type": "Feature", "properties": { "score": 0.2875 }, "geometry": { "type": "Point", "coordinates": [ 572593.12983, 2845262.717380000278354 ] } },
{ "type": "Feature", "properties": { "score": 0.2861 }, "geometry": { "type": "Point", "coordinates": [ 572500.32983000006061, 2844667.917380000464618 ] } },
{ "type": "Feature", "properties": { "score": 0.2856 }, "geometry": { "type": "Point", "coordinates": [ 572539.32983000006061, 2844704.117380000185221 ] } },
{ "type": "Feature", "properties": { "score": 0.2855 }, "geometry": { "type": "Point", "coordinates": [ 572813.32983000006061, 2844857.917380000464618 ] } },
{ "type": "Feature", "properties": { "score": 0.2852 }, "geometry": { "type": "Point", "coordinates": [ 572538.32983000006061, 2845370.51738 ] } },
{ "type": "Feature", "properties": { "score": 0.2846 }, "geometry": { "type": "Point", "coordinates": [ 572565.32983000006061, 2845233.317380000371486 ] } },
{ "type": "Feature", "properties": { "score": 0.2839 }, "geometry": { "type": "Point", "coordinates": [ 572582.929830000037327, 2844989.317380000371486 ] } },
{ "type": "Feature", "properties": { "score": 0.2837 }, "geometry": { "type": "Point", "coordinates": [ 572751.729830000083894, 2844918.51738 ] } },
{ "type": "Feature", "properties": { "score": 0.2833 }, "geometry": { "type": "Point", "coordinates": [ 572710.12983, 2845354.51738 ] } },
{ "type": "Feature", "properties": { "score": 0.2831 }, "geometry": { "type": "Point", "coordinates": [ 572727.12983, 2845282.117380000185221 ] } },
{ "type": "Feature", "properties": { "score": 0.2827 }, "geometry": { "type": "Point", "coordinates": [ 572504.32983000006061, 2844663.117380000185221 ] } },
{ "type": "Feature", "properties": { "score": 0.2822 }, "geometry": { "type": "Point", "coordinates": [ 572764.529830000014044, 2844869.717380000278354 ] } },
{ "type": "Feature", "properties": { "score": 0.281 }, "geometry": { "type": "Point", "coordinates": [ 572808.12983, 2844769.51738 ] } },
{ "type": "Feature", "properties": { "score": 0.2807 }, "geometry": { "type": "Point", "coordinates": [ 572689.929830000037327, 2844942.717380000278354 ] } },
{ "type": "Feature", "properties": { "score": 0.2804 }, "geometry": { "type": "Point", "coordinates": [ 572510.729830000083894, 2845387.717380000278354 ] } },
{ "type": "Feature", "properties": { "score": 0.2796 }, "geometry": { "type": "Point", "coordinates": [ 572699.929830000037327, 2844986.717380000278354 ] } },
{ "type": "Feature", "properties": { "score": 0.2791 }, "geometry": { "type": "Point", "coordinates": [ 572569.929830000037327, 2845110.717380000278354 ] } },
{ "type": "Feature", "properties": { "score": 0.279 }, "geometry": { "type": "Point", "coordinates": [ 572620.729830000083894, 2845208.51738 ] } },
{ "type": "Feature", "properties": { "score": 0.2786 }, "geometry": { "type": "Point", "coordinates": [ 572803.12983, 2844776.317380000371486 ] } },
{ "type": "Feature", "properties": { "score": 0.2783 }, "geometry": { "type": "Point", "coordinates": [ 572640.929830000037327, 2845082.117380000185221 ] } },
{ "type": "Feature", "properties": { "score": 0.278 }, "geometry": { "type": "Point", "coordinates": [ 572792.529830000014044, 2845270.317380000371486 ] } },
{ "type": "Feature", "properties": { "score": 0.2779 }, "geometry": { "type": "Point", "coordinates": [ 572886.729830000083894, 2844785.717380000278354 ] } },
{ "type": "Feature", "properties": { "score": 0.2778 }, "geometry": { "type": "Point", "coordinates": [ 572575.32983000006061, 2845111.117380000185221 ] } },
{ "type": "Feature", "properties": { "score": 0.2777 }, "geometry": { "type": "Point", "coordinates": [ 572585.32983000006061, 2845223.117380000185221 ] } },
{ "type": "Feature", "properties": { "score": 0.2758 }, "geometry": { "type": "Point", "coordinates": [ 572532.529830000014044, 2844999.917380000464618 ] } },
{ "type": "Feature", "properties": { "score": 0.2749 }, "geometry": { "type": "Point", "coordinates": [ 572679.729830000083894, 2844965.917380000464618 ] } },
{ "type": "Feature", "properties": { "score": 0.2747 }, "geometry": { "type": "Point", "coordinates": [ 572679.529830000014044, 2844972.51738 ] } },
{ "type": "Feature", "properties": { "score": 0.2742 }, "geometry": { "type": "Point", "coordinates": [ 572554.929830000037327, 2845383.317380000371486 ] } },
{ "type": "Feature", "properties": { "score": 0.2732 }, "geometry": { "type": "Point", "coordinates": [ 572586.32983000006061, 2845130.117380000185221 ] } },
{ "type": "Feature", "properties": { "score": 0.2731 }, "geometry": { "type": "Point", "coordinates": [ 572553.32983000006061, 2845106.717380000278354 ] } },
{ "type": "Feature", "properties": { "score": 0.2728 }, "geometry": { "type": "Point", "coordinates": [ 572707.32983000006061, 2844918.117380000185221 ] } },
{ "type": "Feature", "properties": { "score": 0.2727 }, "geometry": { "type": "Point", "coordinates": [ 572723.12983, 2845094.917380000464618 ] } },
{ "type": "Feature", "properties": { "score": 0.2726 }, "geometry": { "type": "Point", "coordinates": [ 572695.729830000083894, 2844980.717380000278354 ] } },
{ "type": "Feature", "properties": { "score": 0.2724 }, "geometry": { "type": "Point", "coordinates": [ 572795.529830000014044, 2844762.51738 ] } },
{ "type": "Feature", "properties": { "score": 0.272 }, "geometry": { "type": "Point", "coordinates": [ 572622.729830000083894, 2844664.717380000278354 ] } },
{ "type": "Feature", "properties": { "score": 0.2719 }, "geometry": { "type": "Point", "coordinates": [ 572885.529830000014044, 2844770.717380000278354 ] } },
{ "type": "Feature", "properties": { "score": 0.2717 }, "geometry": { "type": "Point", "coordinates": [ 572746.32983000006061, 2844914.317380000371486 ] } },
{ "type": "Feature", "properties": { "score": 0.2698 }, "geometry": { "type": "Point", "coordinates": [ 572546.729830000083894, 2844719.317380000371486 ] } },
{ "type": "Feature", "properties": { "score": 0.2693 }, "geometry": { "type": "Point", "coordinates": [ 572532.729830000083894, 2844703.317380000371486 ] } },
{ "type": "Feature", "properties": { "score": 0.2692 }, "geometry": { "type": "Point", "coordinates": [ 572809.12983, 2844857.717380000278354 ] } },
{ "type": "Feature", "properties": { "score": 0.2692 }, "geometry": { "type": "Point", "coordinates": [ 572619.929830000037327, 2844953.117380000185221 ] } },
{ "type": "Feature", "properties": { "score": 0.2689 }, "geometry": { "type": "Point", "coordinates": [ 572659.929830000037327, 2845341.717380000278354 ] } },
{ "type": "Feature", "properties": { "score": 0.268 }, "geometry": { "type": "Point", "coordinates": [ 572864.929830000037327, 2844801.117380000185221 ] } },
{ "type": "Feature", "properties": { "score": 0.2674 }, "geometry": { "type": "Point", "coordinates": [ 572581.729830000083894, 2845080.917380000464618 ] } },
{ "type": "Feature", "properties": { "score": 0.2671 }, "geometry": { "type": "Point", "coordinates": [ 572964.929830000037327, 2844676.51738 ] } },
{ "type": "Feature", "properties": { "score": 0.267 }, "geometry": { "type": "Point", "coordinates": [ 572787.32983000006061, 2845261.117380000185221 ] } },
{ "type": "Feature", "properties": { "score": 0.2665 }, "geometry": { "type": "Point", "coordinates": [ 572610.529830000014044, 2845219.717380000278354 ] } },
{ "type": "Feature", "properties": { "score": 0.2662 }, "geometry": { "type": "Point", "coordinates": [ 572605.729830000083894, 2845275.117380000185221 ] } },
{ "type": "Feature", "properties": { "score": 0.2659 }, "geometry": { "type": "Point", "coordinates": [ 572722.529830000014044, 2845146.717380000278354 ] } },
{ "type": "Feature", "properties": { "score": 0.2656 }, "geometry": { "type": "Point", "coordinates": [ 572762.12983, 2845343.317380000371486 ] } },
{ "type": "Feature", "properties": { "score": 0.2646 }, "geometry": { "type": "Point", "coordinates": [ 572575.729830000083894, 2844982.51738 ] } },
{ "type": "Feature", "properties": { "score": 0.2641 }, "geometry": { "type": "Point", "coordinates": [ 572892.729830000083894, 2844803.717380000278354 ] } },
{ "type": "Feature", "properties": { "score": 0.2637 }, "geometry": { "type": "Point", "coordinates": [ 572711.12983, 2845351.51738 ] } },
{ "type": "Feature", "properties": { "score": 0.2632 }, "geometry": { "type": "Point", "coordinates": [ 572720.929830000037327, 2845097.317380000371486 ] } },
{ "type": "Feature", "properties": { "score": 0.2631 }, "geometry": { "type": "Point", "coordinates": [ 572595.12983, 2845108.917380000464618 ] } },
{ "type": "Feature", "properties": { "score": 0.263 }, "geometry": { "type": "Point", "coordinates": [ 572634.12983, 2845316.917380000464618 ] } },
{ "type": "Feature", "properties": { "score": 0.2627 }, "geometry": { "type": "Point", "coordinates": [ 572562.729830000083894, 2844978.317380000371486 ] } },
{ "type": "Feature", "properties": { "score": 0.2626 }, "geometry": { "type": "Point", "coordinates": [ 572568.729830000083894, 2844981.717380000278354 ] } },
{ "type": "Feature", "properties": { "score": 0.2624 }, "geometry": { "type": "Point", "coordinates": [ 572607.929830000037327, 2844776.51738 ] } },
{ "type": "Feature", "properties": { "score": 0.261 }, "geometry": { "type": "Point", "coordinates": [ 572806.929830000037327, 2844703.117380000185221 ] } },
{ "type": "Feature", "properties": { "score": 0.2607 }, "geometry": { "type": "Point", "coordinates": [ 572780.32983000006061, 2844658.117380000185221 ] } },
{ "type": "Feature", "properties": { "score": 0.2606 }, "geometry": { "type": "Point", "coordinates": [ 572711.32983000006061, 2845282.117380000185221 ] } },
{ "type": "Feature", "properties": { "score": 0.2604 }, "geometry": { "type": "Point", "coordinates": [ 572718.529830000014044, 2845100.717380000278354 ] } },
{ "type": "Feature", "properties": { "score": 0.2602 }, "geometry": { "type": "Point", "coordinates": [ 573035.729829999967478, 2845083.917380000464618 ] } },
{ "type": "Feature", "properties": { "score": 0.2598 }, "geometry": { "type": "Point", "coordinates": [ 572576.929830000037327, 2844939.51738 ] } },
{ "type": "Feature", "properties": { "score": 0.2596 }, "geometry": { "type": "Point", "coordinates": [ 572683.929830000037327, 2844811.717380000278354 ] } },
{ "type": "Feature", "properties": { "score": 0.2593 }, "geometry": { "type": "Point", "coordinates": [ 572486.529830000014044, 2844704.717380000278354 ] } },
{ "type": "Feature", "properties": { "score": 0.2593 }, "geometry": { "type": "Point", "coordinates": [ 572531.729830000083894, 2844793.51738 ] } },
{ "type": "Feature", "properties": { "score": 0.2587 }, "geometry": { "type": "Point", "coordinates": [ 572544.32983000006061, 2844703.317380000371486 ] } },
{ "type": "Feature", "properties": { "score": 0.2586 }, "geometry": { "type": "Point", "coordinates": [ 572626.12983, 2844788.717380000278354 ] } },
{ "type": "Feature", "properties": { "score": 0.2579 }, "geometry": { "type": "Point", "coordinates": [ 572522.12983, 2845171.917380000464618 ] } },
{ "type": "Feature", "properties": { "score": 0.2578 }, "geometry": { "type": "Point", "coordinates": [ 572805.32983000006061, 2844785.317380000371486 ] } },
{ "type": "Feature", "properties": { "score": 0.2576 }, "geometry": { "type": "Point", "coordinates": [ 572580.529830000014044, 2844984.717380000278354 ] } },
{ "type": "Feature", "properties": { "score": 0.2573 }, "geometry": { "type": "Point", "coordinates": [ 572709.529830000014044, 2845375.51738 ] } },
{ "type": "Feature", "properties": { "score": 0.2568 }, "geometry": { "type": "Point", "coordinates": [ 572824.929830000037327, 2845267.317380000371486 ] } },
{ "type": "Feature", "properties": { "score": 0.2565 }, "geometry": { "type": "Point", "coordinates": [ 572617.32983000006061, 2845246.317380000371486 ] } },
{ "type": "Feature", "properties": { "score": 0.2563 }, "geometry": { "type": "Point", "coordinates": [ 572724.729830000083894, 2845284.317380000371486 ] } },
{ "type": "Feature", "properties": { "score": 0.2555 }, "geometry": { "type": "Point", "coordinates": [ 572785.729830000083894, 2845229.717380000278354 ] } },
{ "type": "Feature", "properties": { "score": 0.2553 }, "geometry": { "type": "Point", "coordinates": [ 573052.529830000014044, 2844672.317380000371486 ] } },
{ "type": "Feature", "properties": { "score": 0.2552 }, "geometry": { "type": "Point", "coordinates": [ 572809.529830000014044, 2844775.317380000371486 ] } },
{ "type": "Feature", "properties": { "score": 0.2552 }, "geometry": { "type": "Point", "coordinates": [ 572613.929830000037327, 2845250.917380000464618 ] } },
{ "type": "Feature", "properties": { "score": 0.2552 }, "geometry": { "type": "Point", "coordinates": [ 572521.32983000006061, 2845183.317380000371486 ] } },
{ "type": "Feature", "properties": { "score": 0.2545 }, "geometry": { "type": "Point", "coordinates": [ 572586.729830000083894, 2845258.117380000185221 ] } },
{ "type": "Feature", "properties": { "score": 0.2545 }, "geometry": { "type": "Point", "coordinates": [ 572713.529830000014044, 2845345.717380000278354 ] } },
{ "type": "Feature", "properties": { "score": 0.2542 }, "geometry": { "type": "Point", "coordinates": [ 572526.929830000037327, 2845006.917380000464618 ] } },
{ "type": "Feature", "properties": { "score": 0.254 }, "geometry": { "type": "Point", "coordinates": [ 572897.32983000006061, 2844791.717380000278354 ] } },
{ "type": "Feature", "properties": { "score": 0.2534 }, "geometry": { "type": "Point", "coordinates": [ 572891.729830000083894, 2845228.117380000185221 ] } },
{ "type": "Feature", "properties": { "score": 0.2531 }, "geometry": { "type": "Point", "coordinates": [ 572790.929830000037327, 2845292.117380000185221 ] } },
{ "type": "Feature", "properties": { "score": 0.2524 }, "geometry": { "type": "Point", "coordinates": [ 572711.12983, 2844966.51738 ] } },
{ "type": "Feature", "properties": { "score": 0.2522 }, "geometry": { "type": "Point", "coordinates": [ 572783.32983000006061, 2845264.717380000278354 ] } },
{ "type": "Feature", "properties": { "score": 0.2519 }, "geometry": { "type": "Point", "coordinates": [ 572566.32983000006061, 2845373.117380000185221 ] } },
{ "type": "Feature", "properties": { "score": 0.2519 }, "geometry": { "type": "Point", "coordinates": [ 572627.729830000083894, 2845334.51738 ] } },
{ "type": "Feature", "properties": { "score": 0.2516 }, "geometry": { "type": "Point", "coordinates": [ 572516.529830000014044, 2844811.917380000464618 ] } },
{ "type": "Feature", "properties": { "score": 0.2512 }, "geometry": { "type": "Point", "coordinates": [ 572539.32983000006061, 2844986.317380000371486 ] } },
{ "type": "Feature", "properties": { "score": 0.2506 }, "geometry": { "type": "Point", "coordinates": [ 572884.32983000006061, 2844782.317380000371486 ] } },
{ "type": "Feature", "properties": { "score": 0.2503 }, "geometry": { "type": "Point", "coordinates": [ 572618.32983000006061, 2845152.717380000278354 ] } },
{ "type": "Feature", "properties": { "score": 0.2495 }, "geometry": { "type": "Point", "coordinates": [ 572683.929830000037327, 2845280.717380000278354 ] } },
{ "type": "Feature", "properties": { "score": 0.2495 }, "geometry": { "type": "Point", "coordinates": [ 572584.12983, 2845326.917380000464618 ] } },
{ "type": "Feature", "properties": { "score": 0.2494 }, "geometry": { "type": "Point", "coordinates": [ 573005.32983000006061, 2844733.51738 ] } },
{ "type": "Feature", "properties": { "score": 0.2494 }, "geometry": { "type": "Point", "coordinates": [ 572762.729830000083894, 2845352.917380000464618 ] } },
{ "type": "Feature", "properties": { "score": 0.2494 }, "geometry": { "type": "Point", "coordinates": [ 572891.12983, 2844756.317380000371486 ] } },
{ "type": "Feature", "properties": { "score": 0.2494 }, "geometry": { "type": "Point", "coordinates": [ 572617.929830000037327, 2845234.317380000371486 ] } },
{ "type": "Feature", "properties": { "score": 0.2489 }, "geometry": { "type": "Point", "coordinates": [ 572577.529830000014044, 2845106.117380000185221 ] } },
{ "type": "Feature", "properties": { "score": 0.2486 }, "geometry": { "type": "Point", "coordinates": [ 572592.529830000014044, 2845226.917380000464618 ] } },
{ "type": "Feature", "properties": { "score": 0.2484 }, "geometry": { "type": "Point", "coordinates": [ 572570.12983, 2844978.317380000371486 ] } },
{ "type": "Feature", "properties": { "score": 0.2483 }, "geometry": { "type": "Point", "coordinates": [ 572997.929830000037327, 2845149.117380000185221 ] } },
{ "type": "Feature", "properties": { "score": 0.2477 }, "geometry": { "type": "Point", "coordinates": [ 572545.729830000083894, 2844695.117380000185221 ] } },
{ "type": "Feature", "properties": { "score": 0.2474 }, "geometry": { "type": "Point", "coordinates": [ 572723.32983000006061, 2845080.317380000371486 ] } },
{ "type": "Feature", "properties": { "score": 0.2468 }, "geometry": { "type": "Point", "coordinates": [ 573048.929830000037327, 2844774.917380000464618 ] } },
{ "type": "Feature", "properties": { "score": 0.2468 }, "geometry": { "type": "Point", "coordinates": [ 572703.32983000006061, 2844953.317380000371486 ] } },
{ "type": "Feature", "properties": { "score": 0.2462 }, "geometry": { "type": "Point", "coordinates": [ 572847.729830000083894, 2845269.117380000185221 ] } },
{ "type": "Feature", "properties": { "score": 0.2461 }, "geometry": { "type": "Point", "coordinates": [ 572571.729830000083894, 2844798.51738 ] } },
{ "type": "Feature", "properties": { "score": 0.246 }, "geometry": { "type": "Point", "coordinates": [ 572621.12983, 2845334.717380000278354 ] } },
{ "type": "Feature", "properties": { "score": 0.2456 }, "geometry": { "type": "Point", "coordinates": [ 572628.12983, 2844657.317380000371486 ] } },
{ "type": "Feature", "properties": { "score": 0.2455 }, "geometry": { "type": "Point", "coordinates": [ 572705.929830000037327, 2844960.717380000278354 ] } },
{ "type": "Feature", "properties": { "score": 0.2454 }, "geometry": { "type": "Point", "coordinates": [ 572565.32983000006061, 2844834.917380000464618 ] } },
{ "type": "Feature", "properties": { "score": 0.2451 }, "geometry": { "type": "Point", "coordinates": [ 572991.12983, 2845153.117380000185221 ] } },
{ "type": "Feature", "properties": { "score": 0.2449 }, "geometry": { "type": "Point", "coordinates": [ 572724.32983000006061, 2845378.317380000371486 ] } },
{ "type": "Feature", "properties": { "score": 0.244 }, "geometry": { "type": "Point", "coordinates": [ 572771.32983000006061, 2844651.117380000185221 ] } },
{ "type": "Feature", "properties": { "score": 0.2439 }, "geometry": { "type": "Point", "coordinates": [ 572544.729830000083894, 2844793.917380000464618 ] } },
{ "type": "Feature", "properties": { "score": 0.2438 }, "geometry": { "type": "Point", "coordinates": [ 572553.729830000083894, 2845378.117380000185221 ] } },
{ "type": "Feature", "properties": { "score": 0.2434 }, "geometry": { "type": "Point", "coordinates": [ 572572.929830000037327, 2844979.117380000185221 ] } },
{ "type": "Feature", "properties": { "score": 0.2431 }, "geometry": { "type": "Point", "coordinates": [ 572589.929830000037327, 2845219.117380000185221 ] } },
{ "type": "Feature", "properties": { "score": 0.2429 }, "geometry": { "type": "Point", "coordinates": [ 572764.12983, 2845249.117380000185221 ] } },
{ "type": "Feature", "properties": { "score": 0.2425 }, "geometry": { "type": "Point", "coordinates": [ 573050.12983, 2845032.317380000371486 ] } },
{ "type": "Feature", "properties": { "score": 0.2423 }, "geometry": { "type": "Point", "coordinates": [ 572579.32983000006061, 2845131.51738 ] } },
{ "type": "Feature", "properties": { "score": 0.2421 }, "geometry": { "type": "Point", "coordinates": [ 573068.32983000006061, 2844982.317380000371486 ] } },
{ "type": "Feature", "properties": { "score": 0.242 }, "geometry": { "type": "Point", "coordinates": [ 572767.32983000006061, 2844787.917380000464618 ] } },
{ "type": "Feature", "properties": { "score": 0.2419 }, "geometry": { "type": "Point", "coordinates": [ 572632.729830000083894, 2844791.917380000464618 ] } },
{ "type": "Feature", "properties": { "score": 0.2417 }, "geometry": { "type": "Point", "coordinates": [ 572551.529830000014044, 2845316.51738 ] } },
{ "type": "Feature", "properties": { "score": 0.2417 }, "geometry": { "type": "Point", "coordinates": [ 572804.529830000014044, 2845249.51738 ] } },
{ "type": "Feature", "properties": { "score": 0.2415 }, "geometry": { "type": "Point", "coordinates": [ 572608.729830000083894, 2844788.717380000278354 ] } },
{ "type": "Feature", "properties": { "score": 0.2411 }, "geometry": { "type": "Point", "coordinates": [ 572624.729830000083894, 2844958.917380000464618 ] } },
{ "type": "Feature", "properties": { "score": 0.2411 }, "geometry": { "type": "Point", "coordinates": [ 572730.729830000083894, 2845034.917380000464618 ] } },
{ "type": "Feature", "properties": { "score": 0.2411 }, "geometry": { "type": "Point", "coordinates": [ 573066.929830000037327, 2844963.117380000185221 ] } },
{ "type": "Feature", "properties": { "score": 0.241 }, "geometry": { "type": "Point", "coordinates": [ 572539.729830000083894, 2844900.117380000185221 ] } },
{ "type": "Feature", "properties": { "score": 0.2409 }, "geometry": { "type": "Point", "coordinates": [ 572759.929830000037327, 2845252.117380000185221 ] } },
{ "type": "Feature", "properties": { "score": 0.2409 }, "geometry": { "type": "Point", "coordinates": [ 572740.529830000014044, 2845267.917380000464618 ] } },
{ "type": "Feature", "properties": { "score": 0.2409 }, "geometry": { "type": "Point", "coordinates": [ 572493.729830000083894, 2844844.717380000278354 ] } },
{ "type": "Feature", "properties": { "score": 0.2407 }, "geometry": { "type": "Point", "coordinates": [ 572787.12983, 2845164.51738 ] } },
{ "type": "Feature", "properties": { "score": 0.2406 }, "geometry": { "type": "Point", "coordinates": [ 572580.12983, 2845347.917380000464618 ] } },
{ "type": "Feature", "properties": { "score": 0.24 }, "geometry": { "type": "Point", "coordinates": [ 572772.32983000006061, 2844666.717380000278354 ] } },
{ "type": "Feature", "properties": { "score": 0.2399 }, "geometry": { "type": "Point", "coordinates": [ 573014.12983, 2845089.51738 ] } },
{ "type": "Feature", "properties": { "score": 0.2399 }, "geometry": { "type": "Point", "coordinates": [ 572921.729829999967478, 2844663.117380000185221 ] } },
{ "type": "Feature", "properties": { "score": 0.2398 }, "geometry": { "type": "Point", "coordinates": [ 572497.529830000014044, 2844840.51738 ] } },
{ "type": "Feature", "properties": { "score": 0.2398 }, "geometry": { "type": "Point", "coordinates": [ 573007.32983000006061, 2845058.717380000278354 ] } },
{ "type": "Feature", "properties": { "score": 0.2396 }, "geometry": { "type": "Point", "coordinates": [ 572644.529830000014044, 2844995.317380000371486 ] } },
{ "type": "Feature", "properties": { "score": 0.2392 }, "geometry": { "type": "Point", "coordinates": [ 572581.12983, 2845008.917380000464618 ] } },
{ "type": "Feature", "properties": { "score": 0.2391 }, "geometry": { "type": "Point", "coordinates": [ 572863.529830000014044, 2844818.917380000464618 ] } },
{ "type": "Feature", "properties": { "score": 0.2384 }, "geometry": { "type": "Point", "coordinates": [ 572696.529830000014044, 2845085.917380000464618 ] } },
{ "type": "Feature", "properties": { "score": 0.2384 }, "geometry": { "type": "Point", "coordinates": [ 572582.529830000014044, 2845100.917380000464618 ] } },
{ "type": "Feature", "properties": { "score": 0.2383 }, "geometry": { "type": "Point", "coordinates": [ 572844.32983000006061, 2845262.917380000464618 ] } },
{ "type": "Feature", "properties": { "score": 0.2381 }, "geometry": { "type": "Point", "coordinates": [ 572665.32983000006061, 2845344.51738 ] } },
{ "type": "Feature", "properties": { "score": 0.2381 }, "geometry": { "type": "Point", "coordinates": [ 572798.929830000037327, 2845155.51738 ] } },
{ "type": "Feature", "properties": { "score": 0.2381 }, "geometry": { "type": "Point", "coordinates": [ 572496.929830000037327, 2844849.717380000278354 ] } },
{ "type": "Feature", "properties": { "score": 0.2379 }, "geometry": { "type": "Point", "coordinates": [ 572815.32983000006061, 2845242.917380000464618 ] } },
{ "type": "Feature", "properties": { "score": 0.2377 }, "geometry": { "type": "Point", "coordinates": [ 572512.529830000014044, 2844667.317380000371486 ] } },
{ "type": "Feature", "properties": { "score": 0.2375 }, "geometry": { "type": "Point", "coordinates": [ 572527.729830000083894, 2844716.51738 ] } },
{ "type": "Feature", "properties": { "score": 0.2368 }, "geometry": { "type": "Point", "coordinates": [ 572568.729830000083894, 2845208.117380000185221 ] } },
{ "type": "Feature", "properties": { "score": 0.2368 }, "geometry": { "type": "Point", "coordinates": [ 572569.929830000037327, 2844899.717380000278354 ] } },
{ "type": "Feature", "properties": { "score": 0.2367 }, "geometry": { "type": "Point", "coordinates": [ 572712.529830000014044, 2845349.717380000278354 ] } },
{ "type": "Feature", "properties": { "score": 0.2365 }, "geometry": { "type": "Point", "coordinates": [ 572609.929830000037327, 2845172.117380000185221 ] } },
{ "type": "Feature", "properties": { "score": 0.2365 }, "geometry": { "type": "Point", "coordinates": [ 572571.32983000006061, 2844934.917380000464618 ] } },
{ "type": "Feature", "properties": { "score": 0.2357 }, "geometry": { "type": "Point", "coordinates": [ 572545.929830000037327, 2844918.917380000464618 ] } },
{ "type": "Feature", "properties": { "score": 0.2356 }, "geometry": { "type": "Point", "coordinates": [ 573008.729829999967478, 2845070.51738 ] } },
{ "type": "Feature", "properties": { "score": 0.2355 }, "geometry": { "type": "Point", "coordinates": [ 572572.929830000037327, 2844901.717380000278354 ] } },
{ "type": "Feature", "properties": { "score": 0.2353 }, "geometry": { "type": "Point", "coordinates": [ 572610.729830000083894, 2845015.917380000464618 ] } },
{ "type": "Feature", "properties": { "score": 0.235 }, "geometry": { "type": "Point", "coordinates": [ 572572.929830000037327, 2845140.51738 ] } },
{ "type": "Feature", "properties": { "score": 0.2346 }, "geometry": { "type": "Point", "coordinates": [ 572738.32983000006061, 2845269.917380000464618 ] } },
{ "type": "Feature", "properties": { "score": 0.2346 }, "geometry": { "type": "Point", "coordinates": [ 572574.729830000083894, 2845099.917380000464618 ] } },
{ "type": "Feature", "properties": { "score": 0.2345 }, "geometry": { "type": "Point", "coordinates": [ 573025.12983, 2845108.117380000185221 ] } },
{ "type": "Feature", "properties": { "score": 0.2345 }, "geometry": { "type": "Point", "coordinates": [ 573024.12983, 2845114.717380000278354 ] } },
{ "type": "Feature", "properties": { "score": 0.2342 }, "geometry": { "type": "Point", "coordinates": [ 572776.929830000037327, 2844662.51738 ] } },
{ "type": "Feature", "properties": { "score": 0.2336 }, "geometry": { "type": "Point", "coordinates": [ 572697.12983, 2845156.917380000464618 ] } },
{ "type": "Feature", "properties": { "score": 0.2333 }, "geometry": { "type": "Point", "coordinates": [ 572596.12983, 2844864.917380000464618 ] } },
{ "type": "Feature", "properties": { "score": 0.2331 }, "geometry": { "type": "Point", "coordinates": [ 572687.929830000037327, 2844812.717380000278354 ] } },
{ "type": "Feature", "properties": { "score": 0.233 }, "geometry": { "type": "Point", "coordinates": [ 572556.729830000083894, 2844661.117380000185221 ] } },
{ "type": "Feature", "properties": { "score": 0.2329 }, "geometry": { "type": "Point", "coordinates": [ 572558.729830000083894, 2845088.117380000185221 ] } },
{ "type": "Feature", "properties": { "score": 0.2329 }, "geometry": { "type": "Point", "coordinates": [ 572750.529830000014044, 2845286.717380000278354 ] } },
{ "type": "Feature", "properties": { "score": 0.2328 }, "geometry": { "type": "Point", "coordinates": [ 572630.32983000006061, 2845082.51738 ] } },
{ "type": "Feature", "properties": { "score": 0.2327 }, "geometry": { "type": "Point", "coordinates": [ 572591.12983, 2845105.51738 ] } },
{ "type": "Feature", "properties": { "score": 0.2326 }, "geometry": { "type": "Point", "coordinates": [ 572790.729830000083894, 2844766.317380000371486 ] } },
{ "type": "Feature", "properties": { "score": 0.2325 }, "geometry": { "type": "Point", "coordinates": [ 572522.12983, 2845370.51738 ] } },
{ "type": "Feature", "properties": { "score": 0.2325 }, "geometry": { "type": "Point", "coordinates": [ 572721.12983, 2845376.117380000185221 ] } },
{ "type": "Feature", "properties": { "score": 0.2324 }, "geometry": { "type": "Point", "coordinates": [ 572789.929830000037327, 2845295.917380000464618 ] } },
{ "type": "Feature", "properties": { "score": 0.2323 }, "geometry": { "type": "Point", "coordinates": [ 572496.12983, 2845171.917380000464618 ] } },
{ "type": "Feature", "properties": { "score": 0.2323 }, "geometry": { "type": "Point", "coordinates": [ 572703.929830000037327, 2845329.117380000185221 ] } },
{ "type": "Feature", "properties": { "score": 0.232 }, "geometry": { "type": "Point", "coordinates": [ 572654.929830000037327, 2845337.317380000371486 ] } },
{ "type": "Feature", "properties": { "score": 0.2318 }, "geometry": { "type": "Point", "coordinates": [ 572809.529830000014044, 2844697.917380000464618 ] } },
{ "type": "Feature", "properties": { "score": 0.2316 }, "geometry": { "type": "Point", "coordinates": [ 573050.929830000037327, 2844729.117380000185221 ] } },
{ "type": "Feature", "properties": { "score": 0.2315 }, "geometry": { "type": "Point", "coordinates": [ 572581.729830000083894, 2845017.917380000464618 ] } },
{ "type": "Feature", "properties": { "score": 0.2313 }, "geometry": { "type": "Point", "coordinates": [ 572567.12983, 2844974.317380000371486 ] } },
{ "type": "Feature", "properties": { "score": 0.2312 }, "geometry": { "type": "Point", "coordinates": [ 573011.929830000037327, 2844741.717380000278354 ] } },
{ "type": "Feature", "properties": { "score": 0.2308 }, "geometry": { "type": "Point", "coordinates": [ 572657.729830000083894, 2845360.117380000185221 ] } },
{ "type": "Feature", "properties": { "score": 0.2307 }, "geometry": { "type": "Point", "coordinates": [ 572732.12983, 2845093.317380000371486 ] } },
{ "type": "Feature", "properties": { "score": 0.2307 }, "geometry": { "type": "Point", "coordinates": [ 572532.729830000083894, 2844694.317380000371486 ] } },
{ "type": "Feature", "properties": { "score": 0.2307 }, "geometry": { "type": "Point", "coordinates": [ 573006.32983000006061, 2845078.317380000371486 ] } },
{ "type": "Feature", "properties": { "score": 0.2298 }, "geometry": { "type": "Point", "coordinates": [ 572645.529830000014044, 2844875.51738 ] } },
{ "type": "Feature", "properties": { "score": 0.2297 }, "geometry": { "type": "Point", "coordinates": [ 572600.729830000083894, 2845186.317380000371486 ] } },
{ "type": "Feature", "properties": { "score": 0.2297 }, "geometry": { "type": "Point", "coordinates": [ 572591.529830000014044, 2845188.117380000185221 ] } },
{ "type": "Feature", "properties": { "score": 0.2296 }, "geometry": { "type": "Point", "coordinates": [ 572571.929830000037327, 2845075.917380000464618 ] } },
{ "type": "Feature", "properties": { "score": 0.2296 }, "geometry": { "type": "Point", "coordinates": [ 572627.32983000006061, 2844951.317380000371486 ] } },
{ "type": "Feature", "properties": { "score": 0.2295 }, "geometry": { "type": "Point", "coordinates": [ 572666.729830000083894, 2844746.317380000371486 ] } },
{ "type": "Feature", "properties": { "score": 0.2294 }, "geometry": { "type": "Point", "coordinates": [ 572834.12983, 2845146.117380000185221 ] } },
{ "type": "Feature", "properties": { "score": 0.2293 }, "geometry": { "type": "Point", "coordinates": [ 572746.529830000014044, 2844882.917380000464618 ] } },
{ "type": "Feature", "properties": { "score": 0.2292 }, "geometry": { "type": "Point", "coordinates": [ 572670.729830000083894, 2844913.117380000185221 ] } },
{ "type": "Feature", "properties": { "score": 0.2292 }, "geometry": { "type": "Point", "coordinates": [ 572910.12983, 2845252.51738 ] } },
{ "type": "Feature", "properties": { "score": 0.2292 }, "geometry": { "type": "Point", "coordinates": [ 573018.12983, 2844748.717380000278354 ] } },
{ "type": "Feature", "properties": { "score": 0.2292 }, "geometry": { "type": "Point", "coordinates": [ 572731.529830000014044, 2844753.317380000371486 ] } },
{ "type": "Feature", "properties": { "score": 0.229 }, "geometry": { "type": "Point", "coordinates": [ 572529.729830000083894, 2844923.917380000464618 ] } },
{ "type": "Feature", "properties": { "score": 0.2289 }, "geometry": { "type": "Point", "coordinates": [ 572907.929830000037327, 2844816.51738 ] } },
{ "type": "Feature", "properties": { "score": 0.2288 }, "geometry": { "type": "Point", "coordinates": [ 572562.729830000083894, 2845106.51738 ] } },
{ "type": "Feature", "properties": { "score": 0.2287 }, "geometry": { "type": "Point", "coordinates": [ 572687.729830000083894, 2844972.117380000185221 ] } },
{ "type": "Feature", "properties": { "score": 0.2287 }, "geometry": { "type": "Point", "coordinates": [ 572530.32983000006061, 2844698.117380000185221 ] } },
{ "type": "Feature", "properties": { "score": 0.2285 }, "geometry": { "type": "Point", "coordinates": [ 572591.12983, 2844951.51738 ] } },
{ "type": "Feature", "properties": { "score": 0.2279 }, "geometry": { "type": "Point", "coordinates": [ 572811.929830000037327, 2844775.317380000371486 ] } },
{ "type": "Feature", "properties": { "score": 0.2279 }, "geometry": { "type": "Point", "coordinates": [ 572863.529830000014044, 2845297.51738 ] } },
{ "type": "Feature", "properties": { "score": 0.2277 }, "geometry": { "type": "Point", "coordinates": [ 572710.729830000083894, 2845106.117380000185221 ] } },
{ "type": "Feature", "properties": { "score": 0.2276 }, "geometry": { "type": "Point", "coordinates": [ 572542.529830000014044, 2844689.717380000278354 ] } },
{ "type": "Feature", "properties": { "score": 0.2274 }, "geometry": { "type": "Point", "coordinates": [ 572683.12983, 2845117.51738 ] } },
{ "type": "Feature", "properties": { "score": 0.2271 }, "geometry": { "type": "Point", "coordinates": [ 572574.729830000083894, 2844944.317380000371486 ] } },
{ "type": "Feature", "properties": { "score": 0.2269 }, "geometry": { "type": "Point", "coordinates": [ 572733.529830000014044, 2845094.917380000464618 ] } },
{ "type": "Feature", "properties": { "score": 0.2268 }, "geometry": { "type": "Point", "coordinates": [ 572571.529830000014044, 2845108.917380000464618 ] } },
{ "type": "Feature", "properties": { "score": 0.2268 }, "geometry": { "type": "Point", "coordinates": [ 572534.32983000006061, 2845160.317380000371486 ] } },
{ "type": "Feature", "properties": { "score": 0.2264 }, "geometry": { "type": "Point", "coordinates": [ 572746.729830000083894, 2845292.117380000185221 ] } },
{ "type": "Feature", "properties": { "score": 0.2264 }, "geometry": { "type": "Point", "coordinates": [ 572691.529830000014044, 2845363.51738 ] } },
{ "type": "Feature", "properties": { "score": 0.2263 }, "geometry": { "type": "Point", "coordinates": [ 572898.12983, 2844807.51738 ] } },
{ "type": "Feature", "properties": { "score": 0.226 }, "geometry": { "type": "Point", "coordinates": [ 572628.729830000083894, 2844803.51738 ] } },
{ "type": "Feature", "properties": { "score": 0.2258 }, "geometry": { "type": "Point", "coordinates": [ 572547.929830000037327, 2844918.717380000278354 ] } },
{ "type": "Feature", "properties": { "score": 0.2255 }, "geometry": { "type": "Point", "coordinates": [ 572712.729830000083894, 2845106.51738 ] } },
{ "type": "Feature", "properties": { "score": 0.2252 }, "geometry": { "type": "Point", "coordinates": [ 572904.12983, 2844650.51738 ] } },
{ "type": "Feature", "properties": { "score": 0.2252 }, "geometry": { "type": "Point", "coordinates": [ 572762.32983000006061, 2844810.917380000464618 ] } },
{ "type": "Feature", "properties": { "score": 0.225 }, "geometry": { "type": "Point", "coordinates": [ 572638.32983000006061, 2844864.717380000278354 ] } },
{ "type": "Feature", "properties": { "score": 0.2249 }, "geometry": { "type": "Point", "coordinates": [ 572513.529830000014044, 2845174.917380000464618 ] } },
{ "type": "Feature", "properties": { "score": 0.2249 }, "geometry": { "type": "Point", "coordinates": [ 572807.529830000014044, 2845124.117380000185221 ] } },
{ "type": "Feature", "properties": { "score": 0.2245 }, "geometry": { "type": "Point", "coordinates": [ 573019.32983000006061, 2844744.317380000371486 ] } },
{ "type": "Feature", "properties": { "score": 0.2245 }, "geometry": { "type": "Point", "coordinates": [ 573015.12983, 2845046.51738 ] } },
{ "type": "Feature", "properties": { "score": 0.2243 }, "geometry": { "type": "Point", "coordinates": [ 572771.12983, 2845104.717380000278354 ] } },
{ "type": "Feature", "properties": { "score": 0.2242 }, "geometry": { "type": "Point", "coordinates": [ 572518.32983000006061, 2845187.717380000278354 ] } },
{ "type": "Feature", "properties": { "score": 0.2238 }, "geometry": { "type": "Point", "coordinates": [ 572640.729830000083894, 2844954.917380000464618 ] } },
{ "type": "Feature", "properties": { "score": 0.2236 }, "geometry": { "type": "Point", "coordinates": [ 572849.529830000014044, 2844952.917380000464618 ] } },
{ "type": "Feature", "properties": { "score": 0.2236 }, "geometry": { "type": "Point", "coordinates": [ 572893.12983, 2845272.117380000185221 ] } },
{ "type": "Feature", "properties": { "score": 0.2235 }, "geometry": { "type": "Point", "coordinates": [ 572599.529830000014044, 2845095.51738 ] } },
{ "type": "Feature", "properties": { "score": 0.2231 }, "geometry": { "type": "Point", "coordinates": [ 572585.12983, 2844830.317380000371486 ] } },
{ "type": "Feature", "properties": { "score": 0.2228 }, "geometry": { "type": "Point", "coordinates": [ 572488.32983000006061, 2845374.317380000371486 ] } },
{ "type": "Feature", "properties": { "score": 0.2223 }, "geometry": { "type": "Point", "coordinates": [ 572630.529830000014044, 2844892.51738 ] } },
{ "type": "Feature", "properties": { "score": 0.2221 }, "geometry": { "type": "Point", "coordinates": [ 572681.729830000083894, 2844844.917380000464618 ] } },
{ "type": "Feature", "properties": { "score": 0.2221 }, "geometry": { "type": "Point", "coordinates": [ 572528.32983000006061, 2844799.717380000278354 ] } },
{ "type": "Feature", "properties": { "score": 0.2221 }, "geometry": { "type": "Point", "coordinates": [ 572906.729829999967478, 2844652.51738 ] } },
{ "type": "Feature", "properties": { "score": 0.2221 }, "geometry": { "type": "Point", "coordinates": [ 572876.529830000014044, 2845175.117380000185221 ] } },
{ "type": "Feature", "properties": { "score": 0.2221 }, "geometry": { "type": "Point", "coordinates": [ 572678.12983, 2844943.117380000185221 ] } },
{ "type": "Feature", "properties": { "score": 0.222 }, "geometry": { "type": "Point", "coordinates": [ 572494.929830000037327, 2845345.317380000371486 ] } },
{ "type": "Feature", "properties": { "score": 0.2218 }, "geometry": { "type": "Point", "coordinates": [ 572532.529830000014044, 2844731.51738 ] } },
{ "type": "Feature", "properties": { "score": 0.2217 }, "geometry": { "type": "Point", "coordinates": [ 572561.12983, 2844770.717380000278354 ] } },
{ "type": "Feature", "properties": { "score": 0.2215 }, "geometry": { "type": "Point", "coordinates": [ 572698.529830000014044, 2845227.51738 ] } },
{ "type": "Feature", "properties": { "score": 0.2214 }, "geometry": { "type": "Point", "coordinates": [ 572775.529830000014044, 2845291.117380000185221 ] } },
{ "type": "Feature", "properties": { "score": 0.2212 }, "geometry": { "type": "Point", "coordinates": [ 572846.32983000006061, 2845161.717380000278354 ] } },
{ "type": "Feature", "properties": { "score": 0.2212 }, "geometry": { "type": "Point", "coordinates": [ 572596.729830000083894, 2845102.117380000185221 ] } },
{ "type": "Feature", "properties": { "score": 0.2211 }, "geometry": { "type": "Point", "coordinates": [ 572639.529830000014044, 2844928.917380000464618 ] } },
{ "type": "Feature", "properties": { "score": 0.2211 }, "geometry": { "type": "Point", "coordinates": [ 572589.12983, 2845257.117380000185221 ] } },
{ "type": "Feature", "properties": { "score": 0.2207 }, "geometry": { "type": "Point", "coordinates": [ 572618.729830000083894, 2845351.317380000371486 ] } },
{ "type": "Feature", "properties": { "score": 0.2202 }, "geometry": { "type": "Point", "coordinates": [ 572513.729830000083894, 2845344.117380000185221 ] } },
{ "type": "Feature", "properties": { "score": 0.2202 }, "geometry": { "type": "Point", "coordinates": [ 573072.929830000037327, 2845001.917380000464618 ] } },
{ "type": "Feature", "properties": { "score": 0.2201 }, "geometry": { "type": "Point", "coordinates": [ 572548.729830000083894, 2844921.717380000278354 ] } },
{ "type": "Feature", "properties": { "score": 0.2201 }, "geometry": { "type": "Point", "coordinates": [ 572624.529830000014044, 2844942.117380000185221 ] } },
{ "type": "Feature", "properties": { "score": 0.22 }, "geometry": { "type": "Point", "coordinates": [ 572697.32983000006061, 2844889.117380000185221 ] } },
{ "type": "Feature", "properties": { "score": 0.22 }, "geometry": { "type": "Point", "coordinates": [ 572787.32983000006061, 2845063.51738 ] } },
{ "type": "Feature", "properties": { "score": 0.22 }, "geometry": { "type": "Point", "coordinates": [ 572508.12983, 2845006.117380000185221 ] } },
{ "type": "Feature", "properties": { "score": 0.2199 }, "geometry": { "type": "Point", "coordinates": [ 572619.32983000006061, 2845331.317380000371486 ] } },
{ "type": "Feature", "properties": { "score": 0.2198 }, "geometry": { "type": "Point", "coordinates": [ 572594.929830000037327, 2845251.717380000278354 ] } },
{ "type": "Feature", "properties": { "score": 0.2195 }, "geometry": { "type": "Point", "coordinates": [ 572692.12983, 2844785.51738 ] } },
{ "type": "Feature", "properties": { "score": 0.2195 }, "geometry": { "type": "Point", "coordinates": [ 572736.32983000006061, 2844687.51738 ] } },
{ "type": "Feature", "properties": { "score": 0.2194 }, "geometry": { "type": "Point", "coordinates": [ 572597.12983, 2845000.317380000371486 ] } },
{ "type": "Feature", "properties": { "score": 0.2192 }, "geometry": { "type": "Point", "coordinates": [ 572594.929830000037327, 2844860.917380000464618 ] } },
{ "type": "Feature", "properties": { "score": 0.2192 }, "geometry": { "type": "Point", "coordinates": [ 572735.529830000014044, 2845088.917380000464618 ] } },
{ "type": "Feature", "properties": { "score": 0.2191 }, "geometry": { "type": "Point", "coordinates": [ 572564.529830000014044, 2845121.317380000371486 ] } },
{ "type": "Feature", "properties": { "score": 0.2189 }, "geometry": { "type": "Point", "coordinates": [ 572799.529830000014044, 2845252.717380000278354 ] } },
{ "type": "Feature", "properties": { "score": 0.2188 }, "geometry": { "type": "Point", "coordinates": [ 572515.529830000014044, 2844990.117380000185221 ] } },
{ "type": "Feature", "properties": { "score": 0.2188 }, "geometry": { "type": "Point", "coordinates": [ 572570.32983000006061, 2844650.917380000464618 ] } },
{ "type": "Feature", "properties": { "score": 0.2188 }, "geometry": { "type": "Point", "coordinates": [ 572736.12983, 2845272.317380000371486 ] } },
{ "type": "Feature", "properties": { "score": 0.2185 }, "geometry": { "type": "Point", "coordinates": [ 572823.32983000006061, 2845262.51738 ] } },
{ "type": "Feature", "properties": { "score": 0.2184 }, "geometry": { "type": "Point", "coordinates": [ 572513.529830000014044, 2844816.717380000278354 ] } },
{ "type": "Feature", "properties": { "score": 0.2184 }, "geometry": { "type": "Point", "coordinates": [ 572491.12983, 2844787.117380000185221 ] } },
{ "type": "Feature", "properties": { "score": 0.2179 }, "geometry": { "type": "Point", "coordinates": [ 572635.529830000014044, 2845353.51738 ] } },
{ "type": "Feature", "properties": { "score": 0.2175 }, "geometry": { "type": "Point", "coordinates": [ 572845.12983, 2844698.317380000371486 ] } },
{ "type": "Feature", "properties": { "score": 0.2174 }, "geometry": { "type": "Point", "coordinates": [ 572826.929830000037327, 2845242.317380000371486 ] } },
{ "type": "Feature", "properties": { "score": 0.2173 }, "geometry": { "type": "Point", "coordinates": [ 572939.929830000037327, 2844761.917380000464618 ] } },
{ "type": "Feature", "properties": { "score": 0.2172 }, "geometry": { "type": "Point", "coordinates": [ 572687.12983, 2844782.51738 ] } },
{ "type": "Feature", "properties": { "score": 0.2171 }, "geometry": { "type": "Point", "coordinates": [ 572577.929830000037327, 2845328.317380000371486 ] } },
{ "type": "Feature", "properties": { "score": 0.2169 }, "geometry": { "type": "Point", "coordinates": [ 572498.12983, 2844713.317380000371486 ] } },
{ "type": "Feature", "properties": { "score": 0.2168 }, "geometry": { "type": "Point", "coordinates": [ 572690.729830000083894, 2845217.917380000464618 ] } },
{ "type": "Feature", "properties": { "score": 0.2165 }, "geometry": { "type": "Point", "coordinates": [ 572540.12983, 2844689.917380000464618 ] } },
{ "type": "Feature", "properties": { "score": 0.2164 }, "geometry": { "type": "Point", "coordinates": [ 572730.32983000006061, 2844938.51738 ] } },
{ "type": "Feature", "properties": { "score": 0.2163 }, "geometry": { "type": "Point", "coordinates": [ 572825.32983000006061, 2844799.317380000371486 ] } },
{ "type": "Feature", "properties": { "score": 0.2163 }, "geometry": { "type": "Point", "coordinates": [ 572762.529830000014044, 2845104.317380000371486 ] } },
{ "type": "Feature", "properties": { "score": 0.2162 }, "geometry": { "type": "Point", "coordinates": [ 572695.32983000006061, 2844730.717380000278354 ] } },
{ "type": "Feature", "properties": { "score": 0.2162 }, "geometry": { "type": "Point", "coordinates": [ 572808.12983, 2845261.117380000185221 ] } },
{ "type": "Feature", "properties": { "score": 0.2161 }, "geometry": { "type": "Point", "coordinates": [ 573065.12983, 2844987.917380000464618 ] } },
{ "type": "Feature", "properties": { "score": 0.216 }, "geometry": { "type": "Point", "coordinates": [ 572662.929830000037327, 2844844.317380000371486 ] } },
{ "type": "Feature", "properties": { "score": 0.216 }, "geometry": { "type": "Point", "coordinates": [ 572549.929830000037327, 2844888.51738 ] } },
{ "type": "Feature", "properties": { "score": 0.2158 }, "geometry": { "type": "Point", "coordinates": [ 572501.32983000006061, 2844652.51738 ] } },
{ "type": "Feature", "properties": { "score": 0.2156 }, "geometry": { "type": "Point", "coordinates": [ 572829.529830000014044, 2845279.917380000464618 ] } },
{ "type": "Feature", "properties": { "score": 0.2154 }, "geometry": { "type": "Point", "coordinates": [ 572594.929830000037327, 2845374.317380000371486 ] } },
{ "type": "Feature", "properties": { "score": 0.2154 }, "geometry": { "type": "Point", "coordinates": [ 572690.929830000037327, 2845341.717380000278354 ] } },
{ "type": "Feature", "properties": { "score": 0.2151 }, "geometry": { "type": "Point", "coordinates": [ 572561.12983, 2845098.717380000278354 ] } },
{ "type": "Feature", "properties": { "score": 0.2151 }, "geometry": { "type": "Point", "coordinates": [ 573062.729829999967478, 2845047.317380000371486 ] } },
{ "type": "Feature", "properties": { "score": 0.215 }, "geometry": { "type": "Point", "coordinates": [ 572516.12983, 2845364.917380000464618 ] } },
{ "type": "Feature", "properties": { "score": 0.215 }, "geometry": { "type": "Point", "coordinates": [ 572995.529830000014044, 2845120.917380000464618 ] } },
{ "type": "Feature", "properties": { "score": 0.2149 }, "geometry": { "type": "Point", "coordinates": [ 572762.529830000014044, 2844644.117380000185221 ] } },
{ "type": "Feature", "properties": { "score": 0.2148 }, "geometry": { "type": "Point", "coordinates": [ 572556.729830000083894, 2845102.917380000464618 ] } },
{ "type": "Feature", "properties": { "score": 0.2148 }, "geometry": { "type": "Point", "coordinates": [ 572696.32983000006061, 2845328.117380000185221 ] } },
{ "type": "Feature", "properties": { "score": 0.2147 }, "geometry": { "type": "Point", "coordinates": [ 572699.12983, 2844948.317380000371486 ] } },
{ "type": "Feature", "properties": { "score": 0.2147 }, "geometry": { "type": "Point", "coordinates": [ 572845.929830000037327, 2844842.51738 ] } },
{ "type": "Feature", "properties": { "score": 0.2146 }, "geometry": { "type": "Point", "coordinates": [ 572879.929830000037327, 2844856.117380000185221 ] } },
{ "type": "Feature", "properties": { "score": 0.2145 }, "geometry": { "type": "Point", "coordinates": [ 572553.729830000083894, 2844921.117380000185221 ] } },
{ "type": "Feature", "properties": { "score": 0.2141 }, "geometry": { "type": "Point", "coordinates": [ 572962.929830000037327, 2844674.317380000371486 ] } },
{ "type": "Feature", "properties": { "score": 0.2139 }, "geometry": { "type": "Point", "coordinates": [ 573058.729829999967478, 2844671.51738 ] } },
{ "type": "Feature", "properties": { "score": 0.2138 }, "geometry": { "type": "Point", "coordinates": [ 572788.929830000037327, 2845068.51738 ] } },
{ "type": "Feature", "properties": { "score": 0.2138 }, "geometry": { "type": "Point", "coordinates": [ 572536.729830000083894, 2844687.51738 ] } },
{ "type": "Feature", "properties": { "score": 0.2138 }, "geometry": { "type": "Point", "coordinates": [ 572766.529830000014044, 2845159.317380000371486 ] } },
{ "type": "Feature", "properties": { "score": 0.2138 }, "geometry": { "type": "Point", "coordinates": [ 572783.929830000037327, 2844653.51738 ] } },
{ "type": "Feature", "properties": { "score": 0.2138 }, "geometry": { "type": "Point", "coordinates": [ 572594.529830000014044, 2845183.917380000464618 ] } },
{ "type": "Feature", "properties": { "score": 0.2136 }, "geometry": { "type": "Point", "coordinates": [ 572763.929830000037327, 2844880.717380000278354 ] } },
{ "type": "Feature", "properties": { "score": 0.2136 }, "geometry": { "type": "Point", "coordinates": [ 572850.929830000037327, 2844821.51738 ] } },
{ "type": "Feature", "properties": { "score": 0.2133 }, "geometry": { "type": "Point", "coordinates": [ 572882.32983000006061, 2844779.51738 ] } },
{ "type": "Feature", "properties": { "score": 0.2132 }, "geometry": { "type": "Point", "coordinates": [ 572791.529830000014044, 2844769.717380000278354 ] } },
{ "type": "Feature", "properties": { "score": 0.2132 }, "geometry": { "type": "Point", "coordinates": [ 572603.529830000014044, 2845272.317380000371486 ] } },
{ "type": "Feature", "properties": { "score": 0.2131 }, "geometry": { "type": "Point", "coordinates": [ 572499.729830000083894, 2844764.317380000371486 ] } },
{ "type": "Feature", "properties": { "score": 0.2131 }, "geometry": { "type": "Point", "coordinates": [ 572803.929830000037327, 2844707.51738 ] } },
{ "type": "Feature", "properties": { "score": 0.213 }, "geometry": { "type": "Point", "coordinates": [ 572907.529830000014044, 2845239.117380000185221 ] } },
{ "type": "Feature", "properties": { "score": 0.213 }, "geometry": { "type": "Point", "coordinates": [ 572651.529830000014044, 2844676.117380000185221 ] } },
{ "type": "Feature", "properties": { "score": 0.2129 }, "geometry": { "type": "Point", "coordinates": [ 572560.929830000037327, 2845208.717380000278354 ] } },
{ "type": "Feature", "properties": { "score": 0.2126 }, "geometry": { "type": "Point", "coordinates": [ 572598.32983000006061, 2845104.117380000185221 ] } },
{ "type": "Feature", "properties": { "score": 0.2126 }, "geometry": { "type": "Point", "coordinates": [ 572633.32983000006061, 2844874.717380000278354 ] } },
{ "type": "Feature", "properties": { "score": 0.2125 }, "geometry": { "type": "Point", "coordinates": [ 572702.12983, 2844884.51738 ] } },
{ "type": "Feature", "properties": { "score": 0.2124 }, "geometry": { "type": "Point", "coordinates": [ 572528.529830000014044, 2845377.317380000371486 ] } },
{ "type": "Feature", "properties": { "score": 0.2123 }, "geometry": { "type": "Point", "coordinates": [ 572764.929830000037327, 2844795.317380000371486 ] } },
{ "type": "Feature", "properties": { "score": 0.212 }, "geometry": { "type": "Point", "coordinates": [ 572641.12983, 2845199.51738 ] } },
{ "type": "Feature", "properties": { "score": 0.212 }, "geometry": { "type": "Point", "coordinates": [ 572578.929830000037327, 2845326.317380000371486 ] } },
{ "type": "Feature", "properties": { "score": 0.212 }, "geometry": { "type": "Point", "coordinates": [ 572486.32983000006061, 2844716.51738 ] } },
{ "type": "Feature", "properties": { "score": 0.2118 }, "geometry": { "type": "Point", "coordinates": [ 572909.529830000014044, 2844656.117380000185221 ] } },
{ "type": "Feature", "properties": { "score": 0.2118 }, "geometry": { "type": "Point", "coordinates": [ 572594.12983, 2845178.117380000185221 ] } },
{ "type": "Feature", "properties": { "score": 0.2117 }, "geometry": { "type": "Point", "coordinates": [ 572635.32983000006061, 2845151.717380000278354 ] } },
{ "type": "Feature", "properties": { "score": 0.2116 }, "geometry": { "type": "Point", "coordinates": [ 572508.729830000083894, 2845026.717380000278354 ] } },
{ "type": "Feature", "properties": { "score": 0.2116 }, "geometry": { "type": "Point", "coordinates": [ 572584.12983, 2845219.717380000278354 ] } },
{ "type": "Feature", "properties": { "score": 0.2115 }, "geometry": { "type": "Point", "coordinates": [ 572807.32983000006061, 2845128.717380000278354 ] } },
{ "type": "Feature", "properties": { "score": 0.2115 }, "geometry": { "type": "Point", "coordinates": [ 572674.529830000014044, 2845125.51738 ] } },
{ "type": "Feature", "properties": { "score": 0.2114 }, "geometry": { "type": "Point", "coordinates": [ 572686.929830000037327, 2844734.917380000464618 ] } },
{ "type": "Feature", "properties": { "score": 0.2113 }, "geometry": { "type": "Point", "coordinates": [ 573041.12983, 2844717.717380000278354 ] } },
{ "type": "Feature", "properties": { "score": 0.2113 }, "geometry": { "type": "Point", "coordinates": [ 572794.12983, 2845105.117380000185221 ] } },
{ "type": "Feature", "properties": { "score": 0.2111 }, "geometry": { "type": "Point", "coordinates": [ 572644.729830000083894, 2844950.717380000278354 ] } },
{ "type": "Feature", "properties": { "score": 0.211 }, "geometry": { "type": "Point", "coordinates": [ 572598.32983000006061, 2845379.717380000278354 ] } },
{ "type": "Feature", "properties": { "score": 0.2109 }, "geometry": { "type": "Point", "coordinates": [ 572635.729830000083894, 2844965.717380000278354 ] } },
{ "type": "Feature", "properties": { "score": 0.2108 }, "geometry": { "type": "Point", "coordinates": [ 572505.729830000083894, 2844725.717380000278354 ] } },
{ "type": "Feature", "properties": { "score": 0.2108 }, "geometry": { "type": "Point", "coordinates": [ 572808.729830000083894, 2844849.51738 ] } },
{ "type": "Feature", "properties": { "score": 0.2107 }, "geometry": { "type": "Point", "coordinates": [ 572586.12983, 2845111.317380000371486 ] } },
{ "type": "Feature", "properties": { "score": 0.2105 }, "geometry": { "type": "Point", "coordinates": [ 572903.529830000014044, 2845239.317380000371486 ] } },
{ "type": "Feature", "properties": { "score": 0.2103 }, "geometry": { "type": "Point", "coordinates": [ 572913.529830000014044, 2845259.917380000464618 ] } },
{ "type": "Feature", "properties": { "score": 0.2101 }, "geometry": { "type": "Point", "coordinates": [ 572510.529830000014044, 2845375.917380000464618 ] } },
{ "type": "Feature", "properties": { "score": 0.21 }, "geometry": { "type": "Point", "coordinates": [ 572820.729830000083894, 2845239.917380000464618 ] } },
{ "type": "Feature", "properties": { "score": 0.2098 }, "geometry": { "type": "Point", "coordinates": [ 572570.529830000014044, 2845092.51738 ] } },
{ "type": "Feature", "properties": { "score": 0.2098 }, "geometry": { "type": "Point", "coordinates": [ 572565.529830000014044, 2845076.51738 ] } },
{ "type": "Feature", "properties": { "score": 0.2097 }, "geometry": { "type": "Point", "coordinates": [ 572587.32983000006061, 2845330.317380000371486 ] } },
{ "type": "Feature", "properties": { "score": 0.2096 }, "geometry": { "type": "Point", "coordinates": [ 572682.529830000014044, 2844817.51738 ] } },
{ "type": "Feature", "properties": { "score": 0.2095 }, "geometry": { "type": "Point", "coordinates": [ 572506.929830000037327, 2845346.51738 ] } },
{ "type": "Feature", "properties": { "score": 0.2094 }, "geometry": { "type": "Point", "coordinates": [ 572869.729830000083894, 2845254.117380000185221 ] } },
{ "type": "Feature", "properties": { "score": 0.2093 }, "geometry": { "type": "Point", "coordinates": [ 572584.729830000083894, 2845072.717380000278354 ] } },
{ "type": "Feature", "properties": { "score": 0.2093 }, "geometry": { "type": "Point", "coordinates": [ 572948.929830000037327, 2844766.917380000464618 ] } },
{ "type": "Feature", "properties": { "score": 0.2092 }, "geometry": { "type": "Point", "coordinates": [ 572704.529830000014044, 2844985.917380000464618 ] } },
{ "type": "Feature", "properties": { "score": 0.2092 }, "geometry": { "type": "Point", "coordinates": [ 572577.12983, 2845063.51738 ] } },
{ "type": "Feature", "properties": { "score": 0.2092 }, "geometry": { "type": "Point", "coordinates": [ 572573.32983000006061, 2845135.117380000185221 ] } },
{ "type": "Feature", "properties": { "score": 0.2092 }, "geometry": { "type": "Point", "coordinates": [ 572783.929830000037327, 2845278.917380000464618 ] } },
{ "type": "Feature", "properties": { "score": 0.2092 }, "geometry": { "type": "Point", "coordinates": [ 572747.929830000037327, 2844853.117380000185221 ] } },
{ "type": "Feature", "properties": { "score": 0.2091 }, "geometry": { "type": "Point", "coordinates": [ 572903.729829999967478, 2844743.317380000371486 ] } },
{ "type": "Feature", "properties": { "score": 0.2088 }, "geometry": { "type": "Point", "coordinates": [ 572832.929830000037327, 2845187.51738 ] } },
{ "type": "Feature", "properties": { "score": 0.2087 }, "geometry": { "type": "Point", "coordinates": [ 572668.529830000014044, 2844780.117380000185221 ] } },
{ "type": "Feature", "properties": { "score": 0.2082 }, "geometry": { "type": "Point", "coordinates": [ 572889.12983, 2844845.917380000464618 ] } },
{ "type": "Feature", "properties": { "score": 0.2082 }, "geometry": { "type": "Point", "coordinates": [ 572755.929830000037327, 2844868.917380000464618 ] } },
{ "type": "Feature", "properties": { "score": 0.208 }, "geometry": { "type": "Point", "coordinates": [ 572741.929830000037327, 2844695.117380000185221 ] } },
{ "type": "Feature", "properties": { "score": 0.2078 }, "geometry": { "type": "Point", "coordinates": [ 572565.529830000014044, 2845116.917380000464618 ] } },
{ "type": "Feature", "properties": { "score": 0.2077 }, "geometry": { "type": "Point", "coordinates": [ 572780.729830000083894, 2845055.917380000464618 ] } },
{ "type": "Feature", "properties": { "score": 0.2077 }, "geometry": { "type": "Point", "coordinates": [ 572644.729830000083894, 2844830.717380000278354 ] } },
{ "type": "Feature", "properties": { "score": 0.2077 }, "geometry": { "type": "Point", "coordinates": [ 572656.32983000006061, 2845310.317380000371486 ] } },
{ "type": "Feature", "properties": { "score": 0.2074 }, "geometry": { "type": "Point", "coordinates": [ 572625.529830000014044, 2844768.117380000185221 ] } },
{ "type": "Feature", "properties": { "score": 0.2074 }, "geometry": { "type": "Point", "coordinates": [ 572658.32983000006061, 2845387.917380000464618 ] } },
{ "type": "Feature", "properties": { "score": 0.2073 }, "geometry": { "type": "Point", "coordinates": [ 572540.529830000014044, 2845250.717380000278354 ] } },
{ "type": "Feature", "properties": { "score": 0.2072 }, "geometry": { "type": "Point", "coordinates": [ 572633.729830000083894, 2844954.717380000278354 ] } },
{ "type": "Feature", "properties": { "score": 0.2071 }, "geometry": { "type": "Point", "coordinates": [ 572825.929830000037327, 2845270.917380000464618 ] } },
{ "type": "Feature", "properties": { "score": 0.207 }, "geometry": { "type": "Point", "coordinates": [ 573074.32983000006061, 2844947.717380000278354 ] } },
{ "type": "Feature", "properties": { "score": 0.2069 }, "geometry": { "type": "Point", "coordinates": [ 572553.32983000006061, 2844927.717380000278354 ] } },
{ "type": "Feature", "properties": { "score": 0.2068 }, "geometry": { "type": "Point", "coordinates": [ 572563.729830000083894, 2845218.917380000464618 ] } },
{ "type": "Feature", "properties": { "score": 0.2067 }, "geometry": { "type": "Point", "coordinates": [ 572756.729830000083894, 2845317.51738 ] } },
{ "type": "Feature", "properties": { "score": 0.2065 }, "geometry": { "type": "Point", "coordinates": [ 572582.12983, 2844815.51738 ] } },
{ "type": "Feature", "properties": { "score": 0.2064 }, "geometry": { "type": "Point", "coordinates": [ 572762.12983, 2845277.51738 ] } },
{ "type": "Feature", "properties": { "score": 0.2063 }, "geometry": { "type": "Point", "coordinates": [ 572630.12983, 2844655.117380000185221 ] } },
{ "type": "Feature", "properties": { "score": 0.2062 }, "geometry": { "type": "Point", "coordinates": [ 572538.729830000083894, 2845342.917380000464618 ] } },
{ "type": "Feature", "properties": { "score": 0.2061 }, "geometry": { "type": "Point", "coordinates": [ 572710.729830000083894, 2844926.51738 ] } },
{ "type": "Feature", "properties": { "score": 0.2059 }, "geometry": { "type": "Point", "coordinates": [ 572686.32983000006061, 2844955.117380000185221 ] } },
{ "type": "Feature", "properties": { "score": 0.2059 }, "geometry": { "type": "Point", "coordinates": [ 572669.929830000037327, 2844896.917380000464618 ] } },
{ "type": "Feature", "properties": { "score": 0.2058 }, "geometry": { "type": "Point", "coordinates": [ 572594.32983000006061, 2845216.917380000464618 ] } },
{ "type": "Feature", "properties": { "score": 0.2056 }, "geometry": { "type": "Point", "coordinates": [ 573025.32983000006061, 2844792.717380000278354 ] } },
{ "type": "Feature", "properties": { "score": 0.2056 }, "geometry": { "type": "Point", "coordinates": [ 572668.12983, 2845132.51738 ] } },
{ "type": "Feature", "properties": { "score": 0.2056 }, "geometry": { "type": "Point", "coordinates": [ 572805.929830000037327, 2844706.51738 ] } },
{ "type": "Feature", "properties": { "score": 0.2052 }, "geometry": { "type": "Point", "coordinates": [ 572625.12983, 2845211.917380000464618 ] } },
{ "type": "Feature", "properties": { "score": 0.205 }, "geometry": { "type": "Point", "coordinates": [ 572753.32983000006061, 2845256.117380000185221 ] } },
{ "type": "Feature", "properties": { "score": 0.2049 }, "geometry": { "type": "Point", "coordinates": [ 572836.729830000083894, 2845190.317380000371486 ] } },
{ "type": "Feature", "properties": { "score": 0.2048 }, "geometry": { "type": "Point", "coordinates": [ 572703.929830000037327, 2845133.51738 ] } },
{ "type": "Feature", "properties": { "score": 0.2047 }, "geometry": { "type": "Point", "coordinates": [ 572611.12983, 2844875.51738 ] } },
{ "type": "Feature", "properties": { "score": 0.2046 }, "geometry": { "type": "Point", "coordinates": [ 572588.929830000037327, 2844962.117380000185221 ] } },
{ "type": "Feature", "properties": { "score": 0.2045 }, "geometry": { "type": "Point", "coordinates": [ 572730.729830000083894, 2845080.917380000464618 ] } },
{ "type": "Feature", "properties": { "score": 0.2045 }, "geometry": { "type": "Point", "coordinates": [ 572532.32983000006061, 2844981.51738 ] } },
{ "type": "Feature", "properties": { "score": 0.2045 }, "geometry": { "type": "Point", "coordinates": [ 572692.12983, 2845089.917380000464618 ] } },
{ "type": "Feature", "properties": { "score": 0.2043 }, "geometry": { "type": "Point", "coordinates": [ 572634.929830000037327, 2845262.51738 ] } },
{ "type": "Feature", "properties": { "score": 0.2043 }, "geometry": { "type": "Point", "coordinates": [ 572593.529830000014044, 2845111.917380000464618 ] } },
{ "type": "Feature", "properties": { "score": 0.2042 }, "geometry": { "type": "Point", "coordinates": [ 572642.32983000006061, 2844969.117380000185221 ] } },
{ "type": "Feature", "properties": { "score": 0.2042 }, "geometry": { "type": "Point", "coordinates": [ 572964.929830000037327, 2844649.117380000185221 ] } },
{ "type": "Feature", "properties": { "score": 0.2041 }, "geometry": { "type": "Point", "coordinates": [ 572993.929830000037327, 2845126.317380000371486 ] } },
{ "type": "Feature", "properties": { "score": 0.2041 }, "geometry": { "type": "Point", "coordinates": [ 572596.12983, 2845099.117380000185221 ] } },
{ "type": "Feature", "properties": { "score": 0.2037 }, "geometry": { "type": "Point", "coordinates": [ 572533.32983000006061, 2844790.717380000278354 ] } },
{ "type": "Feature", "properties": { "score": 0.2036 }, "geometry": { "type": "Point", "coordinates": [ 572574.929830000037327, 2845090.117380000185221 ] } },
{ "type": "Feature", "properties": { "score": 0.2036 }, "geometry": { "type": "Point", "coordinates": [ 572591.12983, 2844786.917380000464618 ] } },
{ "type": "Feature", "properties": { "score": 0.2035 }, "geometry": { "type": "Point", "coordinates": [ 572663.929830000037327, 2845238.51738 ] } },
{ "type": "Feature", "properties": { "score": 0.2034 }, "geometry": { "type": "Point", "coordinates": [ 572485.729830000083894, 2844687.117380000185221 ] } },
{ "type": "Feature", "properties": { "score": 0.2034 }, "geometry": { "type": "Point", "coordinates": [ 572766.32983000006061, 2845355.917380000464618 ] } },
{ "type": "Feature", "properties": { "score": 0.2033 }, "geometry": { "type": "Point", "coordinates": [ 572838.929830000037327, 2844784.117380000185221 ] } },
{ "type": "Feature", "properties": { "score": 0.2033 }, "geometry": { "type": "Point", "coordinates": [ 572764.12983, 2845113.317380000371486 ] } },
{ "type": "Feature", "properties": { "score": 0.2032 }, "geometry": { "type": "Point", "coordinates": [ 572880.729830000083894, 2844777.917380000464618 ] } },
{ "type": "Feature", "properties": { "score": 0.2032 }, "geometry": { "type": "Point", "coordinates": [ 572853.729830000083894, 2844996.117380000185221 ] } },
{ "type": "Feature", "properties": { "score": 0.2031 }, "geometry": { "type": "Point", "coordinates": [ 572540.529830000014044, 2844788.917380000464618 ] } },
{ "type": "Feature", "properties": { "score": 0.2029 }, "geometry": { "type": "Point", "coordinates": [ 572715.12983, 2845297.317380000371486 ] } },
{ "type": "Feature", "properties": { "score": 0.2028 }, "geometry": { "type": "Point", "coordinates": [ 572676.729830000083894, 2844983.51738 ] } },
{ "type": "Feature", "properties": { "score": 0.2026 }, "geometry": { "type": "Point", "coordinates": [ 572606.12983, 2845084.117380000185221 ] } },
{ "type": "Feature", "properties": { "score": 0.2026 }, "geometry": { "type": "Point", "coordinates": [ 572535.529830000014044, 2844682.917380000464618 ] } },
{ "type": "Feature", "properties": { "score": 0.2026 }, "geometry": { "type": "Point", "coordinates": [ 572586.729830000083894, 2844959.51738 ] } },
{ "type": "Feature", "properties": { "score": 0.2026 }, "geometry": { "type": "Point", "coordinates": [ 572773.729830000083894, 2845039.917380000464618 ] } },
{ "type": "Feature", "properties": { "score": 0.2025 }, "geometry": { "type": "Point", "coordinates": [ 572706.929830000037327, 2845129.917380000464618 ] } },
{ "type": "Feature", "properties": { "score": 0.2022 }, "geometry": { "type": "Point", "coordinates": [ 572652.529830000014044, 2844832.51738 ] } },
{ "type": "Feature", "properties": { "score": 0.2021 }, "geometry": { "type": "Point", "coordinates": [ 572630.32983000006061, 2844798.117380000185221 ] } },
{ "type": "Feature", "properties": { "score": 0.2021 }, "geometry": { "type": "Point", "coordinates": [ 572882.12983, 2845215.917380000464618 ] } },
{ "type": "Feature", "properties": { "score": 0.202 }, "geometry": { "type": "Point", "coordinates": [ 572542.929830000037327, 2844836.917380000464618 ] } },
{ "type": "Feature", "properties": { "score": 0.202 }, "geometry": { "type": "Point", "coordinates": [ 572999.729829999967478, 2845094.717380000278354 ] } },
{ "type": "Feature", "properties": { "score": 0.2018 }, "geometry": { "type": "Point", "coordinates": [ 572873.729830000083894, 2845017.117380000185221 ] } },
{ "type": "Feature", "properties": { "score": 0.2018 }, "geometry": { "type": "Point", "coordinates": [ 572521.929830000037327, 2844803.317380000371486 ] } },
{ "type": "Feature", "properties": { "score": 0.2018 }, "geometry": { "type": "Point", "coordinates": [ 572530.529830000014044, 2844693.917380000464618 ] } },
{ "type": "Feature", "properties": { "score": 0.2015 }, "geometry": { "type": "Point", "coordinates": [ 572606.32983000006061, 2845041.317380000371486 ] } },
{ "type": "Feature", "properties": { "score": 0.2013 }, "geometry": { "type": "Point", "coordinates": [ 572792.529830000014044, 2844828.717380000278354 ] } },
{ "type": "Feature", "properties": { "score": 0.2013 }, "geometry": { "type": "Point", "coordinates": [ 572718.32983000006061, 2845293.317380000371486 ] } },
{ "type": "Feature", "properties": { "score": 0.2013 }, "geometry": { "type": "Point", "coordinates": [ 573002.729829999967478, 2845089.917380000464618 ] } },
{ "type": "Feature", "properties": { "score": 0.2011 }, "geometry": { "type": "Point", "coordinates": [ 572797.529830000014044, 2845284.717380000278354 ] } },
{ "type": "Feature", "properties": { "score": 0.2011 }, "geometry": { "type": "Point", "coordinates": [ 572739.729830000083894, 2845048.117380000185221 ] } },
{ "type": "Feature", "properties": { "score": 0.2008 }, "geometry": { "type": "Point", "coordinates": [ 572958.32983000006061, 2844862.317380000371486 ] } },
{ "type": "Feature", "properties": { "score": 0.2006 }, "geometry": { "type": "Point", "coordinates": [ 572810.729830000083894, 2844850.317380000371486 ] } },
{ "type": "Feature", "properties": { "score": 0.2003 }, "geometry": { "type": "Point", "coordinates": [ 572608.729830000083894, 2845084.917380000464618 ] } },
{ "type": "Feature", "properties": { "score": 0.2002 }, "geometry": { "type": "Point", "coordinates": [ 572795.529830000014044, 2845254.917380000464618 ] } },
{ "type": "Feature", "properties": { "score": 0.2002 }, "geometry": { "type": "Point", "coordinates": [ 572860.12983, 2845292.317380000371486 ] } },
{ "type": "Feature", "properties": { "score": 0.2001 }, "geometry": { "type": "Point", "coordinates": [ 572760.529830000014044, 2845336.917380000464618 ] } },
{ "type": "Feature", "properties": { "score": 0.2 }, "geometry": { "type": "Point", "coordinates": [ 572525.529830000014044, 2845344.917380000464618 ] } },
{ "type": "Feature", "properties": { "score": 0.2 }, "geometry": { "type": "Point", "coordinates": [ 572738.12983, 2845000.51738 ] } },
{ "type": "Feature", "properties": { "score": 0.1996 }, "geometry": { "type": "Point", "coordinates": [ 572689.929830000037327, 2844935.317380000371486 ] } },
{ "type": "Feature", "properties": { "score": 0.1996 }, "geometry": { "type": "Point", "coordinates": [ 572565.529830000014044, 2845003.917380000464618 ] } },
{ "type": "Feature", "properties": { "score": 0.1996 }, "geometry": { "type": "Point", "coordinates": [ 572682.32983000006061, 2845172.717380000278354 ] } },
{ "type": "Feature", "properties": { "score": 0.1995 }, "geometry": { "type": "Point", "coordinates": [ 572634.32983000006061, 2844894.51738 ] } },
{ "type": "Feature", "properties": { "score": 0.1994 }, "geometry": { "type": "Point", "coordinates": [ 572654.929830000037327, 2844983.117380000185221 ] } },
{ "type": "Feature", "properties": { "score": 0.1993 }, "geometry": { "type": "Point", "coordinates": [ 572845.529830000014044, 2844900.51738 ] } },
{ "type": "Feature", "properties": { "score": 0.1992 }, "geometry": { "type": "Point", "coordinates": [ 572554.32983000006061, 2844962.117380000185221 ] } },
{ "type": "Feature", "properties": { "score": 0.1992 }, "geometry": { "type": "Point", "coordinates": [ 572764.12983, 2844791.917380000464618 ] } },
{ "type": "Feature", "properties": { "score": 0.1992 }, "geometry": { "type": "Point", "coordinates": [ 572899.12983, 2844833.717380000278354 ] } },
{ "type": "Feature", "properties": { "score": 0.1991 }, "geometry": { "type": "Point", "coordinates": [ 572662.529830000014044, 2845343.51738 ] } },
{ "type": "Feature", "properties": { "score": 0.1991 }, "geometry": { "type": "Point", "coordinates": [ 572537.529830000014044, 2844921.717380000278354 ] } },
{ "type": "Feature", "properties": { "score": 0.199 }, "geometry": { "type": "Point", "coordinates": [ 572870.12983, 2844746.117380000185221 ] } },
{ "type": "Feature", "properties": { "score": 0.1989 }, "geometry": { "type": "Point", "coordinates": [ 572702.12983, 2844994.917380000464618 ] } },
{ "type": "Feature", "properties": { "score": 0.1988 }, "geometry": { "type": "Point", "coordinates": [ 572635.529830000014044, 2845195.917380000464618 ] } },
{ "type": "Feature", "properties": { "score": 0.1988 }, "geometry": { "type": "Point", "coordinates": [ 572939.929830000037327, 2845231.117380000185221 ] } },
{ "type": "Feature", "properties": { "score": 0.1987 }, "geometry": { "type": "Point", "coordinates": [ 572511.529830000014044, 2844824.717380000278354 ] } },
{ "type": "Feature", "properties": { "score": 0.1986 }, "geometry": { "type": "Point", "coordinates": [ 572690.12983, 2844690.317380000371486 ] } },
{ "type": "Feature", "properties": { "score": 0.1986 }, "geometry": { "type": "Point", "coordinates": [ 572760.12983, 2845314.317380000371486 ] } },
{ "type": "Feature", "properties": { "score": 0.1986 }, "geometry": { "type": "Point", "coordinates": [ 572618.729830000083894, 2844771.117380000185221 ] } },
{ "type": "Feature", "properties": { "score": 0.1985 }, "geometry": { "type": "Point", "coordinates": [ 572735.32983000006061, 2844678.317380000371486 ] } },
{ "type": "Feature", "properties": { "score": 0.1984 }, "geometry": { "type": "Point", "coordinates": [ 572673.529830000014044, 2845184.717380000278354 ] } },
{ "type": "Feature", "properties": { "score": 0.1983 }, "geometry": { "type": "Point", "coordinates": [ 572657.729830000083894, 2844725.117380000185221 ] } },
{ "type": "Feature", "properties": { "score": 0.1982 }, "geometry": { "type": "Point", "coordinates": [ 572675.729830000083894, 2845069.917380000464618 ] } },
{ "type": "Feature", "properties": { "score": 0.1982 }, "geometry": { "type": "Point", "coordinates": [ 572714.729830000083894, 2845157.717380000278354 ] } },
{ "type": "Feature", "properties": { "score": 0.1982 }, "geometry": { "type": "Point", "coordinates": [ 572716.729830000083894, 2845295.317380000371486 ] } },
{ "type": "Feature", "properties": { "score": 0.1981 }, "geometry": { "type": "Point", "coordinates": [ 572549.12983, 2844932.917380000464618 ] } },
{ "type": "Feature", "properties": { "score": 0.1981 }, "geometry": { "type": "Point", "coordinates": [ 572856.32983000006061, 2844720.917380000464618 ] } },
{ "type": "Feature", "properties": { "score": 0.1981 }, "geometry": { "type": "Point", "coordinates": [ 572534.32983000006061, 2845090.917380000464618 ] } },
{ "type": "Feature", "properties": { "score": 0.1979 }, "geometry": { "type": "Point", "coordinates": [ 572823.929830000037327, 2844801.117380000185221 ] } },
{ "type": "Feature", "properties": { "score": 0.1978 }, "geometry": { "type": "Point", "coordinates": [ 572627.729830000083894, 2845083.51738 ] } },
{ "type": "Feature", "properties": { "score": 0.1978 }, "geometry": { "type": "Point", "coordinates": [ 572674.12983, 2844837.117380000185221 ] } },
{ "type": "Feature", "properties": { "score": 0.1975 }, "geometry": { "type": "Point", "coordinates": [ 572565.929830000037327, 2845014.51738 ] } },
{ "type": "Feature", "properties": { "score": 0.1975 }, "geometry": { "type": "Point", "coordinates": [ 572716.12983, 2844970.317380000371486 ] } },
{ "type": "Feature", "properties": { "score": 0.1975 }, "geometry": { "type": "Point", "coordinates": [ 572791.729830000083894, 2845257.917380000464618 ] } },
{ "type": "Feature", "properties": { "score": 0.1974 }, "geometry": { "type": "Point", "coordinates": [ 572764.529830000014044, 2845105.117380000185221 ] } },
{ "type": "Feature", "properties": { "score": 0.1972 }, "geometry": { "type": "Point", "coordinates": [ 572590.12983, 2845065.317380000371486 ] } },
{ "type": "Feature", "properties": { "score": 0.197 }, "geometry": { "type": "Point", "coordinates": [ 572610.729830000083894, 2844943.51738 ] } },
{ "type": "Feature", "properties": { "score": 0.197 }, "geometry": { "type": "Point", "coordinates": [ 572571.729830000083894, 2845018.317380000371486 ] } },
{ "type": "Feature", "properties": { "score": 0.1969 }, "geometry": { "type": "Point", "coordinates": [ 572651.529830000014044, 2845357.117380000185221 ] } },
{ "type": "Feature", "properties": { "score": 0.1968 }, "geometry": { "type": "Point", "coordinates": [ 572503.32983000006061, 2845346.717380000278354 ] } },
{ "type": "Feature", "properties": { "score": 0.1967 }, "geometry": { "type": "Point", "coordinates": [ 572549.529830000014044, 2844957.117380000185221 ] } },
{ "type": "Feature", "properties": { "score": 0.1967 }, "geometry": { "type": "Point", "coordinates": [ 572981.929830000037327, 2845142.717380000278354 ] } },
{ "type": "Feature", "properties": { "score": 0.1966 }, "geometry": { "type": "Point", "coordinates": [ 572724.12983, 2844709.51738 ] } },
{ "type": "Feature", "properties": { "score": 0.1965 }, "geometry": { "type": "Point", "coordinates": [ 572746.729830000083894, 2844795.51738 ] } },
{ "type": "Feature", "properties": { "score": 0.1965 }, "geometry": { "type": "Point", "coordinates": [ 572639.32983000006061, 2844870.51738 ] } },
{ "type": "Feature", "properties": { "score": 0.1964 }, "geometry": { "type": "Point", "coordinates": [ 572598.929830000037327, 2845388.117380000185221 ] } },
{ "type": "Feature", "properties": { "score": 0.1963 }, "geometry": { "type": "Point", "coordinates": [ 572599.529830000014044, 2845284.917380000464618 ] } },
{ "type": "Feature", "properties": { "score": 0.1962 }, "geometry": { "type": "Point", "coordinates": [ 573014.12983, 2845034.717380000278354 ] } },
{ "type": "Feature", "properties": { "score": 0.1962 }, "geometry": { "type": "Point", "coordinates": [ 572664.729830000083894, 2845104.317380000371486 ] } },
{ "type": "Feature", "properties": { "score": 0.1962 }, "geometry": { "type": "Point", "coordinates": [ 572670.32983000006061, 2845246.51738 ] } },
{ "type": "Feature", "properties": { "score": 0.1961 }, "geometry": { "type": "Point", "coordinates": [ 572867.729830000083894, 2845269.717380000278354 ] } },
{ "type": "Feature", "properties": { "score": 0.196 }, "geometry": { "type": "Point", "coordinates": [ 572545.729830000083894, 2844836.917380000464618 ] } },
{ "type": "Feature", "properties": { "score": 0.196 }, "geometry": { "type": "Point", "coordinates": [ 572745.529830000014044, 2845227.317380000371486 ] } },
{ "type": "Feature", "properties": { "score": 0.196 }, "geometry": { "type": "Point", "coordinates": [ 572622.32983000006061, 2845185.117380000185221 ] } },
{ "type": "Feature", "properties": { "score": 0.1959 }, "geometry": { "type": "Point", "coordinates": [ 572906.929830000037327, 2845241.717380000278354 ] } },
{ "type": "Feature", "properties": { "score": 0.1958 }, "geometry": { "type": "Point", "coordinates": [ 572616.929830000037327, 2845239.717380000278354 ] } },
{ "type": "Feature", "properties": { "score": 0.1957 }, "geometry": { "type": "Point", "coordinates": [ 572692.729830000083894, 2844942.51738 ] } },
{ "type": "Feature", "properties": { "score": 0.1957 }, "geometry": { "type": "Point", "coordinates": [ 572808.929830000037327, 2844779.717380000278354 ] } },
{ "type": "Feature", "properties": { "score": 0.1954 }, "geometry": { "type": "Point", "coordinates": [ 572630.729830000083894, 2845190.717380000278354 ] } },
{ "type": "Feature", "properties": { "score": 0.1953 }, "geometry": { "type": "Point", "coordinates": [ 572522.32983000006061, 2844984.51738 ] } },
{ "type": "Feature", "properties": { "score": 0.1951 }, "geometry": { "type": "Point", "coordinates": [ 572642.12983, 2844690.717380000278354 ] } },
{ "type": "Feature", "properties": { "score": 0.195 }, "geometry": { "type": "Point", "coordinates": [ 572525.32983000006061, 2845386.51738 ] } },
{ "type": "Feature", "properties": { "score": 0.195 }, "geometry": { "type": "Point", "coordinates": [ 572508.12983, 2845029.717380000278354 ] } },
{ "type": "Feature", "properties": { "score": 0.1949 }, "geometry": { "type": "Point", "coordinates": [ 572618.929830000037327, 2844668.317380000371486 ] } },
{ "type": "Feature", "properties": { "score": 0.1947 }, "geometry": { "type": "Point", "coordinates": [ 572922.929830000037327, 2844667.317380000371486 ] } },
{ "type": "Feature", "properties": { "score": 0.1945 }, "geometry": { "type": "Point", "coordinates": [ 572802.729830000083894, 2845111.317380000371486 ] } },
{ "type": "Feature", "properties": { "score": 0.1945 }, "geometry": { "type": "Point", "coordinates": [ 572546.929830000037327, 2845149.51738 ] } },
{ "type": "Feature", "properties": { "score": 0.1944 }, "geometry": { "type": "Point", "coordinates": [ 573061.729829999967478, 2844994.717380000278354 ] } },
{ "type": "Feature", "properties": { "score": 0.1943 }, "geometry": { "type": "Point", "coordinates": [ 572537.32983000006061, 2844795.917380000464618 ] } },
{ "type": "Feature", "properties": { "score": 0.1943 }, "geometry": { "type": "Point", "coordinates": [ 572933.929830000037327, 2845220.917380000464618 ] } },
{ "type": "Feature", "properties": { "score": 0.1943 }, "geometry": { "type": "Point", "coordinates": [ 572756.929830000037327, 2844648.917380000464618 ] } },
{ "type": "Feature", "properties": { "score": 0.194 }, "geometry": { "type": "Point", "coordinates": [ 572564.729830000083894, 2844943.117380000185221 ] } },
{ "type": "Feature", "properties": { "score": 0.1939 }, "geometry": { "type": "Point", "coordinates": [ 572621.929830000037327, 2845151.917380000464618 ] } },
{ "type": "Feature", "properties": { "score": 0.1939 }, "geometry": { "type": "Point", "coordinates": [ 572674.12983, 2844892.117380000185221 ] } },
{ "type": "Feature", "properties": { "score": 0.1938 }, "geometry": { "type": "Point", "coordinates": [ 572760.929830000037327, 2845030.317380000371486 ] } },
{ "type": "Feature", "properties": { "score": 0.1937 }, "geometry": { "type": "Point", "coordinates": [ 572897.529830000014044, 2845236.317380000371486 ] } },
{ "type": "Feature", "properties": { "score": 0.1937 }, "geometry": { "type": "Point", "coordinates": [ 572739.32983000006061, 2845133.717380000278354 ] } },
{ "type": "Feature", "properties": { "score": 0.1936 }, "geometry": { "type": "Point", "coordinates": [ 572827.529830000014044, 2845275.117380000185221 ] } },
{ "type": "Feature", "properties": { "score": 0.1934 }, "geometry": { "type": "Point", "coordinates": [ 572766.32983000006061, 2844674.317380000371486 ] } },
{ "type": "Feature", "properties": { "score": 0.1933 }, "geometry": { "type": "Point", "coordinates": [ 572603.12983, 2845015.51738 ] } },
{ "type": "Feature", "properties": { "score": 0.1933 }, "geometry": { "type": "Point", "coordinates": [ 572548.12983, 2845320.51738 ] } },
{ "type": "Feature", "properties": { "score": 0.1932 }, "geometry": { "type": "Point", "coordinates": [ 572958.32983000006061, 2844642.917380000464618 ] } },
{ "type": "Feature", "properties": { "score": 0.1931 }, "geometry": { "type": "Point", "coordinates": [ 572564.12983, 2845010.917380000464618 ] } },
{ "type": "Feature", "properties": { "score": 0.1931 }, "geometry": { "type": "Point", "coordinates": [ 572642.929830000037327, 2844882.917380000464618 ] } },
{ "type": "Feature", "properties": { "score": 0.193 }, "geometry": { "type": "Point", "coordinates": [ 572766.729830000083894, 2845247.317380000371486 ] } },
{ "type": "Feature", "properties": { "score": 0.193 }, "geometry": { "type": "Point", "coordinates": [ 572601.729830000083894, 2845004.917380000464618 ] } },
{ "type": "Feature", "properties": { "score": 0.193 }, "geometry": { "type": "Point", "coordinates": [ 572894.12983, 2845028.117380000185221 ] } },
{ "type": "Feature", "properties": { "score": 0.193 }, "geometry": { "type": "Point", "coordinates": [ 572978.929830000037327, 2845183.717380000278354 ] } },
{ "type": "Feature", "properties": { "score": 0.1929 }, "geometry": { "type": "Point", "coordinates": [ 572594.12983, 2845098.51738 ] } },
{ "type": "Feature", "properties": { "score": 0.1928 }, "geometry": { "type": "Point", "coordinates": [ 572676.929830000037327, 2844775.51738 ] } },
{ "type": "Feature", "properties": { "score": 0.1927 }, "geometry": { "type": "Point", "coordinates": [ 572583.929830000037327, 2845330.317380000371486 ] } },
{ "type": "Feature", "properties": { "score": 0.1927 }, "geometry": { "type": "Point", "coordinates": [ 572686.529830000014044, 2844844.917380000464618 ] } },
{ "type": "Feature", "properties": { "score": 0.1927 }, "geometry": { "type": "Point", "coordinates": [ 572766.729830000083894, 2844790.917380000464618 ] } },
{ "type": "Feature", "properties": { "score": 0.1926 }, "geometry": { "type": "Point", "coordinates": [ 572540.32983000006061, 2844923.117380000185221 ] } },
{ "type": "Feature", "properties": { "score": 0.1926 }, "geometry": { "type": "Point", "coordinates": [ 572746.32983000006061, 2844798.317380000371486 ] } },
{ "type": "Feature", "properties": { "score": 0.1925 }, "geometry": { "type": "Point", "coordinates": [ 572542.929830000037327, 2844951.117380000185221 ] } },
{ "type": "Feature", "properties": { "score": 0.1924 }, "geometry": { "type": "Point", "coordinates": [ 573038.32983000006061, 2844897.717380000278354 ] } },
{ "type": "Feature", "properties": { "score": 0.1924 }, "geometry": { "type": "Point", "coordinates": [ 572801.32983000006061, 2844696.117380000185221 ] } },
{ "type": "Feature", "properties": { "score": 0.1923 }, "geometry": { "type": "Point", "coordinates": [ 572894.12983, 2844991.317380000371486 ] } },
{ "type": "Feature", "properties": { "score": 0.1923 }, "geometry": { "type": "Point", "coordinates": [ 572578.929830000037327, 2844642.51738 ] } },
{ "type": "Feature", "properties": { "score": 0.1922 }, "geometry": { "type": "Point", "coordinates": [ 572546.929830000037327, 2845144.917380000464618 ] } },
{ "type": "Feature", "properties": { "score": 0.192 }, "geometry": { "type": "Point", "coordinates": [ 572665.12983, 2844942.51738 ] } },
{ "type": "Feature", "properties": { "score": 0.1919 }, "geometry": { "type": "Point", "coordinates": [ 572707.529830000014044, 2845156.917380000464618 ] } },
{ "type": "Feature", "properties": { "score": 0.1919 }, "geometry": { "type": "Point", "coordinates": [ 572518.32983000006061, 2845272.717380000278354 ] } },
{ "type": "Feature", "properties": { "score": 0.1918 }, "geometry": { "type": "Point", "coordinates": [ 572920.529830000014044, 2844844.317380000371486 ] } },
{ "type": "Feature", "properties": { "score": 0.1918 }, "geometry": { "type": "Point", "coordinates": [ 572701.929830000037327, 2844827.717380000278354 ] } },
{ "type": "Feature", "properties": { "score": 0.1917 }, "geometry": { "type": "Point", "coordinates": [ 572772.929830000037327, 2845113.917380000464618 ] } },
{ "type": "Feature", "properties": { "score": 0.1916 }, "geometry": { "type": "Point", "coordinates": [ 572675.929830000037327, 2845250.717380000278354 ] } },
{ "type": "Feature", "properties": { "score": 0.1916 }, "geometry": { "type": "Point", "coordinates": [ 573026.929830000037327, 2845056.51738 ] } },
{ "type": "Feature", "properties": { "score": 0.1915 }, "geometry": { "type": "Point", "coordinates": [ 572628.729830000083894, 2844800.917380000464618 ] } },
{ "type": "Feature", "properties": { "score": 0.1914 }, "geometry": { "type": "Point", "coordinates": [ 572760.12983, 2845346.317380000371486 ] } },
{ "type": "Feature", "properties": { "score": 0.1913 }, "geometry": { "type": "Point", "coordinates": [ 572558.12983, 2844939.717380000278354 ] } },
{ "type": "Feature", "properties": { "score": 0.191 }, "geometry": { "type": "Point", "coordinates": [ 572773.12983, 2844669.51738 ] } },
{ "type": "Feature", "properties": { "score": 0.191 }, "geometry": { "type": "Point", "coordinates": [ 572606.12983, 2845036.117380000185221 ] } },
{ "type": "Feature", "properties": { "score": 0.191 }, "geometry": { "type": "Point", "coordinates": [ 572535.529830000014044, 2845158.51738 ] } },
{ "type": "Feature", "properties": { "score": 0.1909 }, "geometry": { "type": "Point", "coordinates": [ 572487.729830000083894, 2845172.717380000278354 ] } },
{ "type": "Feature", "properties": { "score": 0.1908 }, "geometry": { "type": "Point", "coordinates": [ 572753.729830000083894, 2845050.317380000371486 ] } },
{ "type": "Feature", "properties": { "score": 0.1908 }, "geometry": { "type": "Point", "coordinates": [ 572710.32983000006061, 2845016.117380000185221 ] } },
{ "type": "Feature", "properties": { "score": 0.1908 }, "geometry": { "type": "Point", "coordinates": [ 572707.32983000006061, 2844765.717380000278354 ] } },
{ "type": "Feature", "properties": { "score": 0.1906 }, "geometry": { "type": "Point", "coordinates": [ 572679.12983, 2845381.117380000185221 ] } },
{ "type": "Feature", "properties": { "score": 0.1905 }, "geometry": { "type": "Point", "coordinates": [ 573030.929830000037327, 2845083.117380000185221 ] } },
{ "type": "Feature", "properties": { "score": 0.1905 }, "geometry": { "type": "Point", "coordinates": [ 572894.729830000083894, 2845183.317380000371486 ] } },
{ "type": "Feature", "properties": { "score": 0.1904 }, "geometry": { "type": "Point", "coordinates": [ 573000.529830000014044, 2845112.317380000371486 ] } },
{ "type": "Feature", "properties": { "score": 0.1904 }, "geometry": { "type": "Point", "coordinates": [ 572878.929830000037327, 2845285.717380000278354 ] } },
{ "type": "Feature", "properties": { "score": 0.1904 }, "geometry": { "type": "Point", "coordinates": [ 572745.12983, 2845263.51738 ] } },
{ "type": "Feature", "properties": { "score": 0.1903 }, "geometry": { "type": "Point", "coordinates": [ 572788.529830000014044, 2844647.717380000278354 ] } },
{ "type": "Feature", "properties": { "score": 0.1902 }, "geometry": { "type": "Point", "coordinates": [ 572998.32983000006061, 2845067.917380000464618 ] } },
{ "type": "Feature", "properties": { "score": 0.1901 }, "geometry": { "type": "Point", "coordinates": [ 572703.729830000083894, 2844976.917380000464618 ] } },
{ "type": "Feature", "properties": { "score": 0.19 }, "geometry": { "type": "Point", "coordinates": [ 572629.12983, 2845224.51738 ] } },
{ "type": "Feature", "properties": { "score": 0.1899 }, "geometry": { "type": "Point", "coordinates": [ 572636.529830000014044, 2844898.917380000464618 ] } },
{ "type": "Feature", "properties": { "score": 0.1899 }, "geometry": { "type": "Point", "coordinates": [ 572660.729830000083894, 2844936.717380000278354 ] } },
{ "type": "Feature", "properties": { "score": 0.1899 }, "geometry": { "type": "Point", "coordinates": [ 572784.929830000037327, 2845232.51738 ] } },
{ "type": "Feature", "properties": { "score": 0.1898 }, "geometry": { "type": "Point", "coordinates": [ 572597.529830000014044, 2845217.717380000278354 ] } },
{ "type": "Feature", "properties": { "score": 0.1898 }, "geometry": { "type": "Point", "coordinates": [ 572604.32983000006061, 2844852.717380000278354 ] } },
{ "type": "Feature", "properties": { "score": 0.1896 }, "geometry": { "type": "Point", "coordinates": [ 572801.929830000037327, 2845117.117380000185221 ] } },
{ "type": "Feature", "properties": { "score": 0.1895 }, "geometry": { "type": "Point", "coordinates": [ 572617.729830000083894, 2844838.317380000371486 ] } },
{ "type": "Feature", "properties": { "score": 0.1895 }, "geometry": { "type": "Point", "coordinates": [ 572534.12983, 2844798.51738 ] } },
{ "type": "Feature", "properties": { "score": 0.1894 }, "geometry": { "type": "Point", "coordinates": [ 572627.32983000006061, 2845151.51738 ] } },
{ "type": "Feature", "properties": { "score": 0.1892 }, "geometry": { "type": "Point", "coordinates": [ 572779.12983, 2844816.117380000185221 ] } },
{ "type": "Feature", "properties": { "score": 0.1892 }, "geometry": { "type": "Point", "coordinates": [ 572749.529830000014044, 2845260.917380000464618 ] } },
{ "type": "Feature", "properties": { "score": 0.1891 }, "geometry": { "type": "Point", "coordinates": [ 572658.529830000014044, 2844938.51738 ] } },
{ "type": "Feature", "properties": { "score": 0.1889 }, "geometry": { "type": "Point", "coordinates": [ 572552.12983, 2845368.51738 ] } },
{ "type": "Feature", "properties": { "score": 0.1888 }, "geometry": { "type": "Point", "coordinates": [ 572692.729830000083894, 2845162.317380000371486 ] } },
{ "type": "Feature", "properties": { "score": 0.1888 }, "geometry": { "type": "Point", "coordinates": [ 572484.529830000014044, 2844690.51738 ] } },
{ "type": "Feature", "properties": { "score": 0.1888 }, "geometry": { "type": "Point", "coordinates": [ 572552.929830000037327, 2845334.717380000278354 ] } },
{ "type": "Feature", "properties": { "score": 0.1887 }, "geometry": { "type": "Point", "coordinates": [ 572660.929830000037327, 2844653.717380000278354 ] } },
{ "type": "Feature", "properties": { "score": 0.1886 }, "geometry": { "type": "Point", "coordinates": [ 572585.32983000006061, 2845012.717380000278354 ] } },
{ "type": "Feature", "properties": { "score": 0.1885 }, "geometry": { "type": "Point", "coordinates": [ 572578.32983000006061, 2844793.51738 ] } },
{ "type": "Feature", "properties": { "score": 0.1885 }, "geometry": { "type": "Point", "coordinates": [ 572692.32983000006061, 2844988.51738 ] } },
{ "type": "Feature", "properties": { "score": 0.1883 }, "geometry": { "type": "Point", "coordinates": [ 573041.729829999967478, 2845009.51738 ] } },
{ "type": "Feature", "properties": { "score": 0.1882 }, "geometry": { "type": "Point", "coordinates": [ 572682.32983000006061, 2844837.917380000464618 ] } },
{ "type": "Feature", "properties": { "score": 0.1882 }, "geometry": { "type": "Point", "coordinates": [ 572630.32983000006061, 2845220.51738 ] } },
{ "type": "Feature", "properties": { "score": 0.1881 }, "geometry": { "type": "Point", "coordinates": [ 572631.529830000014044, 2845155.717380000278354 ] } },
{ "type": "Feature", "properties": { "score": 0.1881 }, "geometry": { "type": "Point", "coordinates": [ 573044.529830000014044, 2844749.317380000371486 ] } },
{ "type": "Feature", "properties": { "score": 0.188 }, "geometry": { "type": "Point", "coordinates": [ 572543.12983, 2844923.117380000185221 ] } },
{ "type": "Feature", "properties": { "score": 0.188 }, "geometry": { "type": "Point", "coordinates": [ 572570.529830000014044, 2844842.717380000278354 ] } },
{ "type": "Feature", "properties": { "score": 0.1879 }, "geometry": { "type": "Point", "coordinates": [ 573031.529830000014044, 2845049.117380000185221 ] } },
{ "type": "Feature", "properties": { "score": 0.1879 }, "geometry": { "type": "Point", "coordinates": [ 572808.929830000037327, 2845131.117380000185221 ] } },
{ "type": "Feature", "properties": { "score": 0.1878 }, "geometry": { "type": "Point", "coordinates": [ 572522.729830000083894, 2844799.117380000185221 ] } },
{ "type": "Feature", "properties": { "score": 0.1878 }, "geometry": { "type": "Point", "coordinates": [ 572581.729830000083894, 2845330.117380000185221 ] } },
{ "type": "Feature", "properties": { "score": 0.1878 }, "geometry": { "type": "Point", "coordinates": [ 572546.12983, 2845292.317380000371486 ] } },
{ "type": "Feature", "properties": { "score": 0.1876 }, "geometry": { "type": "Point", "coordinates": [ 572698.12983, 2845127.917380000464618 ] } },
{ "type": "Feature", "properties": { "score": 0.1876 }, "geometry": { "type": "Point", "coordinates": [ 572957.929830000037327, 2845211.317380000371486 ] } },
{ "type": "Feature", "properties": { "score": 0.1876 }, "geometry": { "type": "Point", "coordinates": [ 572563.729830000083894, 2844941.117380000185221 ] } },
{ "type": "Feature", "properties": { "score": 0.1876 }, "geometry": { "type": "Point", "coordinates": [ 572944.729829999967478, 2844764.917380000464618 ] } },
{ "type": "Feature", "properties": { "score": 0.1876 }, "geometry": { "type": "Point", "coordinates": [ 572786.929830000037327, 2845297.117380000185221 ] } },
{ "type": "Feature", "properties": { "score": 0.1875 }, "geometry": { "type": "Point", "coordinates": [ 572745.529830000014044, 2844678.317380000371486 ] } },
{ "type": "Feature", "properties": { "score": 0.1875 }, "geometry": { "type": "Point", "coordinates": [ 572510.32983000006061, 2845261.51738 ] } },
{ "type": "Feature", "properties": { "score": 0.1874 }, "geometry": { "type": "Point", "coordinates": [ 572633.729830000083894, 2845038.317380000371486 ] } },
{ "type": "Feature", "properties": { "score": 0.1873 }, "geometry": { "type": "Point", "coordinates": [ 572815.32983000006061, 2845135.317380000371486 ] } },
{ "type": "Feature", "properties": { "score": 0.1872 }, "geometry": { "type": "Point", "coordinates": [ 572726.929830000037327, 2845089.51738 ] } },
{ "type": "Feature", "properties": { "score": 0.1872 }, "geometry": { "type": "Point", "coordinates": [ 572786.729830000083894, 2845161.317380000371486 ] } },
{ "type": "Feature", "properties": { "score": 0.1872 }, "geometry": { "type": "Point", "coordinates": [ 572605.929830000037327, 2845072.917380000464618 ] } },
{ "type": "Feature", "properties": { "score": 0.1871 }, "geometry": { "type": "Point", "coordinates": [ 572635.929830000037327, 2844874.317380000371486 ] } },
{ "type": "Feature", "properties": { "score": 0.1871 }, "geometry": { "type": "Point", "coordinates": [ 572580.929830000037327, 2844955.51738 ] } },
{ "type": "Feature", "properties": { "score": 0.1869 }, "geometry": { "type": "Point", "coordinates": [ 572794.12983, 2844958.917380000464618 ] } },
{ "type": "Feature", "properties": { "score": 0.1869 }, "geometry": { "type": "Point", "coordinates": [ 572896.729830000083894, 2845161.51738 ] } },
{ "type": "Feature", "properties": { "score": 0.1868 }, "geometry": { "type": "Point", "coordinates": [ 573028.529830000014044, 2845086.717380000278354 ] } },
{ "type": "Feature", "properties": { "score": 0.1868 }, "geometry": { "type": "Point", "coordinates": [ 572965.729829999967478, 2844678.917380000464618 ] } },
{ "type": "Feature", "properties": { "score": 0.1868 }, "geometry": { "type": "Point", "coordinates": [ 572999.12983, 2845099.51738 ] } },
{ "type": "Feature", "properties": { "score": 0.1867 }, "geometry": { "type": "Point", "coordinates": [ 572637.32983000006061, 2845380.717380000278354 ] } },
{ "type": "Feature", "properties": { "score": 0.1866 }, "geometry": { "type": "Point", "coordinates": [ 572777.12983, 2844777.51738 ] } },
{ "type": "Feature", "properties": { "score": 0.1865 }, "geometry": { "type": "Point", "coordinates": [ 572488.529830000014044, 2844778.51738 ] } },
{ "type": "Feature", "properties": { "score": 0.1865 }, "geometry": { "type": "Point", "coordinates": [ 572876.929830000037327, 2844774.717380000278354 ] } },
{ "type": "Feature", "properties": { "score": 0.1865 }, "geometry": { "type": "Point", "coordinates": [ 572913.729829999967478, 2845237.717380000278354 ] } },
{ "type": "Feature", "properties": { "score": 0.1864 }, "geometry": { "type": "Point", "coordinates": [ 572843.529830000014044, 2844843.117380000185221 ] } },
{ "type": "Feature", "properties": { "score": 0.1863 }, "geometry": { "type": "Point", "coordinates": [ 572554.12983, 2845371.917380000464618 ] } },
{ "type": "Feature", "properties": { "score": 0.1862 }, "geometry": { "type": "Point", "coordinates": [ 572595.729830000083894, 2845261.317380000371486 ] } },
{ "type": "Feature", "properties": { "score": 0.1861 }, "geometry": { "type": "Point", "coordinates": [ 572726.529830000014044, 2845320.51738 ] } },
{ "type": "Feature", "properties": { "score": 0.1861 }, "geometry": { "type": "Point", "coordinates": [ 572984.929830000037327, 2844645.917380000464618 ] } },
{ "type": "Feature", "properties": { "score": 0.1861 }, "geometry": { "type": "Point", "coordinates": [ 572655.729830000083894, 2844779.717380000278354 ] } },
{ "type": "Feature", "properties": { "score": 0.186 }, "geometry": { "type": "Point", "coordinates": [ 572606.12983, 2845055.117380000185221 ] } },
{ "type": "Feature", "properties": { "score": 0.1859 }, "geometry": { "type": "Point", "coordinates": [ 572583.729830000083894, 2845297.51738 ] } },
{ "type": "Feature", "properties": { "score": 0.1857 }, "geometry": { "type": "Point", "coordinates": [ 572640.12983, 2845297.917380000464618 ] } },
{ "type": "Feature", "properties": { "score": 0.1857 }, "geometry": { "type": "Point", "coordinates": [ 572680.529830000014044, 2844878.717380000278354 ] } },
{ "type": "Feature", "properties": { "score": 0.1856 }, "geometry": { "type": "Point", "coordinates": [ 572615.729830000083894, 2845302.317380000371486 ] } },
{ "type": "Feature", "properties": { "score": 0.1856 }, "geometry": { "type": "Point", "coordinates": [ 572638.529830000014044, 2844917.51738 ] } },
{ "type": "Feature", "properties": { "score": 0.1856 }, "geometry": { "type": "Point", "coordinates": [ 572881.529830000014044, 2845276.51738 ] } },
{ "type": "Feature", "properties": { "score": 0.1856 }, "geometry": { "type": "Point", "coordinates": [ 572648.729830000083894, 2844946.51738 ] } },
{ "type": "Feature", "properties": { "score": 0.1855 }, "geometry": { "type": "Point", "coordinates": [ 572614.929830000037327, 2845174.717380000278354 ] } },
{ "type": "Feature", "properties": { "score": 0.1855 }, "geometry": { "type": "Point", "coordinates": [ 572880.929830000037327, 2845290.51738 ] } },
{ "type": "Feature", "properties": { "score": 0.1855 }, "geometry": { "type": "Point", "coordinates": [ 572664.529830000014044, 2845121.117380000185221 ] } },
{ "type": "Feature", "properties": { "score": 0.1854 }, "geometry": { "type": "Point", "coordinates": [ 572630.12983, 2844962.317380000371486 ] } },
{ "type": "Feature", "properties": { "score": 0.1854 }, "geometry": { "type": "Point", "coordinates": [ 572696.529830000014044, 2844786.317380000371486 ] } },
{ "type": "Feature", "properties": { "score": 0.1854 }, "geometry": { "type": "Point", "coordinates": [ 573029.12983, 2845024.717380000278354 ] } },
{ "type": "Feature", "properties": { "score": 0.1853 }, "geometry": { "type": "Point", "coordinates": [ 572494.929830000037327, 2844708.117380000185221 ] } },
{ "type": "Feature", "properties": { "score": 0.1851 }, "geometry": { "type": "Point", "coordinates": [ 573069.929830000037327, 2845026.917380000464618 ] } },
{ "type": "Feature", "properties": { "score": 0.1851 }, "geometry": { "type": "Point", "coordinates": [ 572564.12983, 2844989.317380000371486 ] } },
{ "type": "Feature", "properties": { "score": 0.185 }, "geometry": { "type": "Point", "coordinates": [ 572811.32983000006061, 2845131.51738 ] } },
{ "type": "Feature", "properties": { "score": 0.1849 }, "geometry": { "type": "Point", "coordinates": [ 572587.729830000083894, 2845348.117380000185221 ] } },
{ "type": "Feature", "properties": { "score": 0.1847 }, "geometry": { "type": "Point", "coordinates": [ 572611.929830000037327, 2845147.917380000464618 ] } },
{ "type": "Feature", "properties": { "score": 0.1847 }, "geometry": { "type": "Point", "coordinates": [ 572808.729830000083894, 2844854.317380000371486 ] } },
{ "type": "Feature", "properties": { "score": 0.1846 }, "geometry": { "type": "Point", "coordinates": [ 572493.529830000014044, 2845176.117380000185221 ] } },
{ "type": "Feature", "properties": { "score": 0.1846 }, "geometry": { "type": "Point", "coordinates": [ 572622.929830000037327, 2844989.717380000278354 ] } },
{ "type": "Feature", "properties": { "score": 0.1845 }, "geometry": { "type": "Point", "coordinates": [ 572634.32983000006061, 2844811.317380000371486 ] } },
{ "type": "Feature", "properties": { "score": 0.1844 }, "geometry": { "type": "Point", "coordinates": [ 572534.529830000014044, 2845098.317380000371486 ] } },
{ "type": "Feature", "properties": { "score": 0.1842 }, "geometry": { "type": "Point", "coordinates": [ 572850.12983, 2844815.717380000278354 ] } },
{ "type": "Feature", "properties": { "score": 0.1842 }, "geometry": { "type": "Point", "coordinates": [ 572808.929830000037327, 2845247.317380000371486 ] } },
{ "type": "Feature", "properties": { "score": 0.1841 }, "geometry": { "type": "Point", "coordinates": [ 572832.729830000083894, 2844791.317380000371486 ] } },
{ "type": "Feature", "properties": { "score": 0.1841 }, "geometry": { "type": "Point", "coordinates": [ 572498.12983, 2844777.917380000464618 ] } },
{ "type": "Feature", "properties": { "score": 0.1838 }, "geometry": { "type": "Point", "coordinates": [ 572643.12983, 2845007.317380000371486 ] } },
{ "type": "Feature", "properties": { "score": 0.1837 }, "geometry": { "type": "Point", "coordinates": [ 572671.529830000014044, 2844937.917380000464618 ] } },
{ "type": "Feature", "properties": { "score": 0.1837 }, "geometry": { "type": "Point", "coordinates": [ 572538.12983, 2845098.317380000371486 ] } },
{ "type": "Feature", "properties": { "score": 0.1837 }, "geometry": { "type": "Point", "coordinates": [ 572690.12983, 2845114.317380000371486 ] } },
{ "type": "Feature", "properties": { "score": 0.1836 }, "geometry": { "type": "Point", "coordinates": [ 572620.729830000083894, 2845276.317380000371486 ] } },
{ "type": "Feature", "properties": { "score": 0.1835 }, "geometry": { "type": "Point", "coordinates": [ 572582.529830000014044, 2845131.51738 ] } },
{ "type": "Feature", "properties": { "score": 0.1835 }, "geometry": { "type": "Point", "coordinates": [ 572784.32983000006061, 2845206.51738 ] } },
{ "type": "Feature", "properties": { "score": 0.1835 }, "geometry": { "type": "Point", "coordinates": [ 573012.729829999967478, 2844981.717380000278354 ] } },
{ "type": "Feature", "properties": { "score": 0.1835 }, "geometry": { "type": "Point", "coordinates": [ 572666.12983, 2845037.917380000464618 ] } },
{ "type": "Feature", "properties": { "score": 0.1835 }, "geometry": { "type": "Point", "coordinates": [ 572532.529830000014044, 2845260.51738 ] } },
{ "type": "Feature", "properties": { "score": 0.1834 }, "geometry": { "type": "Point", "coordinates": [ 572766.32983000006061, 2845281.917380000464618 ] } },
{ "type": "Feature", "properties": { "score": 0.1834 }, "geometry": { "type": "Point", "coordinates": [ 572520.729830000083894, 2844644.117380000185221 ] } },
{ "type": "Feature", "properties": { "score": 0.1833 }, "geometry": { "type": "Point", "coordinates": [ 572545.729830000083894, 2844846.717380000278354 ] } },
{ "type": "Feature", "properties": { "score": 0.1833 }, "geometry": { "type": "Point", "coordinates": [ 572601.32983000006061, 2845254.51738 ] } },
{ "type": "Feature", "properties": { "score": 0.1833 }, "geometry": { "type": "Point", "coordinates": [ 572585.929830000037327, 2845217.717380000278354 ] } },
{ "type": "Feature", "properties": { "score": 0.1832 }, "geometry": { "type": "Point", "coordinates": [ 572539.929830000037327, 2845375.917380000464618 ] } },
{ "type": "Feature", "properties": { "score": 0.183 }, "geometry": { "type": "Point", "coordinates": [ 572597.32983000006061, 2845095.51738 ] } },
{ "type": "Feature", "properties": { "score": 0.1829 }, "geometry": { "type": "Point", "coordinates": [ 573036.12983, 2845090.117380000185221 ] } },
{ "type": "Feature", "properties": { "score": 0.1829 }, "geometry": { "type": "Point", "coordinates": [ 572497.729830000083894, 2844678.317380000371486 ] } },
{ "type": "Feature", "properties": { "score": 0.1829 }, "geometry": { "type": "Point", "coordinates": [ 572662.529830000014044, 2845128.717380000278354 ] } },
{ "type": "Feature", "properties": { "score": 0.1828 }, "geometry": { "type": "Point", "coordinates": [ 572912.529830000014044, 2844654.51738 ] } },
{ "type": "Feature", "properties": { "score": 0.1828 }, "geometry": { "type": "Point", "coordinates": [ 572798.12983, 2845201.117380000185221 ] } },
{ "type": "Feature", "properties": { "score": 0.1827 }, "geometry": { "type": "Point", "coordinates": [ 572590.12983, 2845086.317380000371486 ] } },
{ "type": "Feature", "properties": { "score": 0.1827 }, "geometry": { "type": "Point", "coordinates": [ 572652.929830000037327, 2844941.317380000371486 ] } },
{ "type": "Feature", "properties": { "score": 0.1826 }, "geometry": { "type": "Point", "coordinates": [ 572539.929830000037327, 2844904.717380000278354 ] } },
{ "type": "Feature", "properties": { "score": 0.1826 }, "geometry": { "type": "Point", "coordinates": [ 572592.12983, 2845073.317380000371486 ] } },
{ "type": "Feature", "properties": { "score": 0.1826 }, "geometry": { "type": "Point", "coordinates": [ 572544.32983000006061, 2844854.51738 ] } },
{ "type": "Feature", "properties": { "score": 0.1825 }, "geometry": { "type": "Point", "coordinates": [ 572941.929830000037327, 2844764.917380000464618 ] } },
{ "type": "Feature", "properties": { "score": 0.1825 }, "geometry": { "type": "Point", "coordinates": [ 572696.929830000037327, 2845082.117380000185221 ] } },
{ "type": "Feature", "properties": { "score": 0.1825 }, "geometry": { "type": "Point", "coordinates": [ 572578.929830000037327, 2845067.317380000371486 ] } },
{ "type": "Feature", "properties": { "score": 0.1824 }, "geometry": { "type": "Point", "coordinates": [ 572624.729830000083894, 2845152.717380000278354 ] } },
{ "type": "Feature", "properties": { "score": 0.1824 }, "geometry": { "type": "Point", "coordinates": [ 572548.929830000037327, 2844728.117380000185221 ] } },
{ "type": "Feature", "properties": { "score": 0.1824 }, "geometry": { "type": "Point", "coordinates": [ 572619.32983000006061, 2845181.717380000278354 ] } },
{ "type": "Feature", "properties": { "score": 0.1824 }, "geometry": { "type": "Point", "coordinates": [ 572817.529830000014044, 2845255.917380000464618 ] } },
{ "type": "Feature", "properties": { "score": 0.1822 }, "geometry": { "type": "Point", "coordinates": [ 572795.529830000014044, 2844787.917380000464618 ] } },
{ "type": "Feature", "properties": { "score": 0.1822 }, "geometry": { "type": "Point", "coordinates": [ 572722.32983000006061, 2845084.117380000185221 ] } },
{ "type": "Feature", "properties": { "score": 0.1821 }, "geometry": { "type": "Point", "coordinates": [ 572803.929830000037327, 2844694.917380000464618 ] } },
{ "type": "Feature", "properties": { "score": 0.1821 }, "geometry": { "type": "Point", "coordinates": [ 573050.529830000014044, 2845057.717380000278354 ] } },
{ "type": "Feature", "properties": { "score": 0.1821 }, "geometry": { "type": "Point", "coordinates": [ 572631.929830000037327, 2845064.51738 ] } },
{ "type": "Feature", "properties": { "score": 0.1821 }, "geometry": { "type": "Point", "coordinates": [ 572890.32983000006061, 2844798.317380000371486 ] } },
{ "type": "Feature", "properties": { "score": 0.182 }, "geometry": { "type": "Point", "coordinates": [ 572514.12983, 2845021.317380000371486 ] } },
{ "type": "Feature", "properties": { "score": 0.182 }, "geometry": { "type": "Point", "coordinates": [ 572629.929830000037327, 2845267.51738 ] } },
{ "type": "Feature", "properties": { "score": 0.182 }, "geometry": { "type": "Point", "coordinates": [ 573013.529830000014044, 2845052.117380000185221 ] } },
{ "type": "Feature", "properties": { "score": 0.1818 }, "geometry": { "type": "Point", "coordinates": [ 572570.529830000014044, 2845243.117380000185221 ] } },
{ "type": "Feature", "properties": { "score": 0.1818 }, "geometry": { "type": "Point", "coordinates": [ 572511.729830000083894, 2845022.917380000464618 ] } },
{ "type": "Feature", "properties": { "score": 0.1817 }, "geometry": { "type": "Point", "coordinates": [ 572556.529830000014044, 2845343.117380000185221 ] } },
{ "type": "Feature", "properties": { "score": 0.1817 }, "geometry": { "type": "Point", "coordinates": [ 572584.12983, 2844749.51738 ] } },
{ "type": "Feature", "properties": { "score": 0.1817 }, "geometry": { "type": "Point", "coordinates": [ 572827.529830000014044, 2845159.917380000464618 ] } },
{ "type": "Feature", "properties": { "score": 0.1816 }, "geometry": { "type": "Point", "coordinates": [ 572869.12983, 2844755.917380000464618 ] } },
{ "type": "Feature", "properties": { "score": 0.1816 }, "geometry": { "type": "Point", "coordinates": [ 572525.529830000014044, 2844804.117380000185221 ] } },
{ "type": "Feature", "properties": { "score": 0.1815 }, "geometry": { "type": "Point", "coordinates": [ 572771.729830000083894, 2845173.51738 ] } },
{ "type": "Feature", "properties": { "score": 0.1814 }, "geometry": { "type": "Point", "coordinates": [ 572760.32983000006061, 2844754.51738 ] } },
{ "type": "Feature", "properties": { "score": 0.1813 }, "geometry": { "type": "Point", "coordinates": [ 572669.929830000037327, 2845343.117380000185221 ] } },
{ "type": "Feature", "properties": { "score": 0.1812 }, "geometry": { "type": "Point", "coordinates": [ 572782.32983000006061, 2845157.117380000185221 ] } },
{ "type": "Feature", "properties": { "score": 0.1811 }, "geometry": { "type": "Point", "coordinates": [ 572730.729830000083894, 2844704.917380000464618 ] } },
{ "type": "Feature", "properties": { "score": 0.1811 }, "geometry": { "type": "Point", "coordinates": [ 572743.32983000006061, 2844847.117380000185221 ] } },
{ "type": "Feature", "properties": { "score": 0.181 }, "geometry": { "type": "Point", "coordinates": [ 572686.32983000006061, 2844957.51738 ] } },
{ "type": "Feature", "properties": { "score": 0.181 }, "geometry": { "type": "Point", "coordinates": [ 572822.929830000037327, 2845253.717380000278354 ] } },
{ "type": "Feature", "properties": { "score": 0.181 }, "geometry": { "type": "Point", "coordinates": [ 572544.529830000014044, 2844970.51738 ] } },
{ "type": "Feature", "properties": { "score": 0.1807 }, "geometry": { "type": "Point", "coordinates": [ 572579.929830000037327, 2845103.317380000371486 ] } },
{ "type": "Feature", "properties": { "score": 0.1807 }, "geometry": { "type": "Point", "coordinates": [ 572686.729830000083894, 2845167.317380000371486 ] } },
{ "type": "Feature", "properties": { "score": 0.1807 }, "geometry": { "type": "Point", "coordinates": [ 572508.929830000037327, 2845339.51738 ] } },
{ "type": "Feature", "properties": { "score": 0.1806 }, "geometry": { "type": "Point", "coordinates": [ 572820.529830000014044, 2845253.717380000278354 ] } },
{ "type": "Feature", "properties": { "score": 0.1805 }, "geometry": { "type": "Point", "coordinates": [ 572523.12983, 2845365.317380000371486 ] } },
{ "type": "Feature", "properties": { "score": 0.1804 }, "geometry": { "type": "Point", "coordinates": [ 573001.32983000006061, 2845145.51738 ] } },
{ "type": "Feature", "properties": { "score": 0.1804 }, "geometry": { "type": "Point", "coordinates": [ 572980.929830000037327, 2845165.717380000278354 ] } },
{ "type": "Feature", "properties": { "score": 0.1804 }, "geometry": { "type": "Point", "coordinates": [ 573018.32983000006061, 2844751.917380000464618 ] } },
{ "type": "Feature", "properties": { "score": 0.1803 }, "geometry": { "type": "Point", "coordinates": [ 572738.32983000006061, 2844751.117380000185221 ] } },
{ "type": "Feature", "properties": { "score": 0.1803 }, "geometry": { "type": "Point", "coordinates": [ 572487.12983, 2845350.917380000464618 ] } },
{ "type": "Feature", "properties": { "score": 0.1802 }, "geometry": { "type": "Point", "coordinates": [ 572508.529830000014044, 2844724.51738 ] } },
{ "type": "Feature", "properties": { "score": 0.1802 }, "geometry": { "type": "Point", "coordinates": [ 572500.32983000006061, 2844769.117380000185221 ] } },
{ "type": "Feature", "properties": { "score": 0.1802 }, "geometry": { "type": "Point", "coordinates": [ 572748.529830000014044, 2844691.117380000185221 ] } },
{ "type": "Feature", "properties": { "score": 0.1801 }, "geometry": { "type": "Point", "coordinates": [ 572694.729830000083894, 2845002.717380000278354 ] } },
{ "type": "Feature", "properties": { "score": 0.18 }, "geometry": { "type": "Point", "coordinates": [ 572606.32983000006061, 2845070.317380000371486 ] } },
{ "type": "Feature", "properties": { "score": 0.18 }, "geometry": { "type": "Point", "coordinates": [ 572670.729830000083894, 2844947.717380000278354 ] } },
{ "type": "Feature", "properties": { "score": 0.18 }, "geometry": { "type": "Point", "coordinates": [ 572597.529830000014044, 2845063.717380000278354 ] } },
{ "type": "Feature", "properties": { "score": 0.1798 }, "geometry": { "type": "Point", "coordinates": [ 572552.529830000014044, 2844711.51738 ] } },
{ "type": "Feature", "properties": { "score": 0.1797 }, "geometry": { "type": "Point", "coordinates": [ 572675.12983, 2845061.717380000278354 ] } },
{ "type": "Feature", "properties": { "score": 0.1796 }, "geometry": { "type": "Point", "coordinates": [ 572715.12983, 2844757.117380000185221 ] } },
{ "type": "Feature", "properties": { "score": 0.1796 }, "geometry": { "type": "Point", "coordinates": [ 572930.32983000006061, 2845206.51738 ] } },
{ "type": "Feature", "properties": { "score": 0.1795 }, "geometry": { "type": "Point", "coordinates": [ 572726.12983, 2845078.717380000278354 ] } },
{ "type": "Feature", "properties": { "score": 0.1794 }, "geometry": { "type": "Point", "coordinates": [ 572742.32983000006061, 2844726.317380000371486 ] } },
{ "type": "Feature", "properties": { "score": 0.1794 }, "geometry": { "type": "Point", "coordinates": [ 572558.12983, 2845346.317380000371486 ] } },
{ "type": "Feature", "properties": { "score": 0.1793 }, "geometry": { "type": "Point", "coordinates": [ 572815.529830000014044, 2845014.117380000185221 ] } },
{ "type": "Feature", "properties": { "score": 0.1792 }, "geometry": { "type": "Point", "coordinates": [ 572997.929830000037327, 2844732.317380000371486 ] } },
{ "type": "Feature", "properties": { "score": 0.1792 }, "geometry": { "type": "Point", "coordinates": [ 572590.729830000083894, 2845119.917380000464618 ] } },
{ "type": "Feature", "properties": { "score": 0.1792 }, "geometry": { "type": "Point", "coordinates": [ 572610.32983000006061, 2845088.317380000371486 ] } },
{ "type": "Feature", "properties": { "score": 0.1792 }, "geometry": { "type": "Point", "coordinates": [ 572741.32983000006061, 2844792.717380000278354 ] } },
{ "type": "Feature", "properties": { "score": 0.1791 }, "geometry": { "type": "Point", "coordinates": [ 572534.929830000037327, 2845196.51738 ] } },
{ "type": "Feature", "properties": { "score": 0.1791 }, "geometry": { "type": "Point", "coordinates": [ 572507.729830000083894, 2845286.917380000464618 ] } },
{ "type": "Feature", "properties": { "score": 0.1791 }, "geometry": { "type": "Point", "coordinates": [ 572514.529830000014044, 2845242.717380000278354 ] } },
{ "type": "Feature", "properties": { "score": 0.179 }, "geometry": { "type": "Point", "coordinates": [ 572845.529830000014044, 2845185.51738 ] } },
{ "type": "Feature", "properties": { "score": 0.179 }, "geometry": { "type": "Point", "coordinates": [ 572750.12983, 2844722.117380000185221 ] } },
{ "type": "Feature", "properties": { "score": 0.179 }, "geometry": { "type": "Point", "coordinates": [ 573002.529830000014044, 2845056.917380000464618 ] } },
{ "type": "Feature", "properties": { "score": 0.1789 }, "geometry": { "type": "Point", "coordinates": [ 572786.929830000037327, 2845231.917380000464618 ] } },
{ "type": "Feature", "properties": { "score": 0.1789 }, "geometry": { "type": "Point", "coordinates": [ 572578.929830000037327, 2844993.917380000464618 ] } },
{ "type": "Feature", "properties": { "score": 0.1789 }, "geometry": { "type": "Point", "coordinates": [ 572766.529830000014044, 2845104.717380000278354 ] } },
{ "type": "Feature", "properties": { "score": 0.1789 }, "geometry": { "type": "Point", "coordinates": [ 573043.929830000037327, 2844657.317380000371486 ] } },
{ "type": "Feature", "properties": { "score": 0.1788 }, "geometry": { "type": "Point", "coordinates": [ 573056.729829999967478, 2845074.917380000464618 ] } },
{ "type": "Feature", "properties": { "score": 0.1788 }, "geometry": { "type": "Point", "coordinates": [ 572676.529830000014044, 2844719.917380000464618 ] } },
{ "type": "Feature", "properties": { "score": 0.1788 }, "geometry": { "type": "Point", "coordinates": [ 572608.32983000006061, 2845074.317380000371486 ] } },
{ "type": "Feature", "properties": { "score": 0.1788 }, "geometry": { "type": "Point", "coordinates": [ 573047.12983, 2844965.717380000278354 ] } },
{ "type": "Feature", "properties": { "score": 0.1787 }, "geometry": { "type": "Point", "coordinates": [ 572848.32983000006061, 2844961.117380000185221 ] } },
{ "type": "Feature", "properties": { "score": 0.1786 }, "geometry": { "type": "Point", "coordinates": [ 572549.729830000083894, 2845142.717380000278354 ] } },
{ "type": "Feature", "properties": { "score": 0.1786 }, "geometry": { "type": "Point", "coordinates": [ 572560.929830000037327, 2845100.717380000278354 ] } },
{ "type": "Feature", "properties": { "score": 0.1786 }, "geometry": { "type": "Point", "coordinates": [ 572502.32983000006061, 2844844.717380000278354 ] } },
{ "type": "Feature", "properties": { "score": 0.1785 }, "geometry": { "type": "Point", "coordinates": [ 572699.529830000014044, 2844758.317380000371486 ] } },
{ "type": "Feature", "properties": { "score": 0.1784 }, "geometry": { "type": "Point", "coordinates": [ 572499.929830000037327, 2844676.117380000185221 ] } },
{ "type": "Feature", "properties": { "score": 0.1784 }, "geometry": { "type": "Point", "coordinates": [ 572600.529830000014044, 2845225.51738 ] } },
{ "type": "Feature", "properties": { "score": 0.1784 }, "geometry": { "type": "Point", "coordinates": [ 572607.12983, 2845019.317380000371486 ] } },
{ "type": "Feature", "properties": { "score": 0.1783 }, "geometry": { "type": "Point", "coordinates": [ 572627.12983, 2844808.317380000371486 ] } },
{ "type": "Feature", "properties": { "score": 0.1781 }, "geometry": { "type": "Point", "coordinates": [ 573002.729829999967478, 2845013.117380000185221 ] } },
{ "type": "Feature", "properties": { "score": 0.1781 }, "geometry": { "type": "Point", "coordinates": [ 572606.529830000014044, 2845088.117380000185221 ] } },
{ "type": "Feature", "properties": { "score": 0.1781 }, "geometry": { "type": "Point", "coordinates": [ 572589.929830000037327, 2845290.717380000278354 ] } },
{ "type": "Feature", "properties": { "score": 0.1779 }, "geometry": { "type": "Point", "coordinates": [ 572591.529830000014044, 2845222.51738 ] } },
{ "type": "Feature", "properties": { "score": 0.1777 }, "geometry": { "type": "Point", "coordinates": [ 572901.12983, 2845196.117380000185221 ] } },
{ "type": "Feature", "properties": { "score": 0.1777 }, "geometry": { "type": "Point", "coordinates": [ 573035.929830000037327, 2845054.917380000464618 ] } },
{ "type": "Feature", "properties": { "score": 0.1776 }, "geometry": { "type": "Point", "coordinates": [ 572725.32983000006061, 2844811.317380000371486 ] } },
{ "type": "Feature", "properties": { "score": 0.1776 }, "geometry": { "type": "Point", "coordinates": [ 572678.529830000014044, 2845178.51738 ] } },
{ "type": "Feature", "properties": { "score": 0.1775 }, "geometry": { "type": "Point", "coordinates": [ 572871.12983, 2844982.117380000185221 ] } },
{ "type": "Feature", "properties": { "score": 0.1775 }, "geometry": { "type": "Point", "coordinates": [ 572806.529830000014044, 2845182.917380000464618 ] } },
{ "type": "Feature", "properties": { "score": 0.1775 }, "geometry": { "type": "Point", "coordinates": [ 572791.929830000037327, 2844644.917380000464618 ] } },
{ "type": "Feature", "properties": { "score": 0.1774 }, "geometry": { "type": "Point", "coordinates": [ 572801.12983, 2844694.117380000185221 ] } },
{ "type": "Feature", "properties": { "score": 0.1774 }, "geometry": { "type": "Point", "coordinates": [ 572570.529830000014044, 2844695.917380000464618 ] } },
{ "type": "Feature", "properties": { "score": 0.1773 }, "geometry": { "type": "Point", "coordinates": [ 572762.12983, 2844774.317380000371486 ] } },
{ "type": "Feature", "properties": { "score": 0.1772 }, "geometry": { "type": "Point", "coordinates": [ 572952.929830000037327, 2844666.51738 ] } },
{ "type": "Feature", "properties": { "score": 0.1772 }, "geometry": { "type": "Point", "coordinates": [ 572707.32983000006061, 2845169.117380000185221 ] } },
{ "type": "Feature", "properties": { "score": 0.1771 }, "geometry": { "type": "Point", "coordinates": [ 572879.32983000006061, 2845214.317380000371486 ] } },
{ "type": "Feature", "properties": { "score": 0.177 }, "geometry": { "type": "Point", "coordinates": [ 572988.32983000006061, 2845021.917380000464618 ] } },
{ "type": "Feature", "properties": { "score": 0.177 }, "geometry": { "type": "Point", "coordinates": [ 572911.32983000006061, 2844821.117380000185221 ] } },
{ "type": "Feature", "properties": { "score": 0.177 }, "geometry": { "type": "Point", "coordinates": [ 572529.929830000037327, 2845164.51738 ] } },
{ "type": "Feature", "properties": { "score": 0.1769 }, "geometry": { "type": "Point", "coordinates": [ 572856.529830000014044, 2845279.917380000464618 ] } },
{ "type": "Feature", "properties": { "score": 0.1769 }, "geometry": { "type": "Point", "coordinates": [ 572742.12983, 2845195.117380000185221 ] } },
{ "type": "Feature", "properties": { "score": 0.1769 }, "geometry": { "type": "Point", "coordinates": [ 572526.32983000006061, 2845372.317380000371486 ] } },
{ "type": "Feature", "properties": { "score": 0.1769 }, "geometry": { "type": "Point", "coordinates": [ 572652.929830000037327, 2844932.117380000185221 ] } },
{ "type": "Feature", "properties": { "score": 0.1769 }, "geometry": { "type": "Point", "coordinates": [ 572713.32983000006061, 2844925.117380000185221 ] } },
{ "type": "Feature", "properties": { "score": 0.1769 }, "geometry": { "type": "Point", "coordinates": [ 572761.929830000037327, 2844733.117380000185221 ] } },
{ "type": "Feature", "properties": { "score": 0.1769 }, "geometry": { "type": "Point", "coordinates": [ 572698.929830000037327, 2845083.717380000278354 ] } },
{ "type": "Feature", "properties": { "score": 0.1768 }, "geometry": { "type": "Point", "coordinates": [ 572757.729830000083894, 2845160.917380000464618 ] } },
{ "type": "Feature", "properties": { "score": 0.1768 }, "geometry": { "type": "Point", "coordinates": [ 572702.929830000037327, 2844679.917380000464618 ] } },
{ "type": "Feature", "properties": { "score": 0.1768 }, "geometry": { "type": "Point", "coordinates": [ 572506.12983, 2845028.117380000185221 ] } },
{ "type": "Feature", "properties": { "score": 0.1768 }, "geometry": { "type": "Point", "coordinates": [ 572544.729830000083894, 2844894.117380000185221 ] } },
{ "type": "Feature", "properties": { "score": 0.1766 }, "geometry": { "type": "Point", "coordinates": [ 572656.929830000037327, 2845236.917380000464618 ] } },
{ "type": "Feature", "properties": { "score": 0.1765 }, "geometry": { "type": "Point", "coordinates": [ 572912.12983, 2845256.917380000464618 ] } },
{ "type": "Feature", "properties": { "score": 0.1765 }, "geometry": { "type": "Point", "coordinates": [ 572583.929830000037327, 2844953.717380000278354 ] } },
{ "type": "Feature", "properties": { "score": 0.1765 }, "geometry": { "type": "Point", "coordinates": [ 573026.32983000006061, 2845099.917380000464618 ] } },
{ "type": "Feature", "properties": { "score": 0.1764 }, "geometry": { "type": "Point", "coordinates": [ 572686.12983, 2845260.117380000185221 ] } },
{ "type": "Feature", "properties": { "score": 0.1763 }, "geometry": { "type": "Point", "coordinates": [ 572739.929830000037327, 2844683.917380000464618 ] } },
{ "type": "Feature", "properties": { "score": 0.1763 }, "geometry": { "type": "Point", "coordinates": [ 572522.529830000014044, 2845373.51738 ] } },
{ "type": "Feature", "properties": { "score": 0.1762 }, "geometry": { "type": "Point", "coordinates": [ 572973.529830000014044, 2844794.317380000371486 ] } },
{ "type": "Feature", "properties": { "score": 0.1762 }, "geometry": { "type": "Point", "coordinates": [ 572659.529830000014044, 2844843.317380000371486 ] } },
{ "type": "Feature", "properties": { "score": 0.1762 }, "geometry": { "type": "Point", "coordinates": [ 572562.929830000037327, 2844874.51738 ] } },
{ "type": "Feature", "properties": { "score": 0.1762 }, "geometry": { "type": "Point", "coordinates": [ 572566.32983000006061, 2844750.317380000371486 ] } },
{ "type": "Feature", "properties": { "score": 0.1762 }, "geometry": { "type": "Point", "coordinates": [ 572603.929830000037327, 2845374.317380000371486 ] } },
{ "type": "Feature", "properties": { "score": 0.1761 }, "geometry": { "type": "Point", "coordinates": [ 572655.32983000006061, 2844774.317380000371486 ] } },
{ "type": "Feature", "properties": { "score": 0.1761 }, "geometry": { "type": "Point", "coordinates": [ 573069.12983, 2845050.317380000371486 ] } },
{ "type": "Feature", "properties": { "score": 0.1761 }, "geometry": { "type": "Point", "coordinates": [ 572546.12983, 2844954.317380000371486 ] } },
{ "type": "Feature", "properties": { "score": 0.176 }, "geometry": { "type": "Point", "coordinates": [ 572860.529830000014044, 2845206.917380000464618 ] } },
{ "type": "Feature", "properties": { "score": 0.176 }, "geometry": { "type": "Point", "coordinates": [ 572716.529830000014044, 2845339.917380000464618 ] } },
{ "type": "Feature", "properties": { "score": 0.176 }, "geometry": { "type": "Point", "coordinates": [ 572680.929830000037327, 2844959.917380000464618 ] } },
{ "type": "Feature", "properties": { "score": 0.176 }, "geometry": { "type": "Point", "coordinates": [ 573003.529830000014044, 2844731.117380000185221 ] } },
{ "type": "Feature", "properties": { "score": 0.1759 }, "geometry": { "type": "Point", "coordinates": [ 572545.929830000037327, 2844827.717380000278354 ] } },
{ "type": "Feature", "properties": { "score": 0.1759 }, "geometry": { "type": "Point", "coordinates": [ 572595.32983000006061, 2845090.717380000278354 ] } },
{ "type": "Feature", "properties": { "score": 0.1759 }, "geometry": { "type": "Point", "coordinates": [ 572549.929830000037327, 2845292.917380000464618 ] } },
{ "type": "Feature", "properties": { "score": 0.1758 }, "geometry": { "type": "Point", "coordinates": [ 572589.929830000037327, 2845093.317380000371486 ] } },
{ "type": "Feature", "properties": { "score": 0.1758 }, "geometry": { "type": "Point", "coordinates": [ 572721.729830000083894, 2845383.117380000185221 ] } },
{ "type": "Feature", "properties": { "score": 0.1758 }, "geometry": { "type": "Point", "coordinates": [ 573041.729829999967478, 2844896.51738 ] } },
{ "type": "Feature", "properties": { "score": 0.1757 }, "geometry": { "type": "Point", "coordinates": [ 572770.929830000037327, 2844788.917380000464618 ] } },
{ "type": "Feature", "properties": { "score": 0.1757 }, "geometry": { "type": "Point", "coordinates": [ 572614.32983000006061, 2844950.917380000464618 ] } },
{ "type": "Feature", "properties": { "score": 0.1757 }, "geometry": { "type": "Point", "coordinates": [ 573026.32983000006061, 2845033.51738 ] } },
{ "type": "Feature", "properties": { "score": 0.1757 }, "geometry": { "type": "Point", "coordinates": [ 572685.729830000083894, 2844965.51738 ] } },
{ "type": "Feature", "properties": { "score": 0.1756 }, "geometry": { "type": "Point", "coordinates": [ 572677.929830000037327, 2844911.717380000278354 ] } },
{ "type": "Feature", "properties": { "score": 0.1756 }, "geometry": { "type": "Point", "coordinates": [ 572883.12983, 2845029.117380000185221 ] } },
{ "type": "Feature", "properties": { "score": 0.1756 }, "geometry": { "type": "Point", "coordinates": [ 572558.729830000083894, 2845343.717380000278354 ] } },
{ "type": "Feature", "properties": { "score": 0.1755 }, "geometry": { "type": "Point", "coordinates": [ 573017.929830000037327, 2845062.51738 ] } },
{ "type": "Feature", "properties": { "score": 0.1754 }, "geometry": { "type": "Point", "coordinates": [ 572498.32983000006061, 2845091.117380000185221 ] } },
{ "type": "Feature", "properties": { "score": 0.1753 }, "geometry": { "type": "Point", "coordinates": [ 572733.729830000083894, 2844689.917380000464618 ] } },
{ "type": "Feature", "properties": { "score": 0.1753 }, "geometry": { "type": "Point", "coordinates": [ 572751.929830000037327, 2844790.117380000185221 ] } },
{ "type": "Feature", "properties": { "score": 0.1753 }, "geometry": { "type": "Point", "coordinates": [ 572688.929830000037327, 2844708.917380000464618 ] } },
{ "type": "Feature", "properties": { "score": 0.1753 }, "geometry": { "type": "Point", "coordinates": [ 572572.929830000037327, 2845251.717380000278354 ] } },
{ "type": "Feature", "properties": { "score": 0.1753 }, "geometry": { "type": "Point", "coordinates": [ 572819.929830000037327, 2844805.51738 ] } },
{ "type": "Feature", "properties": { "score": 0.1752 }, "geometry": { "type": "Point", "coordinates": [ 572553.12983, 2844883.717380000278354 ] } },
{ "type": "Feature", "properties": { "score": 0.1752 }, "geometry": { "type": "Point", "coordinates": [ 572561.929830000037327, 2844688.117380000185221 ] } },
{ "type": "Feature", "properties": { "score": 0.1751 }, "geometry": { "type": "Point", "coordinates": [ 573047.929830000037327, 2844750.717380000278354 ] } },
{ "type": "Feature", "properties": { "score": 0.175 }, "geometry": { "type": "Point", "coordinates": [ 573074.32983000006061, 2844906.117380000185221 ] } },
{ "type": "Feature", "properties": { "score": 0.1749 }, "geometry": { "type": "Point", "coordinates": [ 573012.12983, 2845040.717380000278354 ] } },
{ "type": "Feature", "properties": { "score": 0.1748 }, "geometry": { "type": "Point", "coordinates": [ 572509.729830000083894, 2845379.717380000278354 ] } },
{ "type": "Feature", "properties": { "score": 0.1746 }, "geometry": { "type": "Point", "coordinates": [ 572529.32983000006061, 2844834.117380000185221 ] } },
{ "type": "Feature", "properties": { "score": 0.1746 }, "geometry": { "type": "Point", "coordinates": [ 573069.529830000014044, 2844999.117380000185221 ] } },
{ "type": "Feature", "properties": { "score": 0.1745 }, "geometry": { "type": "Point", "coordinates": [ 572516.12983, 2844800.917380000464618 ] } },
{ "type": "Feature", "properties": { "score": 0.1744 }, "geometry": { "type": "Point", "coordinates": [ 572608.929830000037327, 2844848.117380000185221 ] } },
{ "type": "Feature", "properties": { "score": 0.1744 }, "geometry": { "type": "Point", "coordinates": [ 572565.529830000014044, 2844704.317380000371486 ] } },
{ "type": "Feature", "properties": { "score": 0.1743 }, "geometry": { "type": "Point", "coordinates": [ 572788.729830000083894, 2845094.117380000185221 ] } },
{ "type": "Feature", "properties": { "score": 0.1743 }, "geometry": { "type": "Point", "coordinates": [ 572734.929830000037327, 2845236.717380000278354 ] } },
{ "type": "Feature", "properties": { "score": 0.1743 }, "geometry": { "type": "Point", "coordinates": [ 572712.32983000006061, 2844716.51738 ] } },
{ "type": "Feature", "properties": { "score": 0.1743 }, "geometry": { "type": "Point", "coordinates": [ 572767.12983, 2845321.717380000278354 ] } },
{ "type": "Feature", "properties": { "score": 0.1742 }, "geometry": { "type": "Point", "coordinates": [ 572723.929830000037327, 2845074.317380000371486 ] } },
{ "type": "Feature", "properties": { "score": 0.1741 }, "geometry": { "type": "Point", "coordinates": [ 572910.929830000037327, 2845254.717380000278354 ] } },
{ "type": "Feature", "properties": { "score": 0.1741 }, "geometry": { "type": "Point", "coordinates": [ 572582.12983, 2845072.917380000464618 ] } },
{ "type": "Feature", "properties": { "score": 0.174 }, "geometry": { "type": "Point", "coordinates": [ 572581.32983000006061, 2845326.51738 ] } },
{ "type": "Feature", "properties": { "score": 0.174 }, "geometry": { "type": "Point", "coordinates": [ 572734.929830000037327, 2844702.117380000185221 ] } },
{ "type": "Feature", "properties": { "score": 0.1739 }, "geometry": { "type": "Point", "coordinates": [ 572733.929830000037327, 2845275.117380000185221 ] } },
{ "type": "Feature", "properties": { "score": 0.1739 }, "geometry": { "type": "Point", "coordinates": [ 572678.529830000014044, 2844719.317380000371486 ] } },
{ "type": "Feature", "properties": { "score": 0.1737 }, "geometry": { "type": "Point", "coordinates": [ 572688.12983, 2845074.717380000278354 ] } },
{ "type": "Feature", "properties": { "score": 0.1737 }, "geometry": { "type": "Point", "coordinates": [ 572545.529830000014044, 2844780.51738 ] } },
{ "type": "Feature", "properties": { "score": 0.1735 }, "geometry": { "type": "Point", "coordinates": [ 572557.929830000037327, 2844740.117380000185221 ] } },
{ "type": "Feature", "properties": { "score": 0.1735 }, "geometry": { "type": "Point", "coordinates": [ 572731.32983000006061, 2845277.317380000371486 ] } },
{ "type": "Feature", "properties": { "score": 0.1734 }, "geometry": { "type": "Point", "coordinates": [ 572580.929830000037327, 2844812.117380000185221 ] } },
{ "type": "Feature", "properties": { "score": 0.1734 }, "geometry": { "type": "Point", "coordinates": [ 572558.32983000006061, 2845286.317380000371486 ] } },
{ "type": "Feature", "properties": { "score": 0.1734 }, "geometry": { "type": "Point", "coordinates": [ 572715.12983, 2845342.717380000278354 ] } },
{ "type": "Feature", "properties": { "score": 0.1734 }, "geometry": { "type": "Point", "coordinates": [ 572545.929830000037327, 2845128.717380000278354 ] } },
{ "type": "Feature", "properties": { "score": 0.1733 }, "geometry": { "type": "Point", "coordinates": [ 572782.529830000014044, 2845160.117380000185221 ] } },
{ "type": "Feature", "properties": { "score": 0.1733 }, "geometry": { "type": "Point", "coordinates": [ 572654.32983000006061, 2845208.117380000185221 ] } },
{ "type": "Feature", "properties": { "score": 0.1733 }, "geometry": { "type": "Point", "coordinates": [ 572785.929830000037327, 2845158.51738 ] } },
{ "type": "Feature", "properties": { "score": 0.1731 }, "geometry": { "type": "Point", "coordinates": [ 572574.729830000083894, 2844647.51738 ] } },
{ "type": "Feature", "properties": { "score": 0.1731 }, "geometry": { "type": "Point", "coordinates": [ 572880.729830000083894, 2845150.717380000278354 ] } },
{ "type": "Feature", "properties": { "score": 0.1729 }, "geometry": { "type": "Point", "coordinates": [ 572900.929830000037327, 2844809.717380000278354 ] } },
{ "type": "Feature", "properties": { "score": 0.1728 }, "geometry": { "type": "Point", "coordinates": [ 572849.729830000083894, 2844818.51738 ] } },
{ "type": "Feature", "properties": { "score": 0.1728 }, "geometry": { "type": "Point", "coordinates": [ 572587.32983000006061, 2845080.317380000371486 ] } },
{ "type": "Feature", "properties": { "score": 0.1728 }, "geometry": { "type": "Point", "coordinates": [ 572714.12983, 2844921.917380000464618 ] } },
{ "type": "Feature", "properties": { "score": 0.1727 }, "geometry": { "type": "Point", "coordinates": [ 572561.12983, 2845332.717380000278354 ] } },
{ "type": "Feature", "properties": { "score": 0.1727 }, "geometry": { "type": "Point", "coordinates": [ 572727.729830000083894, 2845016.717380000278354 ] } },
{ "type": "Feature", "properties": { "score": 0.1726 }, "geometry": { "type": "Point", "coordinates": [ 572578.32983000006061, 2845302.317380000371486 ] } },
{ "type": "Feature", "properties": { "score": 0.1726 }, "geometry": { "type": "Point", "coordinates": [ 572505.529830000014044, 2844691.317380000371486 ] } },
{ "type": "Feature", "properties": { "score": 0.1725 }, "geometry": { "type": "Point", "coordinates": [ 572520.729830000083894, 2845248.717380000278354 ] } },
{ "type": "Feature", "properties": { "score": 0.1725 }, "geometry": { "type": "Point", "coordinates": [ 572515.929830000037327, 2845020.117380000185221 ] } },
{ "type": "Feature", "properties": { "score": 0.1725 }, "geometry": { "type": "Point", "coordinates": [ 572639.529830000014044, 2844874.317380000371486 ] } },
{ "type": "Feature", "properties": { "score": 0.1725 }, "geometry": { "type": "Point", "coordinates": [ 572582.529830000014044, 2844809.317380000371486 ] } },
{ "type": "Feature", "properties": { "score": 0.1724 }, "geometry": { "type": "Point", "coordinates": [ 573046.729829999967478, 2844748.917380000464618 ] } },
{ "type": "Feature", "properties": { "score": 0.1724 }, "geometry": { "type": "Point", "coordinates": [ 572566.529830000014044, 2845378.317380000371486 ] } },
{ "type": "Feature", "properties": { "score": 0.1723 }, "geometry": { "type": "Point", "coordinates": [ 572982.529830000014044, 2845087.117380000185221 ] } },
{ "type": "Feature", "properties": { "score": 0.1723 }, "geometry": { "type": "Point", "coordinates": [ 572500.12983, 2844795.51738 ] } },
{ "type": "Feature", "properties": { "score": 0.1723 }, "geometry": { "type": "Point", "coordinates": [ 572779.529830000014044, 2844642.317380000371486 ] } },
{ "type": "Feature", "properties": { "score": 0.1723 }, "geometry": { "type": "Point", "coordinates": [ 572637.729830000083894, 2845056.51738 ] } },
{ "type": "Feature", "properties": { "score": 0.1722 }, "geometry": { "type": "Point", "coordinates": [ 572736.12983, 2844699.717380000278354 ] } },
{ "type": "Feature", "properties": { "score": 0.1721 }, "geometry": { "type": "Point", "coordinates": [ 572587.929830000037327, 2845119.717380000278354 ] } },
{ "type": "Feature", "properties": { "score": 0.1721 }, "geometry": { "type": "Point", "coordinates": [ 572611.12983, 2845086.117380000185221 ] } },
{ "type": "Feature", "properties": { "score": 0.1721 }, "geometry": { "type": "Point", "coordinates": [ 572670.729830000083894, 2844980.917380000464618 ] } },
{ "type": "Feature", "properties": { "score": 0.1719 }, "geometry": { "type": "Point", "coordinates": [ 572615.12983, 2844674.51738 ] } },
{ "type": "Feature", "properties": { "score": 0.1719 }, "geometry": { "type": "Point", "coordinates": [ 572568.729830000083894, 2844831.317380000371486 ] } },
{ "type": "Feature", "properties": { "score": 0.1718 }, "geometry": { "type": "Point", "coordinates": [ 573022.529830000014044, 2845132.717380000278354 ] } },
{ "type": "Feature", "properties": { "score": 0.1717 }, "geometry": { "type": "Point", "coordinates": [ 572793.32983000006061, 2845098.317380000371486 ] } },
{ "type": "Feature", "properties": { "score": 0.1716 }, "geometry": { "type": "Point", "coordinates": [ 572510.12983, 2845176.717380000278354 ] } },
{ "type": "Feature", "properties": { "score": 0.1716 }, "geometry": { "type": "Point", "coordinates": [ 572574.729830000083894, 2845072.917380000464618 ] } },
{ "type": "Feature", "properties": { "score": 0.1716 }, "geometry": { "type": "Point", "coordinates": [ 572599.12983, 2845253.117380000185221 ] } },
{ "type": "Feature", "properties": { "score": 0.1716 }, "geometry": { "type": "Point", "coordinates": [ 572730.32983000006061, 2845133.917380000464618 ] } },
{ "type": "Feature", "properties": { "score": 0.1715 }, "geometry": { "type": "Point", "coordinates": [ 572805.32983000006061, 2845090.51738 ] } },
{ "type": "Feature", "properties": { "score": 0.1714 }, "geometry": { "type": "Point", "coordinates": [ 572543.32983000006061, 2844784.117380000185221 ] } },
{ "type": "Feature", "properties": { "score": 0.1713 }, "geometry": { "type": "Point", "coordinates": [ 572857.12983, 2845109.51738 ] } },
{ "type": "Feature", "properties": { "score": 0.1713 }, "geometry": { "type": "Point", "coordinates": [ 572703.729830000083894, 2844700.317380000371486 ] } },
{ "type": "Feature", "properties": { "score": 0.1712 }, "geometry": { "type": "Point", "coordinates": [ 572769.32983000006061, 2845278.51738 ] } },
{ "type": "Feature", "properties": { "score": 0.1711 }, "geometry": { "type": "Point", "coordinates": [ 572786.32983000006061, 2845146.317380000371486 ] } },
{ "type": "Feature", "properties": { "score": 0.1711 }, "geometry": { "type": "Point", "coordinates": [ 572736.32983000006061, 2844676.317380000371486 ] } },
{ "type": "Feature", "properties": { "score": 0.1711 }, "geometry": { "type": "Point", "coordinates": [ 572635.32983000006061, 2844941.117380000185221 ] } },
{ "type": "Feature", "properties": { "score": 0.1711 }, "geometry": { "type": "Point", "coordinates": [ 572681.529830000014044, 2845048.117380000185221 ] } },
{ "type": "Feature", "properties": { "score": 0.171 }, "geometry": { "type": "Point", "coordinates": [ 572833.729830000083894, 2844838.117380000185221 ] } },
{ "type": "Feature", "properties": { "score": 0.1709 }, "geometry": { "type": "Point", "coordinates": [ 572732.729830000083894, 2845304.917380000464618 ] } },
{ "type": "Feature", "properties": { "score": 0.1709 }, "geometry": { "type": "Point", "coordinates": [ 572639.529830000014044, 2844946.51738 ] } },
{ "type": "Feature", "properties": { "score": 0.1708 }, "geometry": { "type": "Point", "coordinates": [ 572740.529830000014044, 2844843.917380000464618 ] } },
{ "type": "Feature", "properties": { "score": 0.1707 }, "geometry": { "type": "Point", "coordinates": [ 572637.32983000006061, 2845258.917380000464618 ] } },
{ "type": "Feature", "properties": { "score": 0.1707 }, "geometry": { "type": "Point", "coordinates": [ 572751.12983, 2845253.117380000185221 ] } },
{ "type": "Feature", "properties": { "score": 0.1707 }, "geometry": { "type": "Point", "coordinates": [ 572498.32983000006061, 2844774.317380000371486 ] } },
{ "type": "Feature", "properties": { "score": 0.1706 }, "geometry": { "type": "Point", "coordinates": [ 572750.12983, 2845232.317380000371486 ] } },
{ "type": "Feature", "properties": { "score": 0.1706 }, "geometry": { "type": "Point", "coordinates": [ 573030.929830000037327, 2845076.717380000278354 ] } },
{ "type": "Feature", "properties": { "score": 0.1706 }, "geometry": { "type": "Point", "coordinates": [ 572658.529830000014044, 2844835.51738 ] } },
{ "type": "Feature", "properties": { "score": 0.1705 }, "geometry": { "type": "Point", "coordinates": [ 572579.929830000037327, 2845133.51738 ] } },
{ "type": "Feature", "properties": { "score": 0.1704 }, "geometry": { "type": "Point", "coordinates": [ 572580.32983000006061, 2845100.51738 ] } },
{ "type": "Feature", "properties": { "score": 0.1704 }, "geometry": { "type": "Point", "coordinates": [ 572566.12983, 2845080.117380000185221 ] } },
{ "type": "Feature", "properties": { "score": 0.1704 }, "geometry": { "type": "Point", "coordinates": [ 572759.929830000037327, 2845053.51738 ] } },
{ "type": "Feature", "properties": { "score": 0.1703 }, "geometry": { "type": "Point", "coordinates": [ 572528.529830000014044, 2845374.317380000371486 ] } },
{ "type": "Feature", "properties": { "score": 0.1703 }, "geometry": { "type": "Point", "coordinates": [ 572564.529830000014044, 2845340.317380000371486 ] } },
{ "type": "Feature", "properties": { "score": 0.1703 }, "geometry": { "type": "Point", "coordinates": [ 572606.12983, 2845172.117380000185221 ] } },
{ "type": "Feature", "properties": { "score": 0.1702 }, "geometry": { "type": "Point", "coordinates": [ 572501.32983000006061, 2844771.117380000185221 ] } },
{ "type": "Feature", "properties": { "score": 0.1701 }, "geometry": { "type": "Point", "coordinates": [ 572940.729829999967478, 2844847.717380000278354 ] } },
{ "type": "Feature", "properties": { "score": 0.17 }, "geometry": { "type": "Point", "coordinates": [ 572792.929830000037327, 2844955.51738 ] } },
{ "type": "Feature", "properties": { "score": 0.17 }, "geometry": { "type": "Point", "coordinates": [ 572695.529830000014044, 2845079.717380000278354 ] } },
{ "type": "Feature", "properties": { "score": 0.17 }, "geometry": { "type": "Point", "coordinates": [ 572610.529830000014044, 2845054.717380000278354 ] } },
{ "type": "Feature", "properties": { "score": 0.17 }, "geometry": { "type": "Point", "coordinates": [ 572856.929830000037327, 2844685.717380000278354 ] } },
{ "type": "Feature", "properties": { "score": 0.17 }, "geometry": { "type": "Point", "coordinates": [ 572863.529830000014044, 2845299.917380000464618 ] } },
{ "type": "Feature", "properties": { "score": 0.17 }, "geometry": { "type": "Point", "coordinates": [ 572785.529830000014044, 2844685.717380000278354 ] } },
{ "type": "Feature", "properties": { "score": 0.1699 }, "geometry": { "type": "Point", "coordinates": [ 572915.529830000014044, 2844697.51738 ] } },
{ "type": "Feature", "properties": { "score": 0.1697 }, "geometry": { "type": "Point", "coordinates": [ 572696.729830000083894, 2844946.51738 ] } },
{ "type": "Feature", "properties": { "score": 0.1697 }, "geometry": { "type": "Point", "coordinates": [ 572728.929830000037327, 2845232.917380000464618 ] } },
{ "type": "Feature", "properties": { "score": 0.1696 }, "geometry": { "type": "Point", "coordinates": [ 572664.32983000006061, 2845114.117380000185221 ] } },
{ "type": "Feature", "properties": { "score": 0.1696 }, "geometry": { "type": "Point", "coordinates": [ 572722.729830000083894, 2844771.917380000464618 ] } },
{ "type": "Feature", "properties": { "score": 0.1696 }, "geometry": { "type": "Point", "coordinates": [ 572916.12983, 2845236.717380000278354 ] } },
{ "type": "Feature", "properties": { "score": 0.1695 }, "geometry": { "type": "Point", "coordinates": [ 572538.929830000037327, 2845095.317380000371486 ] } },
{ "type": "Feature", "properties": { "score": 0.1694 }, "geometry": { "type": "Point", "coordinates": [ 572760.529830000014044, 2845351.717380000278354 ] } },
{ "type": "Feature", "properties": { "score": 0.1694 }, "geometry": { "type": "Point", "coordinates": [ 572886.12983, 2844773.51738 ] } },
{ "type": "Feature", "properties": { "score": 0.1694 }, "geometry": { "type": "Point", "coordinates": [ 572530.529830000014044, 2844659.717380000278354 ] } },
{ "type": "Feature", "properties": { "score": 0.1694 }, "geometry": { "type": "Point", "coordinates": [ 572496.32983000006061, 2845267.917380000464618 ] } },
{ "type": "Feature", "properties": { "score": 0.1693 }, "geometry": { "type": "Point", "coordinates": [ 572584.12983, 2844957.51738 ] } },
{ "type": "Feature", "properties": { "score": 0.1692 }, "geometry": { "type": "Point", "coordinates": [ 572487.929830000037327, 2844791.117380000185221 ] } },
{ "type": "Feature", "properties": { "score": 0.1692 }, "geometry": { "type": "Point", "coordinates": [ 572545.32983000006061, 2845323.917380000464618 ] } },
{ "type": "Feature", "properties": { "score": 0.1691 }, "geometry": { "type": "Point", "coordinates": [ 572524.32983000006061, 2845217.317380000371486 ] } },
{ "type": "Feature", "properties": { "score": 0.1691 }, "geometry": { "type": "Point", "coordinates": [ 572848.12983, 2844899.51738 ] } },
{ "type": "Feature", "properties": { "score": 0.1691 }, "geometry": { "type": "Point", "coordinates": [ 572626.529830000014044, 2844894.317380000371486 ] } },
{ "type": "Feature", "properties": { "score": 0.169 }, "geometry": { "type": "Point", "coordinates": [ 572676.729830000083894, 2844951.917380000464618 ] } },
{ "type": "Feature", "properties": { "score": 0.169 }, "geometry": { "type": "Point", "coordinates": [ 572555.529830000014044, 2845345.717380000278354 ] } },
{ "type": "Feature", "properties": { "score": 0.169 }, "geometry": { "type": "Point", "coordinates": [ 572569.929830000037327, 2845112.917380000464618 ] } },
{ "type": "Feature", "properties": { "score": 0.169 }, "geometry": { "type": "Point", "coordinates": [ 572520.729830000083894, 2844730.317380000371486 ] } },
{ "type": "Feature", "properties": { "score": 0.1689 }, "geometry": { "type": "Point", "coordinates": [ 572629.729830000083894, 2845352.317380000371486 ] } },
{ "type": "Feature", "properties": { "score": 0.1689 }, "geometry": { "type": "Point", "coordinates": [ 572706.12983, 2844645.917380000464618 ] } },
{ "type": "Feature", "properties": { "score": 0.1689 }, "geometry": { "type": "Point", "coordinates": [ 572580.32983000006061, 2845074.317380000371486 ] } },
{ "type": "Feature", "properties": { "score": 0.1688 }, "geometry": { "type": "Point", "coordinates": [ 572648.729830000083894, 2845304.317380000371486 ] } },
{ "type": "Feature", "properties": { "score": 0.1688 }, "geometry": { "type": "Point", "coordinates": [ 572692.729830000083894, 2845290.51738 ] } },
{ "type": "Feature", "properties": { "score": 0.1688 }, "geometry": { "type": "Point", "coordinates": [ 572580.32983000006061, 2845089.917380000464618 ] } },
{ "type": "Feature", "properties": { "score": 0.1688 }, "geometry": { "type": "Point", "coordinates": [ 572534.32983000006061, 2844720.117380000185221 ] } },
{ "type": "Feature", "properties": { "score": 0.1687 }, "geometry": { "type": "Point", "coordinates": [ 572664.12983, 2845290.917380000464618 ] } },
{ "type": "Feature", "properties": { "score": 0.1687 }, "geometry": { "type": "Point", "coordinates": [ 572708.929830000037327, 2845014.317380000371486 ] } },
{ "type": "Feature", "properties": { "score": 0.1686 }, "geometry": { "type": "Point", "coordinates": [ 573020.529830000014044, 2844968.51738 ] } },
{ "type": "Feature", "properties": { "score": 0.1686 }, "geometry": { "type": "Point", "coordinates": [ 572781.32983000006061, 2844656.117380000185221 ] } },
{ "type": "Feature", "properties": { "score": 0.1686 }, "geometry": { "type": "Point", "coordinates": [ 572568.12983, 2845312.917380000464618 ] } },
{ "type": "Feature", "properties": { "score": 0.1686 }, "geometry": { "type": "Point", "coordinates": [ 572578.929830000037327, 2844858.117380000185221 ] } },
{ "type": "Feature", "properties": { "score": 0.1685 }, "geometry": { "type": "Point", "coordinates": [ 572743.32983000006061, 2844680.717380000278354 ] } },
{ "type": "Feature", "properties": { "score": 0.1684 }, "geometry": { "type": "Point", "coordinates": [ 573034.32983000006061, 2845092.917380000464618 ] } },
{ "type": "Feature", "properties": { "score": 0.1684 }, "geometry": { "type": "Point", "coordinates": [ 572630.12983, 2844945.917380000464618 ] } },
{ "type": "Feature", "properties": { "score": 0.1683 }, "geometry": { "type": "Point", "coordinates": [ 572843.32983000006061, 2844935.117380000185221 ] } },
{ "type": "Feature", "properties": { "score": 0.1682 }, "geometry": { "type": "Point", "coordinates": [ 572598.32983000006061, 2844814.51738 ] } },
{ "type": "Feature", "properties": { "score": 0.1682 }, "geometry": { "type": "Point", "coordinates": [ 572928.12983, 2844670.717380000278354 ] } },
{ "type": "Feature", "properties": { "score": 0.1681 }, "geometry": { "type": "Point", "coordinates": [ 572622.529830000014044, 2845233.51738 ] } },
{ "type": "Feature", "properties": { "score": 0.1681 }, "geometry": { "type": "Point", "coordinates": [ 572602.529830000014044, 2844868.917380000464618 ] } },
{ "type": "Feature", "properties": { "score": 0.168 }, "geometry": { "type": "Point", "coordinates": [ 572630.12983, 2844834.317380000371486 ] } },
{ "type": "Feature", "properties": { "score": 0.1679 }, "geometry": { "type": "Point", "coordinates": [ 572831.12983, 2845239.317380000371486 ] } },
{ "type": "Feature", "properties": { "score": 0.1679 }, "geometry": { "type": "Point", "coordinates": [ 572629.729830000083894, 2845206.317380000371486 ] } },
{ "type": "Feature", "properties": { "score": 0.1679 }, "geometry": { "type": "Point", "coordinates": [ 572712.32983000006061, 2844693.317380000371486 ] } },
{ "type": "Feature", "properties": { "score": 0.1679 }, "geometry": { "type": "Point", "coordinates": [ 572990.32983000006061, 2844759.917380000464618 ] } },
{ "type": "Feature", "properties": { "score": 0.1678 }, "geometry": { "type": "Point", "coordinates": [ 572613.12983, 2845058.117380000185221 ] } },
{ "type": "Feature", "properties": { "score": 0.1678 }, "geometry": { "type": "Point", "coordinates": [ 572764.32983000006061, 2845213.917380000464618 ] } },
{ "type": "Feature", "properties": { "score": 0.1677 }, "geometry": { "type": "Point", "coordinates": [ 572810.929830000037327, 2845225.317380000371486 ] } },
{ "type": "Feature", "properties": { "score": 0.1677 }, "geometry": { "type": "Point", "coordinates": [ 572552.12983, 2844962.917380000464618 ] } },
{ "type": "Feature", "properties": { "score": 0.1677 }, "geometry": { "type": "Point", "coordinates": [ 572960.929830000037327, 2844645.717380000278354 ] } },
{ "type": "Feature", "properties": { "score": 0.1676 }, "geometry": { "type": "Point", "coordinates": [ 572867.929830000037327, 2845218.917380000464618 ] } },
{ "type": "Feature", "properties": { "score": 0.1676 }, "geometry": { "type": "Point", "coordinates": [ 572791.929830000037327, 2844957.717380000278354 ] } },
{ "type": "Feature", "properties": { "score": 0.1675 }, "geometry": { "type": "Point", "coordinates": [ 573039.929830000037327, 2844986.317380000371486 ] } },
{ "type": "Feature", "properties": { "score": 0.1675 }, "geometry": { "type": "Point", "coordinates": [ 572720.12983, 2844930.317380000371486 ] } },
{ "type": "Feature", "properties": { "score": 0.1675 }, "geometry": { "type": "Point", "coordinates": [ 572719.12983, 2845334.917380000464618 ] } },
{ "type": "Feature", "properties": { "score": 0.1675 }, "geometry": { "type": "Point", "coordinates": [ 572655.929830000037327, 2845340.317380000371486 ] } },
{ "type": "Feature", "properties": { "score": 0.1675 }, "geometry": { "type": "Point", "coordinates": [ 572590.32983000006061, 2844941.717380000278354 ] } },
{ "type": "Feature", "properties": { "score": 0.1674 }, "geometry": { "type": "Point", "coordinates": [ 572501.32983000006061, 2844777.51738 ] } },
{ "type": "Feature", "properties": { "score": 0.1674 }, "geometry": { "type": "Point", "coordinates": [ 572688.12983, 2845350.717380000278354 ] } },
{ "type": "Feature", "properties": { "score": 0.1673 }, "geometry": { "type": "Point", "coordinates": [ 572848.529830000014044, 2845231.917380000464618 ] } },
{ "type": "Feature", "properties": { "score": 0.1672 }, "geometry": { "type": "Point", "coordinates": [ 572570.12983, 2844733.51738 ] } },
{ "type": "Feature", "properties": { "score": 0.1672 }, "geometry": { "type": "Point", "coordinates": [ 572786.12983, 2844874.917380000464618 ] } },
{ "type": "Feature", "properties": { "score": 0.1672 }, "geometry": { "type": "Point", "coordinates": [ 572736.32983000006061, 2845112.51738 ] } },
{ "type": "Feature", "properties": { "score": 0.1671 }, "geometry": { "type": "Point", "coordinates": [ 573060.529830000014044, 2845086.717380000278354 ] } },
{ "type": "Feature", "properties": { "score": 0.167 }, "geometry": { "type": "Point", "coordinates": [ 572987.32983000006061, 2844804.917380000464618 ] } },
{ "type": "Feature", "properties": { "score": 0.167 }, "geometry": { "type": "Point", "coordinates": [ 573036.529830000014044, 2845007.317380000371486 ] } },
{ "type": "Feature", "properties": { "score": 0.167 }, "geometry": { "type": "Point", "coordinates": [ 572714.529830000014044, 2845069.117380000185221 ] } },
{ "type": "Feature", "properties": { "score": 0.1668 }, "geometry": { "type": "Point", "coordinates": [ 572775.12983, 2845242.317380000371486 ] } },
{ "type": "Feature", "properties": { "score": 0.1667 }, "geometry": { "type": "Point", "coordinates": [ 572494.929830000037327, 2844772.717380000278354 ] } },
{ "type": "Feature", "properties": { "score": 0.1667 }, "geometry": { "type": "Point", "coordinates": [ 572534.729830000083894, 2845346.117380000185221 ] } },
{ "type": "Feature", "properties": { "score": 0.1666 }, "geometry": { "type": "Point", "coordinates": [ 572538.529830000014044, 2844786.317380000371486 ] } },
{ "type": "Feature", "properties": { "score": 0.1666 }, "geometry": { "type": "Point", "coordinates": [ 572642.729830000083894, 2845266.51738 ] } },
{ "type": "Feature", "properties": { "score": 0.1666 }, "geometry": { "type": "Point", "coordinates": [ 573013.729829999967478, 2844991.317380000371486 ] } },
{ "type": "Feature", "properties": { "score": 0.1666 }, "geometry": { "type": "Point", "coordinates": [ 572822.12983, 2844822.717380000278354 ] } },
{ "type": "Feature", "properties": { "score": 0.1666 }, "geometry": { "type": "Point", "coordinates": [ 572970.529830000014044, 2844792.117380000185221 ] } },
{ "type": "Feature", "properties": { "score": 0.1665 }, "geometry": { "type": "Point", "coordinates": [ 572535.32983000006061, 2844664.117380000185221 ] } },
{ "type": "Feature", "properties": { "score": 0.1665 }, "geometry": { "type": "Point", "coordinates": [ 572910.32983000006061, 2845266.317380000371486 ] } },
{ "type": "Feature", "properties": { "score": 0.1665 }, "geometry": { "type": "Point", "coordinates": [ 572695.929830000037327, 2844707.51738 ] } },
{ "type": "Feature", "properties": { "score": 0.1664 }, "geometry": { "type": "Point", "coordinates": [ 572696.529830000014044, 2844974.117380000185221 ] } },
{ "type": "Feature", "properties": { "score": 0.1664 }, "geometry": { "type": "Point", "coordinates": [ 572771.32983000006061, 2845244.717380000278354 ] } },
{ "type": "Feature", "properties": { "score": 0.1663 }, "geometry": { "type": "Point", "coordinates": [ 572688.529830000014044, 2844958.317380000371486 ] } },
{ "type": "Feature", "properties": { "score": 0.1663 }, "geometry": { "type": "Point", "coordinates": [ 572790.32983000006061, 2844826.51738 ] } },
{ "type": "Feature", "properties": { "score": 0.1663 }, "geometry": { "type": "Point", "coordinates": [ 572824.12983, 2845150.717380000278354 ] } },
{ "type": "Feature", "properties": { "score": 0.1663 }, "geometry": { "type": "Point", "coordinates": [ 573025.929830000037327, 2845103.917380000464618 ] } },
{ "type": "Feature", "properties": { "score": 0.1663 }, "geometry": { "type": "Point", "coordinates": [ 572680.729830000083894, 2845211.317380000371486 ] } },
{ "type": "Feature", "properties": { "score": 0.1662 }, "geometry": { "type": "Point", "coordinates": [ 572610.32983000006061, 2844678.317380000371486 ] } },
{ "type": "Feature", "properties": { "score": 0.1662 }, "geometry": { "type": "Point", "coordinates": [ 572935.929830000037327, 2845039.917380000464618 ] } },
{ "type": "Feature", "properties": { "score": 0.1662 }, "geometry": { "type": "Point", "coordinates": [ 572587.529830000014044, 2845122.317380000371486 ] } },
{ "type": "Feature", "properties": { "score": 0.1661 }, "geometry": { "type": "Point", "coordinates": [ 572571.729830000083894, 2845346.917380000464618 ] } },
{ "type": "Feature", "properties": { "score": 0.1661 }, "geometry": { "type": "Point", "coordinates": [ 572884.729830000083894, 2845219.317380000371486 ] } },
{ "type": "Feature", "properties": { "score": 0.1661 }, "geometry": { "type": "Point", "coordinates": [ 572557.12983, 2845093.717380000278354 ] } },
{ "type": "Feature", "properties": { "score": 0.166 }, "geometry": { "type": "Point", "coordinates": [ 572618.32983000006061, 2844768.51738 ] } },
{ "type": "Feature", "properties": { "score": 0.166 }, "geometry": { "type": "Point", "coordinates": [ 572624.32983000006061, 2845187.117380000185221 ] } },
{ "type": "Feature", "properties": { "score": 0.1659 }, "geometry": { "type": "Point", "coordinates": [ 572636.529830000014044, 2844906.117380000185221 ] } },
{ "type": "Feature", "properties": { "score": 0.1659 }, "geometry": { "type": "Point", "coordinates": [ 572735.32983000006061, 2844757.117380000185221 ] } },
{ "type": "Feature", "properties": { "score": 0.1659 }, "geometry": { "type": "Point", "coordinates": [ 572890.12983, 2845151.317380000371486 ] } },
{ "type": "Feature", "properties": { "score": 0.1658 }, "geometry": { "type": "Point", "coordinates": [ 572946.12983, 2844689.717380000278354 ] } },
{ "type": "Feature", "properties": { "score": 0.1658 }, "geometry": { "type": "Point", "coordinates": [ 572843.529830000014044, 2845158.117380000185221 ] } },
{ "type": "Feature", "properties": { "score": 0.1657 }, "geometry": { "type": "Point", "coordinates": [ 572892.32983000006061, 2844797.717380000278354 ] } },
{ "type": "Feature", "properties": { "score": 0.1655 }, "geometry": { "type": "Point", "coordinates": [ 572645.929830000037327, 2845204.717380000278354 ] } },
{ "type": "Feature", "properties": { "score": 0.1655 }, "geometry": { "type": "Point", "coordinates": [ 572574.12983, 2845070.51738 ] } },
{ "type": "Feature", "properties": { "score": 0.1655 }, "geometry": { "type": "Point", "coordinates": [ 573060.12983, 2844786.717380000278354 ] } },
{ "type": "Feature", "properties": { "score": 0.1654 }, "geometry": { "type": "Point", "coordinates": [ 572853.729830000083894, 2845014.717380000278354 ] } },
{ "type": "Feature", "properties": { "score": 0.1654 }, "geometry": { "type": "Point", "coordinates": [ 572654.529830000014044, 2844901.717380000278354 ] } },
{ "type": "Feature", "properties": { "score": 0.1654 }, "geometry": { "type": "Point", "coordinates": [ 572701.12983, 2844701.717380000278354 ] } },
{ "type": "Feature", "properties": { "score": 0.1654 }, "geometry": { "type": "Point", "coordinates": [ 572565.12983, 2845084.717380000278354 ] } },
{ "type": "Feature", "properties": { "score": 0.1653 }, "geometry": { "type": "Point", "coordinates": [ 572738.729830000083894, 2844899.317380000371486 ] } },
{ "type": "Feature", "properties": { "score": 0.1653 }, "geometry": { "type": "Point", "coordinates": [ 572756.12983, 2844711.917380000464618 ] } },
{ "type": "Feature", "properties": { "score": 0.1652 }, "geometry": { "type": "Point", "coordinates": [ 572764.32983000006061, 2844768.117380000185221 ] } },
{ "type": "Feature", "properties": { "score": 0.165 }, "geometry": { "type": "Point", "coordinates": [ 572770.12983, 2844670.317380000371486 ] } },
{ "type": "Feature", "properties": { "score": 0.165 }, "geometry": { "type": "Point", "coordinates": [ 572541.929830000037327, 2844893.117380000185221 ] } },
{ "type": "Feature", "properties": { "score": 0.165 }, "geometry": { "type": "Point", "coordinates": [ 572920.529830000014044, 2845147.917380000464618 ] } },
{ "type": "Feature", "properties": { "score": 0.165 }, "geometry": { "type": "Point", "coordinates": [ 572752.529830000014044, 2844823.117380000185221 ] } },
{ "type": "Feature", "properties": { "score": 0.165 }, "geometry": { "type": "Point", "coordinates": [ 572877.529830000014044, 2844658.917380000464618 ] } },
{ "type": "Feature", "properties": { "score": 0.1649 }, "geometry": { "type": "Point", "coordinates": [ 572776.729830000083894, 2844675.317380000371486 ] } },
{ "type": "Feature", "properties": { "score": 0.1648 }, "geometry": { "type": "Point", "coordinates": [ 572773.729830000083894, 2845135.117380000185221 ] } },
{ "type": "Feature", "properties": { "score": 0.1648 }, "geometry": { "type": "Point", "coordinates": [ 572981.529830000014044, 2844852.917380000464618 ] } },
{ "type": "Feature", "properties": { "score": 0.1647 }, "geometry": { "type": "Point", "coordinates": [ 572760.529830000014044, 2844645.51738 ] } },
{ "type": "Feature", "properties": { "score": 0.1647 }, "geometry": { "type": "Point", "coordinates": [ 572608.32983000006061, 2845072.117380000185221 ] } },
{ "type": "Feature", "properties": { "score": 0.1647 }, "geometry": { "type": "Point", "coordinates": [ 572770.929830000037327, 2845199.51738 ] } },
{ "type": "Feature", "properties": { "score": 0.1647 }, "geometry": { "type": "Point", "coordinates": [ 572628.929830000037327, 2845051.317380000371486 ] } },
{ "type": "Feature", "properties": { "score": 0.1647 }, "geometry": { "type": "Point", "coordinates": [ 572578.32983000006061, 2844952.917380000464618 ] } },
{ "type": "Feature", "properties": { "score": 0.1647 }, "geometry": { "type": "Point", "coordinates": [ 572718.12983, 2845007.117380000185221 ] } },
{ "type": "Feature", "properties": { "score": 0.1647 }, "geometry": { "type": "Point", "coordinates": [ 572850.32983000006061, 2845252.317380000371486 ] } },
{ "type": "Feature", "properties": { "score": 0.1647 }, "geometry": { "type": "Point", "coordinates": [ 572630.12983, 2844876.917380000464618 ] } },
{ "type": "Feature", "properties": { "score": 0.1647 }, "geometry": { "type": "Point", "coordinates": [ 572679.529830000014044, 2844945.51738 ] } },
{ "type": "Feature", "properties": { "score": 0.1647 }, "geometry": { "type": "Point", "coordinates": [ 572588.929830000037327, 2845001.51738 ] } },
{ "type": "Feature", "properties": { "score": 0.1647 }, "geometry": { "type": "Point", "coordinates": [ 572529.32983000006061, 2845077.317380000371486 ] } },
{ "type": "Feature", "properties": { "score": 0.1647 }, "geometry": { "type": "Point", "coordinates": [ 572738.32983000006061, 2845141.117380000185221 ] } },
{ "type": "Feature", "properties": { "score": 0.1646 }, "geometry": { "type": "Point", "coordinates": [ 572768.929830000037327, 2845062.917380000464618 ] } },
{ "type": "Feature", "properties": { "score": 0.1646 }, "geometry": { "type": "Point", "coordinates": [ 572558.12983, 2845100.117380000185221 ] } },
{ "type": "Feature", "properties": { "score": 0.1646 }, "geometry": { "type": "Point", "coordinates": [ 572545.929830000037327, 2844667.917380000464618 ] } },
{ "type": "Feature", "properties": { "score": 0.1645 }, "geometry": { "type": "Point", "coordinates": [ 572906.32983000006061, 2844735.317380000371486 ] } },
{ "type": "Feature", "properties": { "score": 0.1644 }, "geometry": { "type": "Point", "coordinates": [ 572714.32983000006061, 2844642.51738 ] } },
{ "type": "Feature", "properties": { "score": 0.1644 }, "geometry": { "type": "Point", "coordinates": [ 572853.12983, 2844834.117380000185221 ] } },
{ "type": "Feature", "properties": { "score": 0.1644 }, "geometry": { "type": "Point", "coordinates": [ 572668.729830000083894, 2845045.717380000278354 ] } },
{ "type": "Feature", "properties": { "score": 0.1644 }, "geometry": { "type": "Point", "coordinates": [ 572777.529830000014044, 2845239.917380000464618 ] } },
{ "type": "Feature", "properties": { "score": 0.1644 }, "geometry": { "type": "Point", "coordinates": [ 573037.729829999967478, 2844968.317380000371486 ] } },
{ "type": "Feature", "properties": { "score": 0.1643 }, "geometry": { "type": "Point", "coordinates": [ 572569.929830000037327, 2845007.117380000185221 ] } },
{ "type": "Feature", "properties": { "score": 0.1643 }, "geometry": { "type": "Point", "coordinates": [ 572510.12983, 2844984.917380000464618 ] } },
{ "type": "Feature", "properties": { "score": 0.1642 }, "geometry": { "type": "Point", "coordinates": [ 572554.729830000083894, 2844734.717380000278354 ] } },
{ "type": "Feature", "properties": { "score": 0.1642 }, "geometry": { "type": "Point", "coordinates": [ 573006.529830000014044, 2845122.317380000371486 ] } },
{ "type": "Feature", "properties": { "score": 0.1642 }, "geometry": { "type": "Point", "coordinates": [ 572698.929830000037327, 2845200.117380000185221 ] } },
{ "type": "Feature", "properties": { "score": 0.1642 }, "geometry": { "type": "Point", "coordinates": [ 572543.729830000083894, 2844954.717380000278354 ] } },
{ "type": "Feature", "properties": { "score": 0.1642 }, "geometry": { "type": "Point", "coordinates": [ 572945.12983, 2844657.51738 ] } },
{ "type": "Feature", "properties": { "score": 0.1642 }, "geometry": { "type": "Point", "coordinates": [ 572888.929830000037327, 2845268.117380000185221 ] } },
{ "type": "Feature", "properties": { "score": 0.1641 }, "geometry": { "type": "Point", "coordinates": [ 572834.929830000037327, 2844787.717380000278354 ] } },
{ "type": "Feature", "properties": { "score": 0.1641 }, "geometry": { "type": "Point", "coordinates": [ 573038.529830000014044, 2844659.917380000464618 ] } },
{ "type": "Feature", "properties": { "score": 0.1641 }, "geometry": { "type": "Point", "coordinates": [ 572671.12983, 2844894.117380000185221 ] } },
{ "type": "Feature", "properties": { "score": 0.164 }, "geometry": { "type": "Point", "coordinates": [ 572599.929830000037327, 2845002.717380000278354 ] } },
{ "type": "Feature", "properties": { "score": 0.164 }, "geometry": { "type": "Point", "coordinates": [ 572903.529830000014044, 2845243.917380000464618 ] } },
{ "type": "Feature", "properties": { "score": 0.1639 }, "geometry": { "type": "Point", "coordinates": [ 572874.529830000014044, 2844655.917380000464618 ] } },
{ "type": "Feature", "properties": { "score": 0.1639 }, "geometry": { "type": "Point", "coordinates": [ 572516.929830000037327, 2844789.317380000371486 ] } },
{ "type": "Feature", "properties": { "score": 0.1639 }, "geometry": { "type": "Point", "coordinates": [ 572623.529830000014044, 2844894.317380000371486 ] } },
{ "type": "Feature", "properties": { "score": 0.1639 }, "geometry": { "type": "Point", "coordinates": [ 572590.729830000083894, 2844856.51738 ] } },
{ "type": "Feature", "properties": { "score": 0.1638 }, "geometry": { "type": "Point", "coordinates": [ 572525.729830000083894, 2844706.51738 ] } },
{ "type": "Feature", "properties": { "score": 0.1638 }, "geometry": { "type": "Point", "coordinates": [ 572861.529830000014044, 2844713.917380000464618 ] } },
{ "type": "Feature", "properties": { "score": 0.1637 }, "geometry": { "type": "Point", "coordinates": [ 572801.729830000083894, 2844947.317380000371486 ] } },
{ "type": "Feature", "properties": { "score": 0.1637 }, "geometry": { "type": "Point", "coordinates": [ 572546.32983000006061, 2845322.117380000185221 ] } },
{ "type": "Feature", "properties": { "score": 0.1636 }, "geometry": { "type": "Point", "coordinates": [ 572642.12983, 2844944.117380000185221 ] } },
{ "type": "Feature", "properties": { "score": 0.1636 }, "geometry": { "type": "Point", "coordinates": [ 572981.32983000006061, 2844751.917380000464618 ] } },
{ "type": "Feature", "properties": { "score": 0.1634 }, "geometry": { "type": "Point", "coordinates": [ 572926.729829999967478, 2845173.317380000371486 ] } },
{ "type": "Feature", "properties": { "score": 0.1634 }, "geometry": { "type": "Point", "coordinates": [ 572528.12983, 2845342.717380000278354 ] } },
{ "type": "Feature", "properties": { "score": 0.1634 }, "geometry": { "type": "Point", "coordinates": [ 572544.529830000014044, 2844952.51738 ] } },
{ "type": "Feature", "properties": { "score": 0.1633 }, "geometry": { "type": "Point", "coordinates": [ 572686.32983000006061, 2844829.51738 ] } },
{ "type": "Feature", "properties": { "score": 0.1633 }, "geometry": { "type": "Point", "coordinates": [ 572506.32983000006061, 2845344.317380000371486 ] } },
{ "type": "Feature", "properties": { "score": 0.1633 }, "geometry": { "type": "Point", "coordinates": [ 572659.729830000083894, 2845199.51738 ] } },
{ "type": "Feature", "properties": { "score": 0.1633 }, "geometry": { "type": "Point", "coordinates": [ 572680.929830000037327, 2844834.317380000371486 ] } },
{ "type": "Feature", "properties": { "score": 0.1632 }, "geometry": { "type": "Point", "coordinates": [ 573054.729829999967478, 2845008.717380000278354 ] } },
{ "type": "Feature", "properties": { "score": 0.1632 }, "geometry": { "type": "Point", "coordinates": [ 572685.929830000037327, 2845314.317380000371486 ] } },
{ "type": "Feature", "properties": { "score": 0.1631 }, "geometry": { "type": "Point", "coordinates": [ 572705.729830000083894, 2845158.717380000278354 ] } },
{ "type": "Feature", "properties": { "score": 0.163 }, "geometry": { "type": "Point", "coordinates": [ 572794.12983, 2844642.51738 ] } },
{ "type": "Feature", "properties": { "score": 0.163 }, "geometry": { "type": "Point", "coordinates": [ 572878.929830000037327, 2845122.717380000278354 ] } },
{ "type": "Feature", "properties": { "score": 0.163 }, "geometry": { "type": "Point", "coordinates": [ 572916.12983, 2844714.51738 ] } },
{ "type": "Feature", "properties": { "score": 0.163 }, "geometry": { "type": "Point", "coordinates": [ 572759.12983, 2844758.117380000185221 ] } },
{ "type": "Feature", "properties": { "score": 0.163 }, "geometry": { "type": "Point", "coordinates": [ 572882.929830000037327, 2845169.917380000464618 ] } },
{ "type": "Feature", "properties": { "score": 0.1629 }, "geometry": { "type": "Point", "coordinates": [ 572615.12983, 2845177.317380000371486 ] } },
{ "type": "Feature", "properties": { "score": 0.1629 }, "geometry": { "type": "Point", "coordinates": [ 572604.529830000014044, 2845048.717380000278354 ] } },
{ "type": "Feature", "properties": { "score": 0.1629 }, "geometry": { "type": "Point", "coordinates": [ 572853.729830000083894, 2845232.117380000185221 ] } },
{ "type": "Feature", "properties": { "score": 0.1629 }, "geometry": { "type": "Point", "coordinates": [ 572793.12983, 2845075.917380000464618 ] } },
{ "type": "Feature", "properties": { "score": 0.1629 }, "geometry": { "type": "Point", "coordinates": [ 572997.12983, 2845155.51738 ] } },
{ "type": "Feature", "properties": { "score": 0.1628 }, "geometry": { "type": "Point", "coordinates": [ 572803.12983, 2845086.51738 ] } },
{ "type": "Feature", "properties": { "score": 0.1628 }, "geometry": { "type": "Point", "coordinates": [ 572572.529830000014044, 2844851.117380000185221 ] } },
{ "type": "Feature", "properties": { "score": 0.1628 }, "geometry": { "type": "Point", "coordinates": [ 572634.32983000006061, 2844996.51738 ] } },
{ "type": "Feature", "properties": { "score": 0.1627 }, "geometry": { "type": "Point", "coordinates": [ 572506.929830000037327, 2845340.917380000464618 ] } },
{ "type": "Feature", "properties": { "score": 0.1627 }, "geometry": { "type": "Point", "coordinates": [ 573065.529830000014044, 2844990.317380000371486 ] } },
{ "type": "Feature", "properties": { "score": 0.1627 }, "geometry": { "type": "Point", "coordinates": [ 572675.32983000006061, 2844833.717380000278354 ] } },
{ "type": "Feature", "properties": { "score": 0.1627 }, "geometry": { "type": "Point", "coordinates": [ 572638.32983000006061, 2844968.717380000278354 ] } },
{ "type": "Feature", "properties": { "score": 0.1627 }, "geometry": { "type": "Point", "coordinates": [ 572487.12983, 2844782.317380000371486 ] } },
{ "type": "Feature", "properties": { "score": 0.1626 }, "geometry": { "type": "Point", "coordinates": [ 572517.729830000083894, 2844955.317380000371486 ] } },
{ "type": "Feature", "properties": { "score": 0.1626 }, "geometry": { "type": "Point", "coordinates": [ 572862.12983, 2844720.51738 ] } },
{ "type": "Feature", "properties": { "score": 0.1626 }, "geometry": { "type": "Point", "coordinates": [ 572964.32983000006061, 2845048.717380000278354 ] } },
{ "type": "Feature", "properties": { "score": 0.1625 }, "geometry": { "type": "Point", "coordinates": [ 572618.32983000006061, 2845232.317380000371486 ] } },
{ "type": "Feature", "properties": { "score": 0.1625 }, "geometry": { "type": "Point", "coordinates": [ 572631.32983000006061, 2844895.917380000464618 ] } },
{ "type": "Feature", "properties": { "score": 0.1624 }, "geometry": { "type": "Point", "coordinates": [ 572690.32983000006061, 2845091.117380000185221 ] } },
{ "type": "Feature", "properties": { "score": 0.1624 }, "geometry": { "type": "Point", "coordinates": [ 572559.529830000014044, 2845326.917380000464618 ] } },
{ "type": "Feature", "properties": { "score": 0.1623 }, "geometry": { "type": "Point", "coordinates": [ 572925.32983000006061, 2844942.51738 ] } },
{ "type": "Feature", "properties": { "score": 0.1623 }, "geometry": { "type": "Point", "coordinates": [ 572786.729830000083894, 2844774.317380000371486 ] } },
{ "type": "Feature", "properties": { "score": 0.162 }, "geometry": { "type": "Point", "coordinates": [ 572563.12983, 2845337.917380000464618 ] } },
{ "type": "Feature", "properties": { "score": 0.162 }, "geometry": { "type": "Point", "coordinates": [ 572648.529830000014044, 2845329.917380000464618 ] } },
{ "type": "Feature", "properties": { "score": 0.162 }, "geometry": { "type": "Point", "coordinates": [ 572876.729830000083894, 2845205.717380000278354 ] } },
{ "type": "Feature", "properties": { "score": 0.1619 }, "geometry": { "type": "Point", "coordinates": [ 572567.929830000037327, 2845090.917380000464618 ] } },
{ "type": "Feature", "properties": { "score": 0.1618 }, "geometry": { "type": "Point", "coordinates": [ 572740.929830000037327, 2845174.51738 ] } },
{ "type": "Feature", "properties": { "score": 0.1618 }, "geometry": { "type": "Point", "coordinates": [ 572572.929830000037327, 2845110.51738 ] } },
{ "type": "Feature", "properties": { "score": 0.1618 }, "geometry": { "type": "Point", "coordinates": [ 572860.12983, 2844716.717380000278354 ] } },
{ "type": "Feature", "properties": { "score": 0.1617 }, "geometry": { "type": "Point", "coordinates": [ 572635.12983, 2844919.917380000464618 ] } },
{ "type": "Feature", "properties": { "score": 0.1616 }, "geometry": { "type": "Point", "coordinates": [ 572746.32983000006061, 2844717.117380000185221 ] } },
{ "type": "Feature", "properties": { "score": 0.1615 }, "geometry": { "type": "Point", "coordinates": [ 572860.529830000014044, 2845257.717380000278354 ] } },
{ "type": "Feature", "properties": { "score": 0.1614 }, "geometry": { "type": "Point", "coordinates": [ 572735.12983, 2844815.917380000464618 ] } },
{ "type": "Feature", "properties": { "score": 0.1614 }, "geometry": { "type": "Point", "coordinates": [ 572546.12983, 2844928.717380000278354 ] } },
{ "type": "Feature", "properties": { "score": 0.1614 }, "geometry": { "type": "Point", "coordinates": [ 572594.12983, 2845116.717380000278354 ] } },
{ "type": "Feature", "properties": { "score": 0.1613 }, "geometry": { "type": "Point", "coordinates": [ 572752.929830000037327, 2844685.717380000278354 ] } },
{ "type": "Feature", "properties": { "score": 0.1613 }, "geometry": { "type": "Point", "coordinates": [ 572672.529830000014044, 2844722.317380000371486 ] } },
{ "type": "Feature", "properties": { "score": 0.1613 }, "geometry": { "type": "Point", "coordinates": [ 572576.32983000006061, 2844951.917380000464618 ] } },
{ "type": "Feature", "properties": { "score": 0.1613 }, "geometry": { "type": "Point", "coordinates": [ 572717.729830000083894, 2844972.117380000185221 ] } },
{ "type": "Feature", "properties": { "score": 0.161 }, "geometry": { "type": "Point", "coordinates": [ 572572.929830000037327, 2845085.117380000185221 ] } },
{ "type": "Feature", "properties": { "score": 0.161 }, "geometry": { "type": "Point", "coordinates": [ 572774.32983000006061, 2844664.51738 ] } },
{ "type": "Feature", "properties": { "score": 0.161 }, "geometry": { "type": "Point", "coordinates": [ 572612.12983, 2845298.117380000185221 ] } },
{ "type": "Feature", "properties": { "score": 0.1609 }, "geometry": { "type": "Point", "coordinates": [ 572963.929830000037327, 2845112.917380000464618 ] } },
{ "type": "Feature", "properties": { "score": 0.1609 }, "geometry": { "type": "Point", "coordinates": [ 572893.929830000037327, 2845050.51738 ] } },
{ "type": "Feature", "properties": { "score": 0.1609 }, "geometry": { "type": "Point", "coordinates": [ 572719.929830000037327, 2844838.717380000278354 ] } },
{ "type": "Feature", "properties": { "score": 0.1609 }, "geometry": { "type": "Point", "coordinates": [ 572882.929830000037327, 2844795.317380000371486 ] } },
{ "type": "Feature", "properties": { "score": 0.1608 }, "geometry": { "type": "Point", "coordinates": [ 572800.529830000014044, 2844954.117380000185221 ] } },
{ "type": "Feature", "properties": { "score": 0.1608 }, "geometry": { "type": "Point", "coordinates": [ 572632.929830000037327, 2845085.51738 ] } },
{ "type": "Feature", "properties": { "score": 0.1607 }, "geometry": { "type": "Point", "coordinates": [ 572510.32983000006061, 2845154.717380000278354 ] } },
{ "type": "Feature", "properties": { "score": 0.1607 }, "geometry": { "type": "Point", "coordinates": [ 572572.12983, 2844804.317380000371486 ] } },
{ "type": "Feature", "properties": { "score": 0.1606 }, "geometry": { "type": "Point", "coordinates": [ 572645.929830000037327, 2844976.117380000185221 ] } },
{ "type": "Feature", "properties": { "score": 0.1606 }, "geometry": { "type": "Point", "coordinates": [ 572760.929830000037327, 2844678.917380000464618 ] } },
{ "type": "Feature", "properties": { "score": 0.1606 }, "geometry": { "type": "Point", "coordinates": [ 572761.729830000083894, 2844866.117380000185221 ] } },
{ "type": "Feature", "properties": { "score": 0.1606 }, "geometry": { "type": "Point", "coordinates": [ 572621.929830000037327, 2845236.117380000185221 ] } },
{ "type": "Feature", "properties": { "score": 0.1606 }, "geometry": { "type": "Point", "coordinates": [ 572730.729830000083894, 2844774.51738 ] } },
{ "type": "Feature", "properties": { "score": 0.1606 }, "geometry": { "type": "Point", "coordinates": [ 572833.729830000083894, 2845134.51738 ] } },
{ "type": "Feature", "properties": { "score": 0.1606 }, "geometry": { "type": "Point", "coordinates": [ 572531.929830000037327, 2845343.717380000278354 ] } },
{ "type": "Feature", "properties": { "score": 0.1605 }, "geometry": { "type": "Point", "coordinates": [ 572539.12983, 2844707.317380000371486 ] } },
{ "type": "Feature", "properties": { "score": 0.1605 }, "geometry": { "type": "Point", "coordinates": [ 572722.32983000006061, 2844975.51738 ] } },
{ "type": "Feature", "properties": { "score": 0.1604 }, "geometry": { "type": "Point", "coordinates": [ 572750.929830000037327, 2844855.917380000464618 ] } },
{ "type": "Feature", "properties": { "score": 0.1604 }, "geometry": { "type": "Point", "coordinates": [ 573043.12983, 2844701.917380000464618 ] } },
{ "type": "Feature", "properties": { "score": 0.1604 }, "geometry": { "type": "Point", "coordinates": [ 572694.12983, 2844786.317380000371486 ] } },
{ "type": "Feature", "properties": { "score": 0.1603 }, "geometry": { "type": "Point", "coordinates": [ 572534.529830000014044, 2845131.51738 ] } },
{ "type": "Feature", "properties": { "score": 0.1603 }, "geometry": { "type": "Point", "coordinates": [ 573000.929830000037327, 2844734.117380000185221 ] } },
{ "type": "Feature", "properties": { "score": 0.1602 }, "geometry": { "type": "Point", "coordinates": [ 572978.929830000037327, 2845094.917380000464618 ] } },
{ "type": "Feature", "properties": { "score": 0.1602 }, "geometry": { "type": "Point", "coordinates": [ 572631.12983, 2845378.317380000371486 ] } },
{ "type": "Feature", "properties": { "score": 0.16 }, "geometry": { "type": "Point", "coordinates": [ 572600.729830000083894, 2844782.51738 ] } },
{ "type": "Feature", "properties": { "score": 0.16 }, "geometry": { "type": "Point", "coordinates": [ 573034.32983000006061, 2844993.917380000464618 ] } },
{ "type": "Feature", "properties": { "score": 0.16 }, "geometry": { "type": "Point", "coordinates": [ 572504.929830000037327, 2844842.51738 ] } },
{ "type": "Feature", "properties": { "score": 0.1599 }, "geometry": { "type": "Point", "coordinates": [ 572517.929830000037327, 2844798.317380000371486 ] } },
{ "type": "Feature", "properties": { "score": 0.1599 }, "geometry": { "type": "Point", "coordinates": [ 573055.929830000037327, 2844756.917380000464618 ] } },
{ "type": "Feature", "properties": { "score": 0.1599 }, "geometry": { "type": "Point", "coordinates": [ 572577.929830000037327, 2845022.51738 ] } },
{ "type": "Feature", "properties": { "score": 0.1598 }, "geometry": { "type": "Point", "coordinates": [ 572989.12983, 2844829.717380000278354 ] } },
{ "type": "Feature", "properties": { "score": 0.1598 }, "geometry": { "type": "Point", "coordinates": [ 572664.12983, 2844944.717380000278354 ] } },
{ "type": "Feature", "properties": { "score": 0.1598 }, "geometry": { "type": "Point", "coordinates": [ 572556.12983, 2844930.117380000185221 ] } },
{ "type": "Feature", "properties": { "score": 0.1597 }, "geometry": { "type": "Point", "coordinates": [ 572748.529830000014044, 2845072.717380000278354 ] } },
{ "type": "Feature", "properties": { "score": 0.1597 }, "geometry": { "type": "Point", "coordinates": [ 572531.12983, 2844779.117380000185221 ] } },
{ "type": "Feature", "properties": { "score": 0.1596 }, "geometry": { "type": "Point", "coordinates": [ 572853.529830000014044, 2844721.51738 ] } },
{ "type": "Feature", "properties": { "score": 0.1596 }, "geometry": { "type": "Point", "coordinates": [ 572655.12983, 2845201.317380000371486 ] } },
{ "type": "Feature", "properties": { "score": 0.1595 }, "geometry": { "type": "Point", "coordinates": [ 572737.929830000037327, 2844698.717380000278354 ] } },
{ "type": "Feature", "properties": { "score": 0.1595 }, "geometry": { "type": "Point", "coordinates": [ 572815.929830000037327, 2845197.51738 ] } },
{ "type": "Feature", "properties": { "score": 0.1595 }, "geometry": { "type": "Point", "coordinates": [ 572720.529830000014044, 2845291.117380000185221 ] } },
{ "type": "Feature", "properties": { "score": 0.1595 }, "geometry": { "type": "Point", "coordinates": [ 572837.529830000014044, 2845253.51738 ] } },
{ "type": "Feature", "properties": { "score": 0.1594 }, "geometry": { "type": "Point", "coordinates": [ 572638.729830000083894, 2844903.917380000464618 ] } },
{ "type": "Feature", "properties": { "score": 0.1594 }, "geometry": { "type": "Point", "coordinates": [ 572789.729830000083894, 2844824.51738 ] } },
{ "type": "Feature", "properties": { "score": 0.1594 }, "geometry": { "type": "Point", "coordinates": [ 572723.929830000037327, 2845149.317380000371486 ] } },
{ "type": "Feature", "properties": { "score": 0.1593 }, "geometry": { "type": "Point", "coordinates": [ 573037.929830000037327, 2844988.117380000185221 ] } },
{ "type": "Feature", "properties": { "score": 0.1593 }, "geometry": { "type": "Point", "coordinates": [ 572592.929830000037327, 2845085.917380000464618 ] } },
{ "type": "Feature", "properties": { "score": 0.1593 }, "geometry": { "type": "Point", "coordinates": [ 572508.32983000006061, 2844713.117380000185221 ] } },
{ "type": "Feature", "properties": { "score": 0.1593 }, "geometry": { "type": "Point", "coordinates": [ 572934.729829999967478, 2845002.717380000278354 ] } },
{ "type": "Feature", "properties": { "score": 0.1593 }, "geometry": { "type": "Point", "coordinates": [ 572941.12983, 2844655.917380000464618 ] } },
{ "type": "Feature", "properties": { "score": 0.1593 }, "geometry": { "type": "Point", "coordinates": [ 572606.12983, 2844846.317380000371486 ] } },
{ "type": "Feature", "properties": { "score": 0.1593 }, "geometry": { "type": "Point", "coordinates": [ 572678.32983000006061, 2845357.917380000464618 ] } },
{ "type": "Feature", "properties": { "score": 0.1592 }, "geometry": { "type": "Point", "coordinates": [ 572689.729830000083894, 2845162.917380000464618 ] } },
{ "type": "Feature", "properties": { "score": 0.1592 }, "geometry": { "type": "Point", "coordinates": [ 572894.529830000014044, 2844692.117380000185221 ] } },
{ "type": "Feature", "properties": { "score": 0.1591 }, "geometry": { "type": "Point", "coordinates": [ 572570.12983, 2844804.51738 ] } },
{ "type": "Feature", "properties": { "score": 0.1591 }, "geometry": { "type": "Point", "coordinates": [ 572805.12983, 2844667.51738 ] } },
{ "type": "Feature", "properties": { "score": 0.1591 }, "geometry": { "type": "Point", "coordinates": [ 572604.12983, 2845088.917380000464618 ] } },
{ "type": "Feature", "properties": { "score": 0.159 }, "geometry": { "type": "Point", "coordinates": [ 572511.12983, 2844709.117380000185221 ] } },
{ "type": "Feature", "properties": { "score": 0.159 }, "geometry": { "type": "Point", "coordinates": [ 573057.729829999967478, 2844783.117380000185221 ] } },
{ "type": "Feature", "properties": { "score": 0.159 }, "geometry": { "type": "Point", "coordinates": [ 572548.729830000083894, 2844697.717380000278354 ] } },
{ "type": "Feature", "properties": { "score": 0.159 }, "geometry": { "type": "Point", "coordinates": [ 573054.529830000014044, 2845067.917380000464618 ] } },
{ "type": "Feature", "properties": { "score": 0.159 }, "geometry": { "type": "Point", "coordinates": [ 572701.729830000083894, 2844974.717380000278354 ] } },
{ "type": "Feature", "properties": { "score": 0.1589 }, "geometry": { "type": "Point", "coordinates": [ 572713.729830000083894, 2845194.317380000371486 ] } },
{ "type": "Feature", "properties": { "score": 0.1589 }, "geometry": { "type": "Point", "coordinates": [ 572663.729830000083894, 2845135.51738 ] } },
{ "type": "Feature", "properties": { "score": 0.1589 }, "geometry": { "type": "Point", "coordinates": [ 572621.529830000014044, 2844946.717380000278354 ] } },
{ "type": "Feature", "properties": { "score": 0.1589 }, "geometry": { "type": "Point", "coordinates": [ 572700.12983, 2844950.717380000278354 ] } },
{ "type": "Feature", "properties": { "score": 0.1589 }, "geometry": { "type": "Point", "coordinates": [ 572592.529830000014044, 2845249.51738 ] } },
{ "type": "Feature", "properties": { "score": 0.1589 }, "geometry": { "type": "Point", "coordinates": [ 572894.32983000006061, 2845231.917380000464618 ] } },
{ "type": "Feature", "properties": { "score": 0.1589 }, "geometry": { "type": "Point", "coordinates": [ 572682.729830000083894, 2844995.117380000185221 ] } },
{ "type": "Feature", "properties": { "score": 0.1588 }, "geometry": { "type": "Point", "coordinates": [ 572894.32983000006061, 2845034.717380000278354 ] } },
{ "type": "Feature", "properties": { "score": 0.1588 }, "geometry": { "type": "Point", "coordinates": [ 572733.12983, 2845310.717380000278354 ] } },
{ "type": "Feature", "properties": { "score": 0.1588 }, "geometry": { "type": "Point", "coordinates": [ 572678.32983000006061, 2844834.717380000278354 ] } },
{ "type": "Feature", "properties": { "score": 0.1588 }, "geometry": { "type": "Point", "coordinates": [ 572537.529830000014044, 2844790.917380000464618 ] } },
{ "type": "Feature", "properties": { "score": 0.1587 }, "geometry": { "type": "Point", "coordinates": [ 572628.729830000083894, 2845190.317380000371486 ] } },
{ "type": "Feature", "properties": { "score": 0.1587 }, "geometry": { "type": "Point", "coordinates": [ 572608.12983, 2845166.51738 ] } },
{ "type": "Feature", "properties": { "score": 0.1587 }, "geometry": { "type": "Point", "coordinates": [ 573064.32983000006061, 2844681.51738 ] } },
{ "type": "Feature", "properties": { "score": 0.1587 }, "geometry": { "type": "Point", "coordinates": [ 572484.12983, 2844680.117380000185221 ] } },
{ "type": "Feature", "properties": { "score": 0.1587 }, "geometry": { "type": "Point", "coordinates": [ 572664.529830000014044, 2844901.51738 ] } },
{ "type": "Feature", "properties": { "score": 0.1587 }, "geometry": { "type": "Point", "coordinates": [ 572699.929830000037327, 2844913.917380000464618 ] } },
{ "type": "Feature", "properties": { "score": 0.1587 }, "geometry": { "type": "Point", "coordinates": [ 572750.529830000014044, 2844673.51738 ] } },
{ "type": "Feature", "properties": { "score": 0.1586 }, "geometry": { "type": "Point", "coordinates": [ 572744.729830000083894, 2844850.117380000185221 ] } },
{ "type": "Feature", "properties": { "score": 0.1586 }, "geometry": { "type": "Point", "coordinates": [ 572723.929830000037327, 2845325.117380000185221 ] } },
{ "type": "Feature", "properties": { "score": 0.1585 }, "geometry": { "type": "Point", "coordinates": [ 572528.12983, 2845211.317380000371486 ] } },
{ "type": "Feature", "properties": { "score": 0.1585 }, "geometry": { "type": "Point", "coordinates": [ 572554.12983, 2845374.317380000371486 ] } },
{ "type": "Feature", "properties": { "score": 0.1585 }, "geometry": { "type": "Point", "coordinates": [ 572788.529830000014044, 2844972.717380000278354 ] } },
{ "type": "Feature", "properties": { "score": 0.1585 }, "geometry": { "type": "Point", "coordinates": [ 572534.12983, 2845148.717380000278354 ] } },
{ "type": "Feature", "properties": { "score": 0.1585 }, "geometry": { "type": "Point", "coordinates": [ 572846.12983, 2844713.51738 ] } },
{ "type": "Feature", "properties": { "score": 0.1585 }, "geometry": { "type": "Point", "coordinates": [ 572497.929830000037327, 2845366.117380000185221 ] } },
{ "type": "Feature", "properties": { "score": 0.1584 }, "geometry": { "type": "Point", "coordinates": [ 572757.12983, 2844862.717380000278354 ] } },
{ "type": "Feature", "properties": { "score": 0.1584 }, "geometry": { "type": "Point", "coordinates": [ 573015.729829999967478, 2845030.51738 ] } },
{ "type": "Feature", "properties": { "score": 0.1583 }, "geometry": { "type": "Point", "coordinates": [ 572856.729830000083894, 2844938.917380000464618 ] } },
{ "type": "Feature", "properties": { "score": 0.1583 }, "geometry": { "type": "Point", "coordinates": [ 572620.529830000014044, 2844891.51738 ] } },
{ "type": "Feature", "properties": { "score": 0.1583 }, "geometry": { "type": "Point", "coordinates": [ 573054.929830000037327, 2844985.117380000185221 ] } },
{ "type": "Feature", "properties": { "score": 0.1583 }, "geometry": { "type": "Point", "coordinates": [ 572533.529830000014044, 2845348.117380000185221 ] } },
{ "type": "Feature", "properties": { "score": 0.1582 }, "geometry": { "type": "Point", "coordinates": [ 572832.929830000037327, 2845086.317380000371486 ] } },
{ "type": "Feature", "properties": { "score": 0.1582 }, "geometry": { "type": "Point", "coordinates": [ 572660.929830000037327, 2845316.117380000185221 ] } },
{ "type": "Feature", "properties": { "score": 0.1582 }, "geometry": { "type": "Point", "coordinates": [ 572761.12983, 2844758.717380000278354 ] } },
{ "type": "Feature", "properties": { "score": 0.1581 }, "geometry": { "type": "Point", "coordinates": [ 572625.32983000006061, 2844891.717380000278354 ] } },
{ "type": "Feature", "properties": { "score": 0.1581 }, "geometry": { "type": "Point", "coordinates": [ 572757.529830000014044, 2844800.717380000278354 ] } },
{ "type": "Feature", "properties": { "score": 0.1581 }, "geometry": { "type": "Point", "coordinates": [ 572664.729830000083894, 2845117.51738 ] } },
{ "type": "Feature", "properties": { "score": 0.1581 }, "geometry": { "type": "Point", "coordinates": [ 572729.729830000083894, 2845315.717380000278354 ] } },
{ "type": "Feature", "properties": { "score": 0.1581 }, "geometry": { "type": "Point", "coordinates": [ 572544.729830000083894, 2845136.717380000278354 ] } },
{ "type": "Feature", "properties": { "score": 0.158 }, "geometry": { "type": "Point", "coordinates": [ 572870.12983, 2845199.51738 ] } },
{ "type": "Feature", "properties": { "score": 0.158 }, "geometry": { "type": "Point", "coordinates": [ 572632.729830000083894, 2844815.317380000371486 ] } },
{ "type": "Feature", "properties": { "score": 0.158 }, "geometry": { "type": "Point", "coordinates": [ 572534.32983000006061, 2845080.117380000185221 ] } },
{ "type": "Feature", "properties": { "score": 0.158 }, "geometry": { "type": "Point", "coordinates": [ 572799.12983, 2844946.917380000464618 ] } },
{ "type": "Feature", "properties": { "score": 0.1579 }, "geometry": { "type": "Point", "coordinates": [ 572537.32983000006061, 2845092.317380000371486 ] } },
{ "type": "Feature", "properties": { "score": 0.1579 }, "geometry": { "type": "Point", "coordinates": [ 572670.32983000006061, 2845361.51738 ] } },
{ "type": "Feature", "properties": { "score": 0.1578 }, "geometry": { "type": "Point", "coordinates": [ 572786.32983000006061, 2844922.717380000278354 ] } },
{ "type": "Feature", "properties": { "score": 0.1578 }, "geometry": { "type": "Point", "coordinates": [ 572749.12983, 2844821.317380000371486 ] } },
{ "type": "Feature", "properties": { "score": 0.1578 }, "geometry": { "type": "Point", "coordinates": [ 572846.12983, 2845279.917380000464618 ] } },
{ "type": "Feature", "properties": { "score": 0.1578 }, "geometry": { "type": "Point", "coordinates": [ 572688.729830000083894, 2844697.717380000278354 ] } },
{ "type": "Feature", "properties": { "score": 0.1577 }, "geometry": { "type": "Point", "coordinates": [ 572657.12983, 2845200.51738 ] } },
{ "type": "Feature", "properties": { "score": 0.1577 }, "geometry": { "type": "Point", "coordinates": [ 572679.12983, 2844768.917380000464618 ] } },
{ "type": "Feature", "properties": { "score": 0.1576 }, "geometry": { "type": "Point", "coordinates": [ 572853.529830000014044, 2845221.51738 ] } },
{ "type": "Feature", "properties": { "score": 0.1575 }, "geometry": { "type": "Point", "coordinates": [ 572700.729830000083894, 2845004.317380000371486 ] } },
{ "type": "Feature", "properties": { "score": 0.1575 }, "geometry": { "type": "Point", "coordinates": [ 572865.529830000014044, 2844911.717380000278354 ] } },
{ "type": "Feature", "properties": { "score": 0.1575 }, "geometry": { "type": "Point", "coordinates": [ 572881.529830000014044, 2844918.917380000464618 ] } },
{ "type": "Feature", "properties": { "score": 0.1574 }, "geometry": { "type": "Point", "coordinates": [ 572700.529830000014044, 2845008.717380000278354 ] } },
{ "type": "Feature", "properties": { "score": 0.1574 }, "geometry": { "type": "Point", "coordinates": [ 572639.32983000006061, 2844906.317380000371486 ] } },
{ "type": "Feature", "properties": { "score": 0.1574 }, "geometry": { "type": "Point", "coordinates": [ 572683.929830000037327, 2844955.51738 ] } },
{ "type": "Feature", "properties": { "score": 0.1574 }, "geometry": { "type": "Point", "coordinates": [ 572779.529830000014044, 2845156.317380000371486 ] } },
{ "type": "Feature", "properties": { "score": 0.1574 }, "geometry": { "type": "Point", "coordinates": [ 572875.529830000014044, 2845276.717380000278354 ] } },
{ "type": "Feature", "properties": { "score": 0.1573 }, "geometry": { "type": "Point", "coordinates": [ 572866.929830000037327, 2844714.117380000185221 ] } },
{ "type": "Feature", "properties": { "score": 0.1573 }, "geometry": { "type": "Point", "coordinates": [ 572696.529830000014044, 2844899.117380000185221 ] } },
{ "type": "Feature", "properties": { "score": 0.1572 }, "geometry": { "type": "Point", "coordinates": [ 572787.729830000083894, 2844724.51738 ] } },
{ "type": "Feature", "properties": { "score": 0.1572 }, "geometry": { "type": "Point", "coordinates": [ 572754.32983000006061, 2844777.117380000185221 ] } },
{ "type": "Feature", "properties": { "score": 0.1571 }, "geometry": { "type": "Point", "coordinates": [ 572489.12983, 2844773.51738 ] } },
{ "type": "Feature", "properties": { "score": 0.1571 }, "geometry": { "type": "Point", "coordinates": [ 572620.529830000014044, 2844983.51738 ] } },
{ "type": "Feature", "properties": { "score": 0.1571 }, "geometry": { "type": "Point", "coordinates": [ 572801.529830000014044, 2844872.717380000278354 ] } },
{ "type": "Feature", "properties": { "score": 0.1571 }, "geometry": { "type": "Point", "coordinates": [ 572582.32983000006061, 2844844.317380000371486 ] } },
{ "type": "Feature", "properties": { "score": 0.157 }, "geometry": { "type": "Point", "coordinates": [ 572581.32983000006061, 2844751.317380000371486 ] } },
{ "type": "Feature", "properties": { "score": 0.157 }, "geometry": { "type": "Point", "coordinates": [ 572714.529830000014044, 2844818.51738 ] } },
{ "type": "Feature", "properties": { "score": 0.157 }, "geometry": { "type": "Point", "coordinates": [ 572996.729829999967478, 2844809.317380000371486 ] } },
{ "type": "Feature", "properties": { "score": 0.1569 }, "geometry": { "type": "Point", "coordinates": [ 572645.529830000014044, 2844840.917380000464618 ] } },
{ "type": "Feature", "properties": { "score": 0.1569 }, "geometry": { "type": "Point", "coordinates": [ 572786.32983000006061, 2844955.117380000185221 ] } },
{ "type": "Feature", "properties": { "score": 0.1569 }, "geometry": { "type": "Point", "coordinates": [ 572796.529830000014044, 2844675.317380000371486 ] } },
{ "type": "Feature", "properties": { "score": 0.1568 }, "geometry": { "type": "Point", "coordinates": [ 572721.32983000006061, 2845328.117380000185221 ] } },
{ "type": "Feature", "properties": { "score": 0.1568 }, "geometry": { "type": "Point", "coordinates": [ 572635.529830000014044, 2844763.317380000371486 ] } },
{ "type": "Feature", "properties": { "score": 0.1567 }, "geometry": { "type": "Point", "coordinates": [ 572745.32983000006061, 2845056.917380000464618 ] } },
{ "type": "Feature", "properties": { "score": 0.1567 }, "geometry": { "type": "Point", "coordinates": [ 572564.32983000006061, 2845022.917380000464618 ] } },
{ "type": "Feature", "properties": { "score": 0.1567 }, "geometry": { "type": "Point", "coordinates": [ 572603.929830000037327, 2845057.717380000278354 ] } },
{ "type": "Feature", "properties": { "score": 0.1567 }, "geometry": { "type": "Point", "coordinates": [ 572702.529830000014044, 2845010.917380000464618 ] } },
{ "type": "Feature", "properties": { "score": 0.1566 }, "geometry": { "type": "Point", "coordinates": [ 572561.12983, 2845306.717380000278354 ] } },
{ "type": "Feature", "properties": { "score": 0.1566 }, "geometry": { "type": "Point", "coordinates": [ 572776.929830000037327, 2845361.317380000371486 ] } },
{ "type": "Feature", "properties": { "score": 0.1566 }, "geometry": { "type": "Point", "coordinates": [ 572919.729829999967478, 2845205.51738 ] } },
{ "type": "Feature", "properties": { "score": 0.1566 }, "geometry": { "type": "Point", "coordinates": [ 573014.12983, 2845138.117380000185221 ] } },
{ "type": "Feature", "properties": { "score": 0.1565 }, "geometry": { "type": "Point", "coordinates": [ 572809.32983000006061, 2844674.917380000464618 ] } },
{ "type": "Feature", "properties": { "score": 0.1565 }, "geometry": { "type": "Point", "coordinates": [ 572548.32983000006061, 2844890.917380000464618 ] } },
{ "type": "Feature", "properties": { "score": 0.1565 }, "geometry": { "type": "Point", "coordinates": [ 572566.32983000006061, 2844996.917380000464618 ] } },
{ "type": "Feature", "properties": { "score": 0.1563 }, "geometry": { "type": "Point", "coordinates": [ 572756.12983, 2844684.117380000185221 ] } },
{ "type": "Feature", "properties": { "score": 0.1563 }, "geometry": { "type": "Point", "coordinates": [ 572894.529830000014044, 2844694.317380000371486 ] } },
{ "type": "Feature", "properties": { "score": 0.1563 }, "geometry": { "type": "Point", "coordinates": [ 572488.729830000083894, 2845387.917380000464618 ] } },
{ "type": "Feature", "properties": { "score": 0.1563 }, "geometry": { "type": "Point", "coordinates": [ 572641.12983, 2844876.917380000464618 ] } },
{ "type": "Feature", "properties": { "score": 0.1562 }, "geometry": { "type": "Point", "coordinates": [ 572579.12983, 2845121.51738 ] } },
{ "type": "Feature", "properties": { "score": 0.1562 }, "geometry": { "type": "Point", "coordinates": [ 572644.729830000083894, 2844762.51738 ] } },
{ "type": "Feature", "properties": { "score": 0.1562 }, "geometry": { "type": "Point", "coordinates": [ 572735.729830000083894, 2845168.717380000278354 ] } },
{ "type": "Feature", "properties": { "score": 0.1562 }, "geometry": { "type": "Point", "coordinates": [ 572666.32983000006061, 2845241.117380000185221 ] } },
{ "type": "Feature", "properties": { "score": 0.1562 }, "geometry": { "type": "Point", "coordinates": [ 573035.929830000037327, 2844930.917380000464618 ] } },
{ "type": "Feature", "properties": { "score": 0.1561 }, "geometry": { "type": "Point", "coordinates": [ 572730.929830000037327, 2844681.717380000278354 ] } },
{ "type": "Feature", "properties": { "score": 0.1561 }, "geometry": { "type": "Point", "coordinates": [ 572881.12983, 2844702.117380000185221 ] } },
{ "type": "Feature", "properties": { "score": 0.1561 }, "geometry": { "type": "Point", "coordinates": [ 573030.529830000014044, 2845074.317380000371486 ] } },
{ "type": "Feature", "properties": { "score": 0.1559 }, "geometry": { "type": "Point", "coordinates": [ 572736.929830000037327, 2845306.717380000278354 ] } },
{ "type": "Feature", "properties": { "score": 0.1559 }, "geometry": { "type": "Point", "coordinates": [ 572608.32983000006061, 2845061.117380000185221 ] } },
{ "type": "Feature", "properties": { "score": 0.1559 }, "geometry": { "type": "Point", "coordinates": [ 572522.32983000006061, 2845347.717380000278354 ] } },
{ "type": "Feature", "properties": { "score": 0.1559 }, "geometry": { "type": "Point", "coordinates": [ 572518.32983000006061, 2845169.117380000185221 ] } },
{ "type": "Feature", "properties": { "score": 0.1559 }, "geometry": { "type": "Point", "coordinates": [ 572706.32983000006061, 2845135.717380000278354 ] } },
{ "type": "Feature", "properties": { "score": 0.1558 }, "geometry": { "type": "Point", "coordinates": [ 572522.32983000006061, 2845216.917380000464618 ] } },
{ "type": "Feature", "properties": { "score": 0.1558 }, "geometry": { "type": "Point", "coordinates": [ 573026.32983000006061, 2844682.717380000278354 ] } },
{ "type": "Feature", "properties": { "score": 0.1557 }, "geometry": { "type": "Point", "coordinates": [ 572634.929830000037327, 2844720.117380000185221 ] } },
{ "type": "Feature", "properties": { "score": 0.1557 }, "geometry": { "type": "Point", "coordinates": [ 572670.12983, 2845296.117380000185221 ] } },
{ "type": "Feature", "properties": { "score": 0.1556 }, "geometry": { "type": "Point", "coordinates": [ 572619.12983, 2845277.717380000278354 ] } },
{ "type": "Feature", "properties": { "score": 0.1556 }, "geometry": { "type": "Point", "coordinates": [ 572498.12983, 2844697.117380000185221 ] } },
{ "type": "Feature", "properties": { "score": 0.1556 }, "geometry": { "type": "Point", "coordinates": [ 572529.529830000014044, 2845074.51738 ] } },
{ "type": "Feature", "properties": { "score": 0.1556 }, "geometry": { "type": "Point", "coordinates": [ 572598.529830000014044, 2845071.917380000464618 ] } },
{ "type": "Feature", "properties": { "score": 0.1556 }, "geometry": { "type": "Point", "coordinates": [ 572873.12983, 2844766.917380000464618 ] } },
{ "type": "Feature", "properties": { "score": 0.1555 }, "geometry": { "type": "Point", "coordinates": [ 572761.32983000006061, 2844716.317380000371486 ] } },
{ "type": "Feature", "properties": { "score": 0.1555 }, "geometry": { "type": "Point", "coordinates": [ 572703.729830000083894, 2845161.317380000371486 ] } },
{ "type": "Feature", "properties": { "score": 0.1554 }, "geometry": { "type": "Point", "coordinates": [ 572661.729830000083894, 2844828.717380000278354 ] } },
{ "type": "Feature", "properties": { "score": 0.1552 }, "geometry": { "type": "Point", "coordinates": [ 572723.929830000037327, 2844647.317380000371486 ] } },
{ "type": "Feature", "properties": { "score": 0.1551 }, "geometry": { "type": "Point", "coordinates": [ 572717.929830000037327, 2845305.117380000185221 ] } },
{ "type": "Feature", "properties": { "score": 0.1551 }, "geometry": { "type": "Point", "coordinates": [ 572607.32983000006061, 2845321.317380000371486 ] } },
{ "type": "Feature", "properties": { "score": 0.155 }, "geometry": { "type": "Point", "coordinates": [ 572568.929830000037327, 2845255.717380000278354 ] } },
{ "type": "Feature", "properties": { "score": 0.155 }, "geometry": { "type": "Point", "coordinates": [ 572651.929830000037327, 2844704.317380000371486 ] } },
{ "type": "Feature", "properties": { "score": 0.155 }, "geometry": { "type": "Point", "coordinates": [ 572529.12983, 2845278.117380000185221 ] } },
{ "type": "Feature", "properties": { "score": 0.155 }, "geometry": { "type": "Point", "coordinates": [ 573064.32983000006061, 2844993.117380000185221 ] } },
{ "type": "Feature", "properties": { "score": 0.155 }, "geometry": { "type": "Point", "coordinates": [ 572878.12983, 2845022.917380000464618 ] } },
{ "type": "Feature", "properties": { "score": 0.155 }, "geometry": { "type": "Point", "coordinates": [ 573036.529830000014044, 2845037.117380000185221 ] } },
{ "type": "Feature", "properties": { "score": 0.155 }, "geometry": { "type": "Point", "coordinates": [ 572534.32983000006061, 2845216.117380000185221 ] } },
{ "type": "Feature", "properties": { "score": 0.155 }, "geometry": { "type": "Point", "coordinates": [ 572616.32983000006061, 2844834.317380000371486 ] } },
{ "type": "Feature", "properties": { "score": 0.1549 }, "geometry": { "type": "Point", "coordinates": [ 573022.729829999967478, 2844790.51738 ] } },
{ "type": "Feature", "properties": { "score": 0.1549 }, "geometry": { "type": "Point", "coordinates": [ 572846.32983000006061, 2845219.917380000464618 ] } },
{ "type": "Feature", "properties": { "score": 0.1549 }, "geometry": { "type": "Point", "coordinates": [ 572687.12983, 2844682.117380000185221 ] } },
{ "type": "Feature", "properties": { "score": 0.1549 }, "geometry": { "type": "Point", "coordinates": [ 572654.32983000006061, 2845022.917380000464618 ] } },
{ "type": "Feature", "properties": { "score": 0.1549 }, "geometry": { "type": "Point", "coordinates": [ 572865.32983000006061, 2844660.717380000278354 ] } },
{ "type": "Feature", "properties": { "score": 0.1549 }, "geometry": { "type": "Point", "coordinates": [ 572534.929830000037327, 2845126.917380000464618 ] } },
{ "type": "Feature", "properties": { "score": 0.1548 }, "geometry": { "type": "Point", "coordinates": [ 572643.32983000006061, 2845355.317380000371486 ] } },
{ "type": "Feature", "properties": { "score": 0.1548 }, "geometry": { "type": "Point", "coordinates": [ 572508.729830000083894, 2844710.117380000185221 ] } },
{ "type": "Feature", "properties": { "score": 0.1548 }, "geometry": { "type": "Point", "coordinates": [ 573049.929830000037327, 2844751.117380000185221 ] } },
{ "type": "Feature", "properties": { "score": 0.1548 }, "geometry": { "type": "Point", "coordinates": [ 572604.32983000006061, 2845086.51738 ] } },
{ "type": "Feature", "properties": { "score": 0.1547 }, "geometry": { "type": "Point", "coordinates": [ 572495.32983000006061, 2844964.117380000185221 ] } },
{ "type": "Feature", "properties": { "score": 0.1547 }, "geometry": { "type": "Point", "coordinates": [ 573016.529830000014044, 2844811.117380000185221 ] } },
{ "type": "Feature", "properties": { "score": 0.1547 }, "geometry": { "type": "Point", "coordinates": [ 572756.929830000037327, 2845149.117380000185221 ] } },
{ "type": "Feature", "properties": { "score": 0.1547 }, "geometry": { "type": "Point", "coordinates": [ 572798.32983000006061, 2845165.117380000185221 ] } },
{ "type": "Feature", "properties": { "score": 0.1546 }, "geometry": { "type": "Point", "coordinates": [ 572754.929830000037327, 2844859.917380000464618 ] } },
{ "type": "Feature", "properties": { "score": 0.1545 }, "geometry": { "type": "Point", "coordinates": [ 572735.32983000006061, 2844743.117380000185221 ] } },
{ "type": "Feature", "properties": { "score": 0.1545 }, "geometry": { "type": "Point", "coordinates": [ 572502.12983, 2845280.51738 ] } },
{ "type": "Feature", "properties": { "score": 0.1544 }, "geometry": { "type": "Point", "coordinates": [ 572702.12983, 2844824.317380000371486 ] } },
{ "type": "Feature", "properties": { "score": 0.1544 }, "geometry": { "type": "Point", "coordinates": [ 572580.929830000037327, 2845061.917380000464618 ] } },
{ "type": "Feature", "properties": { "score": 0.1544 }, "geometry": { "type": "Point", "coordinates": [ 572847.929830000037327, 2845051.917380000464618 ] } },
{ "type": "Feature", "properties": { "score": 0.1544 }, "geometry": { "type": "Point", "coordinates": [ 572488.529830000014044, 2845363.317380000371486 ] } },
{ "type": "Feature", "properties": { "score": 0.1544 }, "geometry": { "type": "Point", "coordinates": [ 572959.529830000014044, 2845062.117380000185221 ] } },
{ "type": "Feature", "properties": { "score": 0.1544 }, "geometry": { "type": "Point", "coordinates": [ 573064.729829999967478, 2844712.717380000278354 ] } },
{ "type": "Feature", "properties": { "score": 0.1542 }, "geometry": { "type": "Point", "coordinates": [ 572791.529830000014044, 2844922.51738 ] } },
{ "type": "Feature", "properties": { "score": 0.1542 }, "geometry": { "type": "Point", "coordinates": [ 573047.929830000037327, 2845040.117380000185221 ] } },
{ "type": "Feature", "properties": { "score": 0.1542 }, "geometry": { "type": "Point", "coordinates": [ 572644.929830000037327, 2844916.117380000185221 ] } },
{ "type": "Feature", "properties": { "score": 0.1542 }, "geometry": { "type": "Point", "coordinates": [ 572620.32983000006061, 2845232.117380000185221 ] } },
{ "type": "Feature", "properties": { "score": 0.1541 }, "geometry": { "type": "Point", "coordinates": [ 572953.12983, 2844663.717380000278354 ] } },
{ "type": "Feature", "properties": { "score": 0.1541 }, "geometry": { "type": "Point", "coordinates": [ 572702.729830000083894, 2845167.117380000185221 ] } },
{ "type": "Feature", "properties": { "score": 0.1539 }, "geometry": { "type": "Point", "coordinates": [ 572528.929830000037327, 2845340.317380000371486 ] } },
{ "type": "Feature", "properties": { "score": 0.1538 }, "geometry": { "type": "Point", "coordinates": [ 572803.929830000037327, 2845115.51738 ] } },
{ "type": "Feature", "properties": { "score": 0.1537 }, "geometry": { "type": "Point", "coordinates": [ 572888.529830000014044, 2845147.51738 ] } },
{ "type": "Feature", "properties": { "score": 0.1536 }, "geometry": { "type": "Point", "coordinates": [ 572484.929830000037327, 2844714.51738 ] } },
{ "type": "Feature", "properties": { "score": 0.1536 }, "geometry": { "type": "Point", "coordinates": [ 573020.729829999967478, 2845091.917380000464618 ] } },
{ "type": "Feature", "properties": { "score": 0.1535 }, "geometry": { "type": "Point", "coordinates": [ 572719.32983000006061, 2844690.51738 ] } },
{ "type": "Feature", "properties": { "score": 0.1535 }, "geometry": { "type": "Point", "coordinates": [ 572750.529830000014044, 2845172.317380000371486 ] } },
{ "type": "Feature", "properties": { "score": 0.1534 }, "geometry": { "type": "Point", "coordinates": [ 572753.729830000083894, 2845078.317380000371486 ] } },
{ "type": "Feature", "properties": { "score": 0.1534 }, "geometry": { "type": "Point", "coordinates": [ 572836.529830000014044, 2845246.117380000185221 ] } },
{ "type": "Feature", "properties": { "score": 0.1534 }, "geometry": { "type": "Point", "coordinates": [ 572525.529830000014044, 2845084.317380000371486 ] } },
{ "type": "Feature", "properties": { "score": 0.1534 }, "geometry": { "type": "Point", "coordinates": [ 572620.729830000083894, 2844774.51738 ] } },
{ "type": "Feature", "properties": { "score": 0.1534 }, "geometry": { "type": "Point", "coordinates": [ 572642.729830000083894, 2844760.917380000464618 ] } },
{ "type": "Feature", "properties": { "score": 0.1533 }, "geometry": { "type": "Point", "coordinates": [ 572519.729830000083894, 2844800.917380000464618 ] } },
{ "type": "Feature", "properties": { "score": 0.1533 }, "geometry": { "type": "Point", "coordinates": [ 572856.32983000006061, 2845250.51738 ] } },
{ "type": "Feature", "properties": { "score": 0.1532 }, "geometry": { "type": "Point", "coordinates": [ 572678.32983000006061, 2845004.317380000371486 ] } },
{ "type": "Feature", "properties": { "score": 0.1532 }, "geometry": { "type": "Point", "coordinates": [ 572738.729830000083894, 2844821.717380000278354 ] } },
{ "type": "Feature", "properties": { "score": 0.1531 }, "geometry": { "type": "Point", "coordinates": [ 572904.729829999967478, 2844830.317380000371486 ] } },
{ "type": "Feature", "properties": { "score": 0.1531 }, "geometry": { "type": "Point", "coordinates": [ 572759.929830000037327, 2844799.117380000185221 ] } },
{ "type": "Feature", "properties": { "score": 0.1531 }, "geometry": { "type": "Point", "coordinates": [ 572505.12983, 2845009.117380000185221 ] } },
{ "type": "Feature", "properties": { "score": 0.153 }, "geometry": { "type": "Point", "coordinates": [ 572595.729830000083894, 2845071.117380000185221 ] } },
{ "type": "Feature", "properties": { "score": 0.153 }, "geometry": { "type": "Point", "coordinates": [ 572781.12983, 2844682.717380000278354 ] } },
{ "type": "Feature", "properties": { "score": 0.153 }, "geometry": { "type": "Point", "coordinates": [ 572505.729830000083894, 2844683.317380000371486 ] } },
{ "type": "Feature", "properties": { "score": 0.1529 }, "geometry": { "type": "Point", "coordinates": [ 572862.32983000006061, 2844937.51738 ] } },
{ "type": "Feature", "properties": { "score": 0.1529 }, "geometry": { "type": "Point", "coordinates": [ 572707.12983, 2845021.317380000371486 ] } },
{ "type": "Feature", "properties": { "score": 0.1529 }, "geometry": { "type": "Point", "coordinates": [ 572900.32983000006061, 2845111.51738 ] } },
{ "type": "Feature", "properties": { "score": 0.1528 }, "geometry": { "type": "Point", "coordinates": [ 572535.729830000083894, 2844944.717380000278354 ] } },
{ "type": "Feature", "properties": { "score": 0.1528 }, "geometry": { "type": "Point", "coordinates": [ 573023.12983, 2845120.317380000371486 ] } },
{ "type": "Feature", "properties": { "score": 0.1528 }, "geometry": { "type": "Point", "coordinates": [ 572570.12983, 2844945.117380000185221 ] } },
{ "type": "Feature", "properties": { "score": 0.1528 }, "geometry": { "type": "Point", "coordinates": [ 572750.32983000006061, 2845050.117380000185221 ] } },
{ "type": "Feature", "properties": { "score": 0.1527 }, "geometry": { "type": "Point", "coordinates": [ 572602.12983, 2845028.717380000278354 ] } },
{ "type": "Feature", "properties": { "score": 0.1527 }, "geometry": { "type": "Point", "coordinates": [ 572561.729830000083894, 2844660.117380000185221 ] } },
{ "type": "Feature", "properties": { "score": 0.1527 }, "geometry": { "type": "Point", "coordinates": [ 572629.729830000083894, 2845380.917380000464618 ] } },
{ "type": "Feature", "properties": { "score": 0.1527 }, "geometry": { "type": "Point", "coordinates": [ 573068.929830000037327, 2844716.317380000371486 ] } },
{ "type": "Feature", "properties": { "score": 0.1526 }, "geometry": { "type": "Point", "coordinates": [ 572825.12983, 2845239.51738 ] } },
{ "type": "Feature", "properties": { "score": 0.1526 }, "geometry": { "type": "Point", "coordinates": [ 572668.12983, 2844755.717380000278354 ] } },
{ "type": "Feature", "properties": { "score": 0.1526 }, "geometry": { "type": "Point", "coordinates": [ 572665.929830000037327, 2845360.51738 ] } },
{ "type": "Feature", "properties": { "score": 0.1526 }, "geometry": { "type": "Point", "coordinates": [ 572942.929830000037327, 2845206.51738 ] } },
{ "type": "Feature", "properties": { "score": 0.1526 }, "geometry": { "type": "Point", "coordinates": [ 572562.12983, 2845351.317380000371486 ] } },
{ "type": "Feature", "properties": { "score": 0.1526 }, "geometry": { "type": "Point", "coordinates": [ 572582.929830000037327, 2845088.317380000371486 ] } },
{ "type": "Feature", "properties": { "score": 0.1525 }, "geometry": { "type": "Point", "coordinates": [ 572551.529830000014044, 2844672.917380000464618 ] } },
{ "type": "Feature", "properties": { "score": 0.1525 }, "geometry": { "type": "Point", "coordinates": [ 572760.529830000014044, 2845319.51738 ] } },
{ "type": "Feature", "properties": { "score": 0.1525 }, "geometry": { "type": "Point", "coordinates": [ 573014.12983, 2844976.117380000185221 ] } },
{ "type": "Feature", "properties": { "score": 0.1525 }, "geometry": { "type": "Point", "coordinates": [ 572561.529830000014044, 2845009.117380000185221 ] } },
{ "type": "Feature", "properties": { "score": 0.1524 }, "geometry": { "type": "Point", "coordinates": [ 572538.32983000006061, 2845313.51738 ] } },
{ "type": "Feature", "properties": { "score": 0.1524 }, "geometry": { "type": "Point", "coordinates": [ 572943.529830000014044, 2844996.717380000278354 ] } },
{ "type": "Feature", "properties": { "score": 0.1524 }, "geometry": { "type": "Point", "coordinates": [ 573034.529830000014044, 2844711.917380000464618 ] } },
{ "type": "Feature", "properties": { "score": 0.1523 }, "geometry": { "type": "Point", "coordinates": [ 572689.32983000006061, 2845345.117380000185221 ] } },
{ "type": "Feature", "properties": { "score": 0.1523 }, "geometry": { "type": "Point", "coordinates": [ 572536.729830000083894, 2845088.117380000185221 ] } },
{ "type": "Feature", "properties": { "score": 0.1523 }, "geometry": { "type": "Point", "coordinates": [ 572742.12983, 2844752.717380000278354 ] } },
{ "type": "Feature", "properties": { "score": 0.1522 }, "geometry": { "type": "Point", "coordinates": [ 572774.529830000014044, 2844904.917380000464618 ] } },
{ "type": "Feature", "properties": { "score": 0.1522 }, "geometry": { "type": "Point", "coordinates": [ 572592.32983000006061, 2845068.317380000371486 ] } },
{ "type": "Feature", "properties": { "score": 0.1522 }, "geometry": { "type": "Point", "coordinates": [ 572577.32983000006061, 2845072.717380000278354 ] } },
{ "type": "Feature", "properties": { "score": 0.1522 }, "geometry": { "type": "Point", "coordinates": [ 572709.929830000037327, 2845237.917380000464618 ] } },
{ "type": "Feature", "properties": { "score": 0.1522 }, "geometry": { "type": "Point", "coordinates": [ 572936.929830000037327, 2844758.117380000185221 ] } },
{ "type": "Feature", "properties": { "score": 0.1521 }, "geometry": { "type": "Point", "coordinates": [ 572740.929830000037327, 2845002.317380000371486 ] } },
{ "type": "Feature", "properties": { "score": 0.1521 }, "geometry": { "type": "Point", "coordinates": [ 572762.529830000014044, 2845111.917380000464618 ] } },
{ "type": "Feature", "properties": { "score": 0.1521 }, "geometry": { "type": "Point", "coordinates": [ 572839.32983000006061, 2845185.317380000371486 ] } },
{ "type": "Feature", "properties": { "score": 0.1521 }, "geometry": { "type": "Point", "coordinates": [ 572653.32983000006061, 2845259.51738 ] } },
{ "type": "Feature", "properties": { "score": 0.1521 }, "geometry": { "type": "Point", "coordinates": [ 572571.729830000083894, 2844896.51738 ] } },
{ "type": "Feature", "properties": { "score": 0.152 }, "geometry": { "type": "Point", "coordinates": [ 572783.12983, 2845213.117380000185221 ] } },
{ "type": "Feature", "properties": { "score": 0.1519 }, "geometry": { "type": "Point", "coordinates": [ 572892.32983000006061, 2845266.317380000371486 ] } },
{ "type": "Feature", "properties": { "score": 0.1519 }, "geometry": { "type": "Point", "coordinates": [ 572865.12983, 2845223.117380000185221 ] } },
{ "type": "Feature", "properties": { "score": 0.1519 }, "geometry": { "type": "Point", "coordinates": [ 572566.12983, 2845316.917380000464618 ] } },
{ "type": "Feature", "properties": { "score": 0.1519 }, "geometry": { "type": "Point", "coordinates": [ 572858.32983000006061, 2845245.317380000371486 ] } },
{ "type": "Feature", "properties": { "score": 0.1519 }, "geometry": { "type": "Point", "coordinates": [ 572894.729830000083894, 2845266.51738 ] } },
{ "type": "Feature", "properties": { "score": 0.1517 }, "geometry": { "type": "Point", "coordinates": [ 572841.729830000083894, 2845256.117380000185221 ] } },
{ "type": "Feature", "properties": { "score": 0.1517 }, "geometry": { "type": "Point", "coordinates": [ 572490.929830000037327, 2844989.51738 ] } },
{ "type": "Feature", "properties": { "score": 0.1517 }, "geometry": { "type": "Point", "coordinates": [ 572611.529830000014044, 2844676.717380000278354 ] } },
{ "type": "Feature", "properties": { "score": 0.1517 }, "geometry": { "type": "Point", "coordinates": [ 572756.529830000014044, 2845023.717380000278354 ] } },
{ "type": "Feature", "properties": { "score": 0.1516 }, "geometry": { "type": "Point", "coordinates": [ 572840.729830000083894, 2844844.717380000278354 ] } },
{ "type": "Feature", "properties": { "score": 0.1516 }, "geometry": { "type": "Point", "coordinates": [ 572528.729830000083894, 2845316.117380000185221 ] } },
{ "type": "Feature", "properties": { "score": 0.1516 }, "geometry": { "type": "Point", "coordinates": [ 572582.529830000014044, 2845113.917380000464618 ] } },
{ "type": "Feature", "properties": { "score": 0.1516 }, "geometry": { "type": "Point", "coordinates": [ 572930.12983, 2845035.717380000278354 ] } },
{ "type": "Feature", "properties": { "score": 0.1515 }, "geometry": { "type": "Point", "coordinates": [ 572577.12983, 2844942.317380000371486 ] } },
{ "type": "Feature", "properties": { "score": 0.1515 }, "geometry": { "type": "Point", "coordinates": [ 572900.729829999967478, 2845180.117380000185221 ] } },
{ "type": "Feature", "properties": { "score": 0.1514 }, "geometry": { "type": "Point", "coordinates": [ 572844.529830000014044, 2844666.117380000185221 ] } },
{ "type": "Feature", "properties": { "score": 0.1514 }, "geometry": { "type": "Point", "coordinates": [ 572755.32983000006061, 2844714.917380000464618 ] } },
{ "type": "Feature", "properties": { "score": 0.1514 }, "geometry": { "type": "Point", "coordinates": [ 572822.12983, 2845241.51738 ] } },
{ "type": "Feature", "properties": { "score": 0.1514 }, "geometry": { "type": "Point", "coordinates": [ 572797.32983000006061, 2845108.117380000185221 ] } },
{ "type": "Feature", "properties": { "score": 0.1513 }, "geometry": { "type": "Point", "coordinates": [ 572863.12983, 2844759.917380000464618 ] } },
{ "type": "Feature", "properties": { "score": 0.1513 }, "geometry": { "type": "Point", "coordinates": [ 573003.32983000006061, 2844810.317380000371486 ] } },
{ "type": "Feature", "properties": { "score": 0.1513 }, "geometry": { "type": "Point", "coordinates": [ 572895.12983, 2844794.317380000371486 ] } },
{ "type": "Feature", "properties": { "score": 0.1513 }, "geometry": { "type": "Point", "coordinates": [ 572839.12983, 2845193.917380000464618 ] } },
{ "type": "Feature", "properties": { "score": 0.1512 }, "geometry": { "type": "Point", "coordinates": [ 572567.529830000014044, 2844693.51738 ] } },
{ "type": "Feature", "properties": { "score": 0.1512 }, "geometry": { "type": "Point", "coordinates": [ 572674.529830000014044, 2844950.317380000371486 ] } },
{ "type": "Feature", "properties": { "score": 0.1512 }, "geometry": { "type": "Point", "coordinates": [ 572745.729830000083894, 2845074.317380000371486 ] } },
{ "type": "Feature", "properties": { "score": 0.1512 }, "geometry": { "type": "Point", "coordinates": [ 572624.529830000014044, 2845281.117380000185221 ] } },
{ "type": "Feature", "properties": { "score": 0.1512 }, "geometry": { "type": "Point", "coordinates": [ 573004.32983000006061, 2845061.51738 ] } },
{ "type": "Feature", "properties": { "score": 0.1512 }, "geometry": { "type": "Point", "coordinates": [ 572649.929830000037327, 2844830.717380000278354 ] } },
{ "type": "Feature", "properties": { "score": 0.1511 }, "geometry": { "type": "Point", "coordinates": [ 572662.729830000083894, 2845101.317380000371486 ] } },
{ "type": "Feature", "properties": { "score": 0.1511 }, "geometry": { "type": "Point", "coordinates": [ 572628.729830000083894, 2845194.51738 ] } },
{ "type": "Feature", "properties": { "score": 0.1511 }, "geometry": { "type": "Point", "coordinates": [ 572715.32983000006061, 2844838.717380000278354 ] } },
{ "type": "Feature", "properties": { "score": 0.1511 }, "geometry": { "type": "Point", "coordinates": [ 572484.929830000037327, 2844790.317380000371486 ] } },
{ "type": "Feature", "properties": { "score": 0.1511 }, "geometry": { "type": "Point", "coordinates": [ 572503.729830000083894, 2844962.317380000371486 ] } },
{ "type": "Feature", "properties": { "score": 0.1511 }, "geometry": { "type": "Point", "coordinates": [ 572880.729830000083894, 2845135.317380000371486 ] } },
{ "type": "Feature", "properties": { "score": 0.1511 }, "geometry": { "type": "Point", "coordinates": [ 572963.929830000037327, 2845105.717380000278354 ] } },
{ "type": "Feature", "properties": { "score": 0.1509 }, "geometry": { "type": "Point", "coordinates": [ 572588.32983000006061, 2844856.317380000371486 ] } },
{ "type": "Feature", "properties": { "score": 0.1509 }, "geometry": { "type": "Point", "coordinates": [ 572537.32983000006061, 2845266.317380000371486 ] } },
{ "type": "Feature", "properties": { "score": 0.1509 }, "geometry": { "type": "Point", "coordinates": [ 572858.12983, 2845259.117380000185221 ] } },
{ "type": "Feature", "properties": { "score": 0.1508 }, "geometry": { "type": "Point", "coordinates": [ 572837.12983, 2845134.717380000278354 ] } },
{ "type": "Feature", "properties": { "score": 0.1508 }, "geometry": { "type": "Point", "coordinates": [ 572751.529830000014044, 2845072.317380000371486 ] } },
{ "type": "Feature", "properties": { "score": 0.1508 }, "geometry": { "type": "Point", "coordinates": [ 572640.12983, 2845061.51738 ] } },
{ "type": "Feature", "properties": { "score": 0.1508 }, "geometry": { "type": "Point", "coordinates": [ 573056.32983000006061, 2845086.717380000278354 ] } },
{ "type": "Feature", "properties": { "score": 0.1507 }, "geometry": { "type": "Point", "coordinates": [ 572924.929830000037327, 2844847.117380000185221 ] } },
{ "type": "Feature", "properties": { "score": 0.1507 }, "geometry": { "type": "Point", "coordinates": [ 572990.32983000006061, 2844642.317380000371486 ] } },
{ "type": "Feature", "properties": { "score": 0.1506 }, "geometry": { "type": "Point", "coordinates": [ 572592.929830000037327, 2845180.917380000464618 ] } },
{ "type": "Feature", "properties": { "score": 0.1505 }, "geometry": { "type": "Point", "coordinates": [ 572738.32983000006061, 2845255.317380000371486 ] } },
{ "type": "Feature", "properties": { "score": 0.1505 }, "geometry": { "type": "Point", "coordinates": [ 572639.32983000006061, 2844909.717380000278354 ] } },
{ "type": "Feature", "properties": { "score": 0.1505 }, "geometry": { "type": "Point", "coordinates": [ 572779.12983, 2845050.917380000464618 ] } },
{ "type": "Feature", "properties": { "score": 0.1505 }, "geometry": { "type": "Point", "coordinates": [ 572537.729830000083894, 2845126.917380000464618 ] } },
{ "type": "Feature", "properties": { "score": 0.1505 }, "geometry": { "type": "Point", "coordinates": [ 572584.529830000014044, 2844789.717380000278354 ] } },
{ "type": "Feature", "properties": { "score": 0.1504 }, "geometry": { "type": "Point", "coordinates": [ 572605.929830000037327, 2844794.717380000278354 ] } },
{ "type": "Feature", "properties": { "score": 0.1504 }, "geometry": { "type": "Point", "coordinates": [ 572673.32983000006061, 2844750.717380000278354 ] } },
{ "type": "Feature", "properties": { "score": 0.1504 }, "geometry": { "type": "Point", "coordinates": [ 572618.529830000014044, 2844670.51738 ] } },
{ "type": "Feature", "properties": { "score": 0.1504 }, "geometry": { "type": "Point", "coordinates": [ 572846.12983, 2844702.51738 ] } },
{ "type": "Feature", "properties": { "score": 0.1503 }, "geometry": { "type": "Point", "coordinates": [ 572544.729830000083894, 2844856.917380000464618 ] } },
{ "type": "Feature", "properties": { "score": 0.1503 }, "geometry": { "type": "Point", "coordinates": [ 572539.529830000014044, 2844720.117380000185221 ] } },
{ "type": "Feature", "properties": { "score": 0.1502 }, "geometry": { "type": "Point", "coordinates": [ 572559.529830000014044, 2844748.717380000278354 ] } },
{ "type": "Feature", "properties": { "score": 0.1502 }, "geometry": { "type": "Point", "coordinates": [ 573037.929830000037327, 2844804.51738 ] } },
{ "type": "Feature", "properties": { "score": 0.1502 }, "geometry": { "type": "Point", "coordinates": [ 572904.529830000014044, 2845206.51738 ] } },
{ "type": "Feature", "properties": { "score": 0.1502 }, "geometry": { "type": "Point", "coordinates": [ 572990.32983000006061, 2844652.117380000185221 ] } },
{ "type": "Feature", "properties": { "score": 0.1502 }, "geometry": { "type": "Point", "coordinates": [ 573059.32983000006061, 2844988.717380000278354 ] } },
{ "type": "Feature", "properties": { "score": 0.1502 }, "geometry": { "type": "Point", "coordinates": [ 573057.12983, 2844677.117380000185221 ] } },
{ "type": "Feature", "properties": { "score": 0.1502 }, "geometry": { "type": "Point", "coordinates": [ 572780.729830000083894, 2845202.117380000185221 ] } },
{ "type": "Feature", "properties": { "score": 0.1501 }, "geometry": { "type": "Point", "coordinates": [ 572762.12983, 2844707.917380000464618 ] } },
{ "type": "Feature", "properties": { "score": 0.1501 }, "geometry": { "type": "Point", "coordinates": [ 572838.929830000037327, 2845033.117380000185221 ] } },
{ "type": "Feature", "properties": { "score": 0.15 }, "geometry": { "type": "Point", "coordinates": [ 572743.929830000037327, 2845005.51738 ] } },
{ "type": "Feature", "properties": { "score": 0.15 }, "geometry": { "type": "Point", "coordinates": [ 573037.729829999967478, 2845049.51738 ] } },
{ "type": "Feature", "properties": { "score": 0.15 }, "geometry": { "type": "Point", "coordinates": [ 572726.32983000006061, 2844984.917380000464618 ] } },
{ "type": "Feature", "properties": { "score": 0.1499 }, "geometry": { "type": "Point", "coordinates": [ 572740.729830000083894, 2845110.51738 ] } },
{ "type": "Feature", "properties": { "score": 0.1499 }, "geometry": { "type": "Point", "coordinates": [ 572679.929830000037327, 2845306.317380000371486 ] } },
{ "type": "Feature", "properties": { "score": 0.1499 }, "geometry": { "type": "Point", "coordinates": [ 573041.32983000006061, 2844807.51738 ] } },
{ "type": "Feature", "properties": { "score": 0.1499 }, "geometry": { "type": "Point", "coordinates": [ 572707.12983, 2845255.717380000278354 ] } },
{ "type": "Feature", "properties": { "score": 0.1498 }, "geometry": { "type": "Point", "coordinates": [ 572918.529830000014044, 2844844.917380000464618 ] } },
{ "type": "Feature", "properties": { "score": 0.1498 }, "geometry": { "type": "Point", "coordinates": [ 572575.729830000083894, 2844804.317380000371486 ] } },
{ "type": "Feature", "properties": { "score": 0.1497 }, "geometry": { "type": "Point", "coordinates": [ 572750.32983000006061, 2845078.717380000278354 ] } },
{ "type": "Feature", "properties": { "score": 0.1497 }, "geometry": { "type": "Point", "coordinates": [ 572704.32983000006061, 2844942.117380000185221 ] } },
{ "type": "Feature", "properties": { "score": 0.1496 }, "geometry": { "type": "Point", "coordinates": [ 572952.12983, 2844688.51738 ] } },
{ "type": "Feature", "properties": { "score": 0.1496 }, "geometry": { "type": "Point", "coordinates": [ 572720.12983, 2844973.117380000185221 ] } },
{ "type": "Feature", "properties": { "score": 0.1496 }, "geometry": { "type": "Point", "coordinates": [ 572677.729830000083894, 2845121.51738 ] } },
{ "type": "Feature", "properties": { "score": 0.1495 }, "geometry": { "type": "Point", "coordinates": [ 573056.729829999967478, 2845004.51738 ] } },
{ "type": "Feature", "properties": { "score": 0.1495 }, "geometry": { "type": "Point", "coordinates": [ 572852.529830000014044, 2845167.917380000464618 ] } },
{ "type": "Feature", "properties": { "score": 0.1495 }, "geometry": { "type": "Point", "coordinates": [ 572678.12983, 2844953.717380000278354 ] } },
{ "type": "Feature", "properties": { "score": 0.1495 }, "geometry": { "type": "Point", "coordinates": [ 572882.12983, 2845255.917380000464618 ] } },
{ "type": "Feature", "properties": { "score": 0.1494 }, "geometry": { "type": "Point", "coordinates": [ 572651.729830000083894, 2844893.917380000464618 ] } },
{ "type": "Feature", "properties": { "score": 0.1494 }, "geometry": { "type": "Point", "coordinates": [ 572573.729830000083894, 2845203.317380000371486 ] } },
{ "type": "Feature", "properties": { "score": 0.1494 }, "geometry": { "type": "Point", "coordinates": [ 572859.929830000037327, 2845290.317380000371486 ] } },
{ "type": "Feature", "properties": { "score": 0.1494 }, "geometry": { "type": "Point", "coordinates": [ 572840.529830000014044, 2845182.317380000371486 ] } },
{ "type": "Feature", "properties": { "score": 0.1493 }, "geometry": { "type": "Point", "coordinates": [ 572852.12983, 2844716.317380000371486 ] } },
{ "type": "Feature", "properties": { "score": 0.1493 }, "geometry": { "type": "Point", "coordinates": [ 572559.729830000083894, 2845103.117380000185221 ] } },
{ "type": "Feature", "properties": { "score": 0.1493 }, "geometry": { "type": "Point", "coordinates": [ 572490.529830000014044, 2844860.51738 ] } },
{ "type": "Feature", "properties": { "score": 0.1493 }, "geometry": { "type": "Point", "coordinates": [ 572662.529830000014044, 2844938.51738 ] } },
{ "type": "Feature", "properties": { "score": 0.1493 }, "geometry": { "type": "Point", "coordinates": [ 572576.529830000014044, 2844996.917380000464618 ] } },
{ "type": "Feature", "properties": { "score": 0.1493 }, "geometry": { "type": "Point", "coordinates": [ 572558.729830000083894, 2845338.717380000278354 ] } },
{ "type": "Feature", "properties": { "score": 0.1491 }, "geometry": { "type": "Point", "coordinates": [ 572580.929830000037327, 2845070.51738 ] } },
{ "type": "Feature", "properties": { "score": 0.1491 }, "geometry": { "type": "Point", "coordinates": [ 573026.32983000006061, 2845067.51738 ] } },
{ "type": "Feature", "properties": { "score": 0.1491 }, "geometry": { "type": "Point", "coordinates": [ 572668.12983, 2844946.317380000371486 ] } },
{ "type": "Feature", "properties": { "score": 0.149 }, "geometry": { "type": "Point", "coordinates": [ 572752.929830000037327, 2844771.51738 ] } },
{ "type": "Feature", "properties": { "score": 0.149 }, "geometry": { "type": "Point", "coordinates": [ 572581.32983000006061, 2844708.51738 ] } },
{ "type": "Feature", "properties": { "score": 0.149 }, "geometry": { "type": "Point", "coordinates": [ 572515.12983, 2845122.317380000371486 ] } },
{ "type": "Feature", "properties": { "score": 0.149 }, "geometry": { "type": "Point", "coordinates": [ 572882.12983, 2844854.317380000371486 ] } },
{ "type": "Feature", "properties": { "score": 0.1489 }, "geometry": { "type": "Point", "coordinates": [ 572574.729830000083894, 2845028.117380000185221 ] } },
{ "type": "Feature", "properties": { "score": 0.1489 }, "geometry": { "type": "Point", "coordinates": [ 572750.12983, 2845181.51738 ] } },
{ "type": "Feature", "properties": { "score": 0.1489 }, "geometry": { "type": "Point", "coordinates": [ 572601.12983, 2845172.51738 ] } },
{ "type": "Feature", "properties": { "score": 0.1489 }, "geometry": { "type": "Point", "coordinates": [ 572642.12983, 2844846.717380000278354 ] } },
{ "type": "Feature", "properties": { "score": 0.1488 }, "geometry": { "type": "Point", "coordinates": [ 572998.929830000037327, 2844767.717380000278354 ] } },
{ "type": "Feature", "properties": { "score": 0.1488 }, "geometry": { "type": "Point", "coordinates": [ 572787.929830000037327, 2844970.51738 ] } },
{ "type": "Feature", "properties": { "score": 0.1488 }, "geometry": { "type": "Point", "coordinates": [ 572751.12983, 2845012.717380000278354 ] } },
{ "type": "Feature", "properties": { "score": 0.1488 }, "geometry": { "type": "Point", "coordinates": [ 572828.12983, 2844846.317380000371486 ] } },
{ "type": "Feature", "properties": { "score": 0.1488 }, "geometry": { "type": "Point", "coordinates": [ 573015.929830000037327, 2844740.717380000278354 ] } },
{ "type": "Feature", "properties": { "score": 0.1488 }, "geometry": { "type": "Point", "coordinates": [ 572527.529830000014044, 2844830.717380000278354 ] } },
{ "type": "Feature", "properties": { "score": 0.1488 }, "geometry": { "type": "Point", "coordinates": [ 572988.32983000006061, 2845049.51738 ] } },
{ "type": "Feature", "properties": { "score": 0.1487 }, "geometry": { "type": "Point", "coordinates": [ 572496.32983000006061, 2844966.51738 ] } },
{ "type": "Feature", "properties": { "score": 0.1487 }, "geometry": { "type": "Point", "coordinates": [ 572984.729829999967478, 2845169.917380000464618 ] } },
{ "type": "Feature", "properties": { "score": 0.1487 }, "geometry": { "type": "Point", "coordinates": [ 572781.729830000083894, 2844678.317380000371486 ] } },
{ "type": "Feature", "properties": { "score": 0.1487 }, "geometry": { "type": "Point", "coordinates": [ 572559.12983, 2845335.117380000185221 ] } },
{ "type": "Feature", "properties": { "score": 0.1486 }, "geometry": { "type": "Point", "coordinates": [ 572632.729830000083894, 2845195.917380000464618 ] } },
{ "type": "Feature", "properties": { "score": 0.1486 }, "geometry": { "type": "Point", "coordinates": [ 572785.32983000006061, 2844984.117380000185221 ] } },
{ "type": "Feature", "properties": { "score": 0.1486 }, "geometry": { "type": "Point", "coordinates": [ 572496.529830000014044, 2845086.317380000371486 ] } },
{ "type": "Feature", "properties": { "score": 0.1486 }, "geometry": { "type": "Point", "coordinates": [ 572714.729830000083894, 2844694.51738 ] } },
{ "type": "Feature", "properties": { "score": 0.1486 }, "geometry": { "type": "Point", "coordinates": [ 572987.12983, 2844757.117380000185221 ] } },
{ "type": "Feature", "properties": { "score": 0.1485 }, "geometry": { "type": "Point", "coordinates": [ 572654.32983000006061, 2844933.917380000464618 ] } },
{ "type": "Feature", "properties": { "score": 0.1485 }, "geometry": { "type": "Point", "coordinates": [ 572593.929830000037327, 2844834.51738 ] } },
{ "type": "Feature", "properties": { "score": 0.1485 }, "geometry": { "type": "Point", "coordinates": [ 572763.529830000014044, 2845317.117380000185221 ] } },
{ "type": "Feature", "properties": { "score": 0.1485 }, "geometry": { "type": "Point", "coordinates": [ 572767.32983000006061, 2844684.717380000278354 ] } },
{ "type": "Feature", "properties": { "score": 0.1484 }, "geometry": { "type": "Point", "coordinates": [ 572510.12983, 2844694.917380000464618 ] } },
{ "type": "Feature", "properties": { "score": 0.1484 }, "geometry": { "type": "Point", "coordinates": [ 572904.32983000006061, 2844725.717380000278354 ] } },
{ "type": "Feature", "properties": { "score": 0.1484 }, "geometry": { "type": "Point", "coordinates": [ 572507.729830000083894, 2845370.317380000371486 ] } },
{ "type": "Feature", "properties": { "score": 0.1484 }, "geometry": { "type": "Point", "coordinates": [ 572639.929830000037327, 2845057.117380000185221 ] } },
{ "type": "Feature", "properties": { "score": 0.1483 }, "geometry": { "type": "Point", "coordinates": [ 572771.32983000006061, 2845038.917380000464618 ] } },
{ "type": "Feature", "properties": { "score": 0.1483 }, "geometry": { "type": "Point", "coordinates": [ 572873.729830000083894, 2844750.717380000278354 ] } },
{ "type": "Feature", "properties": { "score": 0.1483 }, "geometry": { "type": "Point", "coordinates": [ 572503.529830000014044, 2845055.51738 ] } },
{ "type": "Feature", "properties": { "score": 0.1483 }, "geometry": { "type": "Point", "coordinates": [ 572618.929830000037327, 2844682.317380000371486 ] } },
{ "type": "Feature", "properties": { "score": 0.1483 }, "geometry": { "type": "Point", "coordinates": [ 572981.729829999967478, 2845155.317380000371486 ] } },
{ "type": "Feature", "properties": { "score": 0.1483 }, "geometry": { "type": "Point", "coordinates": [ 572883.12983, 2844664.51738 ] } },
{ "type": "Feature", "properties": { "score": 0.1483 }, "geometry": { "type": "Point", "coordinates": [ 572760.12983, 2845341.117380000185221 ] } },
{ "type": "Feature", "properties": { "score": 0.1483 }, "geometry": { "type": "Point", "coordinates": [ 572637.529830000014044, 2844940.51738 ] } },
{ "type": "Feature", "properties": { "score": 0.1482 }, "geometry": { "type": "Point", "coordinates": [ 572894.32983000006061, 2845041.917380000464618 ] } },
{ "type": "Feature", "properties": { "score": 0.1482 }, "geometry": { "type": "Point", "coordinates": [ 572706.32983000006061, 2845323.917380000464618 ] } },
{ "type": "Feature", "properties": { "score": 0.1482 }, "geometry": { "type": "Point", "coordinates": [ 572832.529830000014044, 2845241.51738 ] } },
{ "type": "Feature", "properties": { "score": 0.1481 }, "geometry": { "type": "Point", "coordinates": [ 572553.32983000006061, 2845090.717380000278354 ] } },
{ "type": "Feature", "properties": { "score": 0.1481 }, "geometry": { "type": "Point", "coordinates": [ 572570.12983, 2844999.917380000464618 ] } },
{ "type": "Feature", "properties": { "score": 0.1481 }, "geometry": { "type": "Point", "coordinates": [ 572905.32983000006061, 2844948.717380000278354 ] } },
{ "type": "Feature", "properties": { "score": 0.148 }, "geometry": { "type": "Point", "coordinates": [ 572709.32983000006061, 2844696.917380000464618 ] } },
{ "type": "Feature", "properties": { "score": 0.148 }, "geometry": { "type": "Point", "coordinates": [ 573035.929830000037327, 2845062.917380000464618 ] } },
{ "type": "Feature", "properties": { "score": 0.148 }, "geometry": { "type": "Point", "coordinates": [ 572783.12983, 2845219.317380000371486 ] } },
{ "type": "Feature", "properties": { "score": 0.148 }, "geometry": { "type": "Point", "coordinates": [ 572550.12983, 2845081.917380000464618 ] } },
{ "type": "Feature", "properties": { "score": 0.1479 }, "geometry": { "type": "Point", "coordinates": [ 572786.12983, 2844894.717380000278354 ] } },
{ "type": "Feature", "properties": { "score": 0.1479 }, "geometry": { "type": "Point", "coordinates": [ 572648.529830000014044, 2845057.717380000278354 ] } },
{ "type": "Feature", "properties": { "score": 0.1479 }, "geometry": { "type": "Point", "coordinates": [ 572593.12983, 2845186.317380000371486 ] } },
{ "type": "Feature", "properties": { "score": 0.1479 }, "geometry": { "type": "Point", "coordinates": [ 572943.12983, 2844749.317380000371486 ] } },
{ "type": "Feature", "properties": { "score": 0.1479 }, "geometry": { "type": "Point", "coordinates": [ 572602.929830000037327, 2845024.51738 ] } },
{ "type": "Feature", "properties": { "score": 0.1478 }, "geometry": { "type": "Point", "coordinates": [ 572556.729830000083894, 2845335.917380000464618 ] } },
{ "type": "Feature", "properties": { "score": 0.1478 }, "geometry": { "type": "Point", "coordinates": [ 572690.32983000006061, 2844760.717380000278354 ] } },
{ "type": "Feature", "properties": { "score": 0.1478 }, "geometry": { "type": "Point", "coordinates": [ 572930.12983, 2845181.717380000278354 ] } },
{ "type": "Feature", "properties": { "score": 0.1478 }, "geometry": { "type": "Point", "coordinates": [ 572678.12983, 2844714.51738 ] } },
{ "type": "Feature", "properties": { "score": 0.1477 }, "geometry": { "type": "Point", "coordinates": [ 573027.12983, 2845090.117380000185221 ] } },
{ "type": "Feature", "properties": { "score": 0.1477 }, "geometry": { "type": "Point", "coordinates": [ 572678.32983000006061, 2845109.717380000278354 ] } },
{ "type": "Feature", "properties": { "score": 0.1477 }, "geometry": { "type": "Point", "coordinates": [ 573039.32983000006061, 2844957.51738 ] } },
{ "type": "Feature", "properties": { "score": 0.1477 }, "geometry": { "type": "Point", "coordinates": [ 572570.529830000014044, 2845341.917380000464618 ] } },
{ "type": "Feature", "properties": { "score": 0.1477 }, "geometry": { "type": "Point", "coordinates": [ 572988.729829999967478, 2844799.117380000185221 ] } },
{ "type": "Feature", "properties": { "score": 0.1477 }, "geometry": { "type": "Point", "coordinates": [ 572690.12983, 2844866.317380000371486 ] } },
{ "type": "Feature", "properties": { "score": 0.1477 }, "geometry": { "type": "Point", "coordinates": [ 572538.32983000006061, 2844946.51738 ] } },
{ "type": "Feature", "properties": { "score": 0.1476 }, "geometry": { "type": "Point", "coordinates": [ 572761.929830000037327, 2844960.117380000185221 ] } },
{ "type": "Feature", "properties": { "score": 0.1476 }, "geometry": { "type": "Point", "coordinates": [ 573038.32983000006061, 2844881.917380000464618 ] } },
{ "type": "Feature", "properties": { "score": 0.1476 }, "geometry": { "type": "Point", "coordinates": [ 572523.12983, 2845202.317380000371486 ] } },
{ "type": "Feature", "properties": { "score": 0.1476 }, "geometry": { "type": "Point", "coordinates": [ 572810.32983000006061, 2844666.717380000278354 ] } },
{ "type": "Feature", "properties": { "score": 0.1475 }, "geometry": { "type": "Point", "coordinates": [ 572695.529830000014044, 2845331.117380000185221 ] } },
{ "type": "Feature", "properties": { "score": 0.1475 }, "geometry": { "type": "Point", "coordinates": [ 573030.12983, 2845032.717380000278354 ] } },
{ "type": "Feature", "properties": { "score": 0.1475 }, "geometry": { "type": "Point", "coordinates": [ 572578.929830000037327, 2844806.51738 ] } },
{ "type": "Feature", "properties": { "score": 0.1475 }, "geometry": { "type": "Point", "coordinates": [ 572864.529830000014044, 2844872.717380000278354 ] } },
{ "type": "Feature", "properties": { "score": 0.1475 }, "geometry": { "type": "Point", "coordinates": [ 572676.729830000083894, 2845332.117380000185221 ] } },
{ "type": "Feature", "properties": { "score": 0.1475 }, "geometry": { "type": "Point", "coordinates": [ 572537.529830000014044, 2844788.117380000185221 ] } },
{ "type": "Feature", "properties": { "score": 0.1474 }, "geometry": { "type": "Point", "coordinates": [ 572635.12983, 2844902.717380000278354 ] } },
{ "type": "Feature", "properties": { "score": 0.1474 }, "geometry": { "type": "Point", "coordinates": [ 572603.729830000083894, 2845219.317380000371486 ] } },
{ "type": "Feature", "properties": { "score": 0.1474 }, "geometry": { "type": "Point", "coordinates": [ 572894.929830000037327, 2845269.117380000185221 ] } },
{ "type": "Feature", "properties": { "score": 0.1474 }, "geometry": { "type": "Point", "coordinates": [ 572907.32983000006061, 2845248.117380000185221 ] } },
{ "type": "Feature", "properties": { "score": 0.1474 }, "geometry": { "type": "Point", "coordinates": [ 572534.32983000006061, 2845088.51738 ] } },
{ "type": "Feature", "properties": { "score": 0.1473 }, "geometry": { "type": "Point", "coordinates": [ 572521.529830000014044, 2844697.717380000278354 ] } },
{ "type": "Feature", "properties": { "score": 0.1473 }, "geometry": { "type": "Point", "coordinates": [ 572886.729830000083894, 2844977.117380000185221 ] } },
{ "type": "Feature", "properties": { "score": 0.1473 }, "geometry": { "type": "Point", "coordinates": [ 572746.32983000006061, 2845178.117380000185221 ] } },
{ "type": "Feature", "properties": { "score": 0.1473 }, "geometry": { "type": "Point", "coordinates": [ 572844.12983, 2844701.317380000371486 ] } },
{ "type": "Feature", "properties": { "score": 0.1473 }, "geometry": { "type": "Point", "coordinates": [ 572780.32983000006061, 2845238.51738 ] } },
{ "type": "Feature", "properties": { "score": 0.1473 }, "geometry": { "type": "Point", "coordinates": [ 573039.929830000037327, 2845045.717380000278354 ] } },
{ "type": "Feature", "properties": { "score": 0.1473 }, "geometry": { "type": "Point", "coordinates": [ 573065.729829999967478, 2844846.317380000371486 ] } },
{ "type": "Feature", "properties": { "score": 0.1472 }, "geometry": { "type": "Point", "coordinates": [ 572856.32983000006061, 2844871.917380000464618 ] } },
{ "type": "Feature", "properties": { "score": 0.1472 }, "geometry": { "type": "Point", "coordinates": [ 572874.529830000014044, 2845070.117380000185221 ] } },
{ "type": "Feature", "properties": { "score": 0.1472 }, "geometry": { "type": "Point", "coordinates": [ 572669.529830000014044, 2844908.917380000464618 ] } },
{ "type": "Feature", "properties": { "score": 0.1472 }, "geometry": { "type": "Point", "coordinates": [ 572556.529830000014044, 2845106.917380000464618 ] } },
{ "type": "Feature", "properties": { "score": 0.1472 }, "geometry": { "type": "Point", "coordinates": [ 572951.729829999967478, 2845019.51738 ] } },
{ "type": "Feature", "properties": { "score": 0.1471 }, "geometry": { "type": "Point", "coordinates": [ 572497.929830000037327, 2844769.117380000185221 ] } },
{ "type": "Feature", "properties": { "score": 0.1471 }, "geometry": { "type": "Point", "coordinates": [ 572663.529830000014044, 2844980.117380000185221 ] } },
{ "type": "Feature", "properties": { "score": 0.1471 }, "geometry": { "type": "Point", "coordinates": [ 572682.729830000083894, 2845068.51738 ] } },
{ "type": "Feature", "properties": { "score": 0.1471 }, "geometry": { "type": "Point", "coordinates": [ 572768.529830000014044, 2845123.317380000371486 ] } },
{ "type": "Feature", "properties": { "score": 0.1471 }, "geometry": { "type": "Point", "coordinates": [ 572904.529830000014044, 2844683.117380000185221 ] } },
{ "type": "Feature", "properties": { "score": 0.147 }, "geometry": { "type": "Point", "coordinates": [ 572989.529830000014044, 2845148.717380000278354 ] } },
{ "type": "Feature", "properties": { "score": 0.147 }, "geometry": { "type": "Point", "coordinates": [ 572483.929830000037327, 2844854.317380000371486 ] } },
{ "type": "Feature", "properties": { "score": 0.1469 }, "geometry": { "type": "Point", "coordinates": [ 572876.929830000037327, 2845117.117380000185221 ] } },
{ "type": "Feature", "properties": { "score": 0.1469 }, "geometry": { "type": "Point", "coordinates": [ 572509.529830000014044, 2845342.317380000371486 ] } },
{ "type": "Feature", "properties": { "score": 0.1469 }, "geometry": { "type": "Point", "coordinates": [ 572942.529830000014044, 2844717.51738 ] } },
{ "type": "Feature", "properties": { "score": 0.1469 }, "geometry": { "type": "Point", "coordinates": [ 572574.929830000037327, 2845305.917380000464618 ] } },
{ "type": "Feature", "properties": { "score": 0.1469 }, "geometry": { "type": "Point", "coordinates": [ 572484.529830000014044, 2844783.117380000185221 ] } },
{ "type": "Feature", "properties": { "score": 0.1469 }, "geometry": { "type": "Point", "coordinates": [ 572588.32983000006061, 2845351.917380000464618 ] } },
{ "type": "Feature", "properties": { "score": 0.1468 }, "geometry": { "type": "Point", "coordinates": [ 572880.12983, 2845206.117380000185221 ] } },
{ "type": "Feature", "properties": { "score": 0.1468 }, "geometry": { "type": "Point", "coordinates": [ 572629.529830000014044, 2844894.317380000371486 ] } },
{ "type": "Feature", "properties": { "score": 0.1468 }, "geometry": { "type": "Point", "coordinates": [ 572907.929830000037327, 2845019.51738 ] } },
{ "type": "Feature", "properties": { "score": 0.1468 }, "geometry": { "type": "Point", "coordinates": [ 572741.729830000083894, 2844672.717380000278354 ] } },
{ "type": "Feature", "properties": { "score": 0.1468 }, "geometry": { "type": "Point", "coordinates": [ 572510.529830000014044, 2845027.917380000464618 ] } },
{ "type": "Feature", "properties": { "score": 0.1467 }, "geometry": { "type": "Point", "coordinates": [ 572870.12983, 2844683.917380000464618 ] } },
{ "type": "Feature", "properties": { "score": 0.1467 }, "geometry": { "type": "Point", "coordinates": [ 572809.929830000037327, 2845123.917380000464618 ] } },
{ "type": "Feature", "properties": { "score": 0.1467 }, "geometry": { "type": "Point", "coordinates": [ 572768.529830000014044, 2845042.917380000464618 ] } },
{ "type": "Feature", "properties": { "score": 0.1467 }, "geometry": { "type": "Point", "coordinates": [ 572698.929830000037327, 2845319.917380000464618 ] } },
{ "type": "Feature", "properties": { "score": 0.1467 }, "geometry": { "type": "Point", "coordinates": [ 572526.529830000014044, 2844925.317380000371486 ] } },
{ "type": "Feature", "properties": { "score": 0.1466 }, "geometry": { "type": "Point", "coordinates": [ 572754.12983, 2845128.917380000464618 ] } },
{ "type": "Feature", "properties": { "score": 0.1466 }, "geometry": { "type": "Point", "coordinates": [ 573064.729829999967478, 2845024.917380000464618 ] } },
{ "type": "Feature", "properties": { "score": 0.1466 }, "geometry": { "type": "Point", "coordinates": [ 572866.929830000037327, 2845303.51738 ] } },
{ "type": "Feature", "properties": { "score": 0.1466 }, "geometry": { "type": "Point", "coordinates": [ 572548.729830000083894, 2845345.317380000371486 ] } },
{ "type": "Feature", "properties": { "score": 0.1465 }, "geometry": { "type": "Point", "coordinates": [ 572519.32983000006061, 2844795.51738 ] } },
{ "type": "Feature", "properties": { "score": 0.1465 }, "geometry": { "type": "Point", "coordinates": [ 572706.32983000006061, 2845193.51738 ] } },
{ "type": "Feature", "properties": { "score": 0.1465 }, "geometry": { "type": "Point", "coordinates": [ 572880.12983, 2844661.51738 ] } },
{ "type": "Feature", "properties": { "score": 0.1465 }, "geometry": { "type": "Point", "coordinates": [ 572623.729830000083894, 2845254.317380000371486 ] } },
{ "type": "Feature", "properties": { "score": 0.1465 }, "geometry": { "type": "Point", "coordinates": [ 572621.729830000083894, 2844742.51738 ] } },
{ "type": "Feature", "properties": { "score": 0.1464 }, "geometry": { "type": "Point", "coordinates": [ 572639.929830000037327, 2844838.717380000278354 ] } },
{ "type": "Feature", "properties": { "score": 0.1464 }, "geometry": { "type": "Point", "coordinates": [ 572593.12983, 2845307.317380000371486 ] } },
{ "type": "Feature", "properties": { "score": 0.1463 }, "geometry": { "type": "Point", "coordinates": [ 572683.929830000037327, 2844714.117380000185221 ] } },
{ "type": "Feature", "properties": { "score": 0.1463 }, "geometry": { "type": "Point", "coordinates": [ 572782.929830000037327, 2845124.317380000371486 ] } },
{ "type": "Feature", "properties": { "score": 0.1463 }, "geometry": { "type": "Point", "coordinates": [ 572864.12983, 2845224.917380000464618 ] } },
{ "type": "Feature", "properties": { "score": 0.1463 }, "geometry": { "type": "Point", "coordinates": [ 572855.729830000083894, 2844710.317380000371486 ] } },
{ "type": "Feature", "properties": { "score": 0.1462 }, "geometry": { "type": "Point", "coordinates": [ 573040.929830000037327, 2844922.117380000185221 ] } },
{ "type": "Feature", "properties": { "score": 0.1462 }, "geometry": { "type": "Point", "coordinates": [ 572494.12983, 2844776.317380000371486 ] } },
{ "type": "Feature", "properties": { "score": 0.1461 }, "geometry": { "type": "Point", "coordinates": [ 572859.12983, 2845062.51738 ] } },
{ "type": "Feature", "properties": { "score": 0.1461 }, "geometry": { "type": "Point", "coordinates": [ 572499.12983, 2845061.317380000371486 ] } },
{ "type": "Feature", "properties": { "score": 0.1461 }, "geometry": { "type": "Point", "coordinates": [ 572761.729830000083894, 2845213.717380000278354 ] } },
{ "type": "Feature", "properties": { "score": 0.146 }, "geometry": { "type": "Point", "coordinates": [ 572484.929830000037327, 2844794.917380000464618 ] } },
{ "type": "Feature", "properties": { "score": 0.146 }, "geometry": { "type": "Point", "coordinates": [ 572785.929830000037327, 2845108.51738 ] } },
{ "type": "Feature", "properties": { "score": 0.146 }, "geometry": { "type": "Point", "coordinates": [ 572487.729830000083894, 2844980.317380000371486 ] } },
{ "type": "Feature", "properties": { "score": 0.146 }, "geometry": { "type": "Point", "coordinates": [ 572867.12983, 2845260.317380000371486 ] } },
{ "type": "Feature", "properties": { "score": 0.146 }, "geometry": { "type": "Point", "coordinates": [ 572643.729830000083894, 2844946.117380000185221 ] } },
{ "type": "Feature", "properties": { "score": 0.146 }, "geometry": { "type": "Point", "coordinates": [ 572928.12983, 2844681.917380000464618 ] } },
{ "type": "Feature", "properties": { "score": 0.146 }, "geometry": { "type": "Point", "coordinates": [ 572556.529830000014044, 2845328.717380000278354 ] } },
{ "type": "Feature", "properties": { "score": 0.1459 }, "geometry": { "type": "Point", "coordinates": [ 572672.32983000006061, 2845297.117380000185221 ] } },
{ "type": "Feature", "properties": { "score": 0.1459 }, "geometry": { "type": "Point", "coordinates": [ 572659.729830000083894, 2844693.317380000371486 ] } },
{ "type": "Feature", "properties": { "score": 0.1459 }, "geometry": { "type": "Point", "coordinates": [ 572719.529830000014044, 2845237.317380000371486 ] } },
{ "type": "Feature", "properties": { "score": 0.1459 }, "geometry": { "type": "Point", "coordinates": [ 572990.12983, 2844998.51738 ] } },
{ "type": "Feature", "properties": { "score": 0.1459 }, "geometry": { "type": "Point", "coordinates": [ 572970.12983, 2844681.317380000371486 ] } },
{ "type": "Feature", "properties": { "score": 0.1459 }, "geometry": { "type": "Point", "coordinates": [ 572798.12983, 2845194.51738 ] } },
{ "type": "Feature", "properties": { "score": 0.1458 }, "geometry": { "type": "Point", "coordinates": [ 572707.929830000037327, 2844999.117380000185221 ] } },
{ "type": "Feature", "properties": { "score": 0.1458 }, "geometry": { "type": "Point", "coordinates": [ 572932.32983000006061, 2844644.317380000371486 ] } },
{ "type": "Feature", "properties": { "score": 0.1458 }, "geometry": { "type": "Point", "coordinates": [ 572824.729830000083894, 2845256.51738 ] } },
{ "type": "Feature", "properties": { "score": 0.1458 }, "geometry": { "type": "Point", "coordinates": [ 572799.929830000037327, 2845188.317380000371486 ] } },
{ "type": "Feature", "properties": { "score": 0.1458 }, "geometry": { "type": "Point", "coordinates": [ 572842.12983, 2845187.117380000185221 ] } },
{ "type": "Feature", "properties": { "score": 0.1457 }, "geometry": { "type": "Point", "coordinates": [ 572759.12983, 2845073.717380000278354 ] } },
{ "type": "Feature", "properties": { "score": 0.1457 }, "geometry": { "type": "Point", "coordinates": [ 572719.529830000014044, 2844768.917380000464618 ] } },
{ "type": "Feature", "properties": { "score": 0.1457 }, "geometry": { "type": "Point", "coordinates": [ 572925.729829999967478, 2845210.51738 ] } },
{ "type": "Feature", "properties": { "score": 0.1457 }, "geometry": { "type": "Point", "coordinates": [ 572623.529830000014044, 2845351.917380000464618 ] } },
{ "type": "Feature", "properties": { "score": 0.1457 }, "geometry": { "type": "Point", "coordinates": [ 572598.32983000006061, 2844966.51738 ] } },
{ "type": "Feature", "properties": { "score": 0.1456 }, "geometry": { "type": "Point", "coordinates": [ 572977.929830000037327, 2844859.51738 ] } },
{ "type": "Feature", "properties": { "score": 0.1456 }, "geometry": { "type": "Point", "coordinates": [ 572606.32983000006061, 2845349.117380000185221 ] } },
{ "type": "Feature", "properties": { "score": 0.1456 }, "geometry": { "type": "Point", "coordinates": [ 572955.929830000037327, 2844667.717380000278354 ] } },
{ "type": "Feature", "properties": { "score": 0.1456 }, "geometry": { "type": "Point", "coordinates": [ 572592.929830000037327, 2845057.917380000464618 ] } },
{ "type": "Feature", "properties": { "score": 0.1455 }, "geometry": { "type": "Point", "coordinates": [ 572507.12983, 2845312.717380000278354 ] } },
{ "type": "Feature", "properties": { "score": 0.1455 }, "geometry": { "type": "Point", "coordinates": [ 572748.729830000083894, 2845040.717380000278354 ] } },
{ "type": "Feature", "properties": { "score": 0.1455 }, "geometry": { "type": "Point", "coordinates": [ 572766.729830000083894, 2845187.317380000371486 ] } },
{ "type": "Feature", "properties": { "score": 0.1455 }, "geometry": { "type": "Point", "coordinates": [ 572841.529830000014044, 2844703.717380000278354 ] } },
{ "type": "Feature", "properties": { "score": 0.1455 }, "geometry": { "type": "Point", "coordinates": [ 572979.12983, 2845109.51738 ] } },
{ "type": "Feature", "properties": { "score": 0.1454 }, "geometry": { "type": "Point", "coordinates": [ 572873.32983000006061, 2845274.117380000185221 ] } },
{ "type": "Feature", "properties": { "score": 0.1453 }, "geometry": { "type": "Point", "coordinates": [ 572702.32983000006061, 2844940.117380000185221 ] } },
{ "type": "Feature", "properties": { "score": 0.1453 }, "geometry": { "type": "Point", "coordinates": [ 572605.929830000037327, 2845064.117380000185221 ] } },
{ "type": "Feature", "properties": { "score": 0.1452 }, "geometry": { "type": "Point", "coordinates": [ 572727.32983000006061, 2844804.917380000464618 ] } },
{ "type": "Feature", "properties": { "score": 0.1452 }, "geometry": { "type": "Point", "coordinates": [ 572824.729830000083894, 2845112.117380000185221 ] } },
{ "type": "Feature", "properties": { "score": 0.1452 }, "geometry": { "type": "Point", "coordinates": [ 572810.12983, 2844678.717380000278354 ] } },
{ "type": "Feature", "properties": { "score": 0.1452 }, "geometry": { "type": "Point", "coordinates": [ 572698.12983, 2845203.717380000278354 ] } },
{ "type": "Feature", "properties": { "score": 0.1451 }, "geometry": { "type": "Point", "coordinates": [ 572870.12983, 2844958.317380000371486 ] } },
{ "type": "Feature", "properties": { "score": 0.1451 }, "geometry": { "type": "Point", "coordinates": [ 572898.12983, 2844749.117380000185221 ] } },
{ "type": "Feature", "properties": { "score": 0.1451 }, "geometry": { "type": "Point", "coordinates": [ 572796.12983, 2845213.717380000278354 ] } },
{ "type": "Feature", "properties": { "score": 0.1451 }, "geometry": { "type": "Point", "coordinates": [ 572942.32983000006061, 2845124.51738 ] } },
{ "type": "Feature", "properties": { "score": 0.145 }, "geometry": { "type": "Point", "coordinates": [ 572766.929830000037327, 2845041.51738 ] } },
{ "type": "Feature", "properties": { "score": 0.145 }, "geometry": { "type": "Point", "coordinates": [ 572645.12983, 2844990.117380000185221 ] } },
{ "type": "Feature", "properties": { "score": 0.145 }, "geometry": { "type": "Point", "coordinates": [ 572792.12983, 2844804.717380000278354 ] } },
{ "type": "Feature", "properties": { "score": 0.145 }, "geometry": { "type": "Point", "coordinates": [ 572505.529830000014044, 2844848.917380000464618 ] } },
{ "type": "Feature", "properties": { "score": 0.145 }, "geometry": { "type": "Point", "coordinates": [ 572887.12983, 2844743.917380000464618 ] } },
{ "type": "Feature", "properties": { "score": 0.1449 }, "geometry": { "type": "Point", "coordinates": [ 572620.729830000083894, 2844986.917380000464618 ] } },
{ "type": "Feature", "properties": { "score": 0.1449 }, "geometry": { "type": "Point", "coordinates": [ 572702.929830000037327, 2844984.51738 ] } },
{ "type": "Feature", "properties": { "score": 0.1449 }, "geometry": { "type": "Point", "coordinates": [ 572526.529830000014044, 2845165.51738 ] } },
{ "type": "Feature", "properties": { "score": 0.1449 }, "geometry": { "type": "Point", "coordinates": [ 572659.729830000083894, 2844648.317380000371486 ] } },
{ "type": "Feature", "properties": { "score": 0.1449 }, "geometry": { "type": "Point", "coordinates": [ 572983.929830000037327, 2845167.117380000185221 ] } },
{ "type": "Feature", "properties": { "score": 0.1448 }, "geometry": { "type": "Point", "coordinates": [ 572699.529830000014044, 2845016.51738 ] } },
{ "type": "Feature", "properties": { "score": 0.1448 }, "geometry": { "type": "Point", "coordinates": [ 573064.529830000014044, 2844718.717380000278354 ] } },
{ "type": "Feature", "properties": { "score": 0.1448 }, "geometry": { "type": "Point", "coordinates": [ 572599.729830000083894, 2845314.51738 ] } },
{ "type": "Feature", "properties": { "score": 0.1447 }, "geometry": { "type": "Point", "coordinates": [ 572919.12983, 2844970.917380000464618 ] } },
{ "type": "Feature", "properties": { "score": 0.1446 }, "geometry": { "type": "Point", "coordinates": [ 572693.729830000083894, 2844707.717380000278354 ] } },
{ "type": "Feature", "properties": { "score": 0.1446 }, "geometry": { "type": "Point", "coordinates": [ 572702.12983, 2845251.317380000371486 ] } },
{ "type": "Feature", "properties": { "score": 0.1446 }, "geometry": { "type": "Point", "coordinates": [ 572718.929830000037327, 2845270.51738 ] } },
{ "type": "Feature", "properties": { "score": 0.1446 }, "geometry": { "type": "Point", "coordinates": [ 572815.729830000083894, 2844876.117380000185221 ] } },
{ "type": "Feature", "properties": { "score": 0.1446 }, "geometry": { "type": "Point", "coordinates": [ 572742.32983000006061, 2844834.117380000185221 ] } },
{ "type": "Feature", "properties": { "score": 0.1445 }, "geometry": { "type": "Point", "coordinates": [ 572898.729829999967478, 2845015.917380000464618 ] } },
{ "type": "Feature", "properties": { "score": 0.1445 }, "geometry": { "type": "Point", "coordinates": [ 573037.729829999967478, 2844858.317380000371486 ] } },
{ "type": "Feature", "properties": { "score": 0.1445 }, "geometry": { "type": "Point", "coordinates": [ 572990.12983, 2844786.317380000371486 ] } },
{ "type": "Feature", "properties": { "score": 0.1445 }, "geometry": { "type": "Point", "coordinates": [ 572561.529830000014044, 2845109.917380000464618 ] } },
{ "type": "Feature", "properties": { "score": 0.1445 }, "geometry": { "type": "Point", "coordinates": [ 572501.12983, 2844687.117380000185221 ] } },
{ "type": "Feature", "properties": { "score": 0.1445 }, "geometry": { "type": "Point", "coordinates": [ 572784.12983, 2844721.117380000185221 ] } },
{ "type": "Feature", "properties": { "score": 0.1445 }, "geometry": { "type": "Point", "coordinates": [ 572649.929830000037327, 2844723.917380000464618 ] } },
{ "type": "Feature", "properties": { "score": 0.1445 }, "geometry": { "type": "Point", "coordinates": [ 573022.12983, 2845126.917380000464618 ] } },
{ "type": "Feature", "properties": { "score": 0.1444 }, "geometry": { "type": "Point", "coordinates": [ 572671.32983000006061, 2844672.51738 ] } },
{ "type": "Feature", "properties": { "score": 0.1444 }, "geometry": { "type": "Point", "coordinates": [ 572963.729829999967478, 2845209.51738 ] } },
{ "type": "Feature", "properties": { "score": 0.1444 }, "geometry": { "type": "Point", "coordinates": [ 572555.929830000037327, 2844920.717380000278354 ] } },
{ "type": "Feature", "properties": { "score": 0.1444 }, "geometry": { "type": "Point", "coordinates": [ 573055.12983, 2845088.717380000278354 ] } },
{ "type": "Feature", "properties": { "score": 0.1444 }, "geometry": { "type": "Point", "coordinates": [ 572855.12983, 2844902.117380000185221 ] } },
{ "type": "Feature", "properties": { "score": 0.1444 }, "geometry": { "type": "Point", "coordinates": [ 572887.729830000083894, 2844788.117380000185221 ] } },
{ "type": "Feature", "properties": { "score": 0.1444 }, "geometry": { "type": "Point", "coordinates": [ 572703.929830000037327, 2845122.51738 ] } },
{ "type": "Feature", "properties": { "score": 0.1444 }, "geometry": { "type": "Point", "coordinates": [ 572679.729830000083894, 2845363.917380000464618 ] } },
{ "type": "Feature", "properties": { "score": 0.1443 }, "geometry": { "type": "Point", "coordinates": [ 572859.12983, 2845055.51738 ] } },
{ "type": "Feature", "properties": { "score": 0.1443 }, "geometry": { "type": "Point", "coordinates": [ 572519.32983000006061, 2844979.317380000371486 ] } },
{ "type": "Feature", "properties": { "score": 0.1443 }, "geometry": { "type": "Point", "coordinates": [ 572795.529830000014044, 2845210.717380000278354 ] } },
{ "type": "Feature", "properties": { "score": 0.1443 }, "geometry": { "type": "Point", "coordinates": [ 572678.32983000006061, 2844884.317380000371486 ] } },
{ "type": "Feature", "properties": { "score": 0.1443 }, "geometry": { "type": "Point", "coordinates": [ 572750.32983000006061, 2845103.317380000371486 ] } },
{ "type": "Feature", "properties": { "score": 0.1442 }, "geometry": { "type": "Point", "coordinates": [ 572531.729830000083894, 2844716.117380000185221 ] } },
{ "type": "Feature", "properties": { "score": 0.1442 }, "geometry": { "type": "Point", "coordinates": [ 572731.12983, 2845041.117380000185221 ] } },
{ "type": "Feature", "properties": { "score": 0.1442 }, "geometry": { "type": "Point", "coordinates": [ 572532.929830000037327, 2845077.317380000371486 ] } },
{ "type": "Feature", "properties": { "score": 0.1442 }, "geometry": { "type": "Point", "coordinates": [ 572668.529830000014044, 2844900.917380000464618 ] } },
{ "type": "Feature", "properties": { "score": 0.1441 }, "geometry": { "type": "Point", "coordinates": [ 572630.929830000037327, 2844937.51738 ] } },
{ "type": "Feature", "properties": { "score": 0.1441 }, "geometry": { "type": "Point", "coordinates": [ 572694.32983000006061, 2845118.717380000278354 ] } },
{ "type": "Feature", "properties": { "score": 0.1441 }, "geometry": { "type": "Point", "coordinates": [ 573054.929830000037327, 2844733.51738 ] } },
{ "type": "Feature", "properties": { "score": 0.1441 }, "geometry": { "type": "Point", "coordinates": [ 572882.12983, 2845146.51738 ] } },
{ "type": "Feature", "properties": { "score": 0.1441 }, "geometry": { "type": "Point", "coordinates": [ 573022.929830000037327, 2845092.117380000185221 ] } },
{ "type": "Feature", "properties": { "score": 0.144 }, "geometry": { "type": "Point", "coordinates": [ 572874.929830000037327, 2844709.51738 ] } },
{ "type": "Feature", "properties": { "score": 0.144 }, "geometry": { "type": "Point", "coordinates": [ 572522.929830000037327, 2845247.51738 ] } },
{ "type": "Feature", "properties": { "score": 0.144 }, "geometry": { "type": "Point", "coordinates": [ 572719.529830000014044, 2845381.917380000464618 ] } },
{ "type": "Feature", "properties": { "score": 0.144 }, "geometry": { "type": "Point", "coordinates": [ 572748.12983, 2844923.317380000371486 ] } },
{ "type": "Feature", "properties": { "score": 0.144 }, "geometry": { "type": "Point", "coordinates": [ 572966.32983000006061, 2844760.917380000464618 ] } },
{ "type": "Feature", "properties": { "score": 0.1439 }, "geometry": { "type": "Point", "coordinates": [ 572786.12983, 2844973.717380000278354 ] } },
{ "type": "Feature", "properties": { "score": 0.1439 }, "geometry": { "type": "Point", "coordinates": [ 572533.12983, 2845163.717380000278354 ] } },
{ "type": "Feature", "properties": { "score": 0.1439 }, "geometry": { "type": "Point", "coordinates": [ 572542.729830000083894, 2844683.717380000278354 ] } },
{ "type": "Feature", "properties": { "score": 0.1438 }, "geometry": { "type": "Point", "coordinates": [ 572529.929830000037327, 2844824.317380000371486 ] } },
{ "type": "Feature", "properties": { "score": 0.1438 }, "geometry": { "type": "Point", "coordinates": [ 572604.729830000083894, 2845020.717380000278354 ] } },
{ "type": "Feature", "properties": { "score": 0.1438 }, "geometry": { "type": "Point", "coordinates": [ 572747.32983000006061, 2845078.317380000371486 ] } },
{ "type": "Feature", "properties": { "score": 0.1438 }, "geometry": { "type": "Point", "coordinates": [ 573021.32983000006061, 2845122.51738 ] } },
{ "type": "Feature", "properties": { "score": 0.1437 }, "geometry": { "type": "Point", "coordinates": [ 572690.729830000083894, 2844975.717380000278354 ] } },
{ "type": "Feature", "properties": { "score": 0.1437 }, "geometry": { "type": "Point", "coordinates": [ 572642.32983000006061, 2845232.117380000185221 ] } },
{ "type": "Feature", "properties": { "score": 0.1437 }, "geometry": { "type": "Point", "coordinates": [ 572752.729830000083894, 2845233.51738 ] } },
{ "type": "Feature", "properties": { "score": 0.1437 }, "geometry": { "type": "Point", "coordinates": [ 572513.32983000006061, 2845172.317380000371486 ] } },
{ "type": "Feature", "properties": { "score": 0.1435 }, "geometry": { "type": "Point", "coordinates": [ 572528.529830000014044, 2845251.917380000464618 ] } },
{ "type": "Feature", "properties": { "score": 0.1434 }, "geometry": { "type": "Point", "coordinates": [ 572971.729829999967478, 2844764.717380000278354 ] } },
{ "type": "Feature", "properties": { "score": 0.1434 }, "geometry": { "type": "Point", "coordinates": [ 572888.32983000006061, 2845256.717380000278354 ] } },
{ "type": "Feature", "properties": { "score": 0.1434 }, "geometry": { "type": "Point", "coordinates": [ 572768.12983, 2845174.51738 ] } },
{ "type": "Feature", "properties": { "score": 0.1433 }, "geometry": { "type": "Point", "coordinates": [ 572954.32983000006061, 2844930.51738 ] } },
{ "type": "Feature", "properties": { "score": 0.1433 }, "geometry": { "type": "Point", "coordinates": [ 572750.32983000006061, 2844771.917380000464618 ] } },
{ "type": "Feature", "properties": { "score": 0.1433 }, "geometry": { "type": "Point", "coordinates": [ 572894.32983000006061, 2844722.717380000278354 ] } },
{ "type": "Feature", "properties": { "score": 0.1433 }, "geometry": { "type": "Point", "coordinates": [ 572990.32983000006061, 2844807.917380000464618 ] } },
{ "type": "Feature", "properties": { "score": 0.1432 }, "geometry": { "type": "Point", "coordinates": [ 572725.929830000037327, 2844835.117380000185221 ] } },
{ "type": "Feature", "properties": { "score": 0.1432 }, "geometry": { "type": "Point", "coordinates": [ 572504.32983000006061, 2844710.117380000185221 ] } },
{ "type": "Feature", "properties": { "score": 0.1432 }, "geometry": { "type": "Point", "coordinates": [ 572520.529830000014044, 2845287.317380000371486 ] } },
{ "type": "Feature", "properties": { "score": 0.1432 }, "geometry": { "type": "Point", "coordinates": [ 572632.929830000037327, 2845289.717380000278354 ] } },
{ "type": "Feature", "properties": { "score": 0.1432 }, "geometry": { "type": "Point", "coordinates": [ 573010.729829999967478, 2845127.317380000371486 ] } },
{ "type": "Feature", "properties": { "score": 0.1432 }, "geometry": { "type": "Point", "coordinates": [ 572613.929830000037327, 2844946.917380000464618 ] } },
{ "type": "Feature", "properties": { "score": 0.1432 }, "geometry": { "type": "Point", "coordinates": [ 572641.729830000083894, 2845327.717380000278354 ] } },
{ "type": "Feature", "properties": { "score": 0.1431 }, "geometry": { "type": "Point", "coordinates": [ 572597.929830000037327, 2845029.317380000371486 ] } },
{ "type": "Feature", "properties": { "score": 0.1431 }, "geometry": { "type": "Point", "coordinates": [ 572944.529830000014044, 2845170.317380000371486 ] } },
{ "type": "Feature", "properties": { "score": 0.1431 }, "geometry": { "type": "Point", "coordinates": [ 572615.12983, 2845263.117380000185221 ] } },
{ "type": "Feature", "properties": { "score": 0.1431 }, "geometry": { "type": "Point", "coordinates": [ 572605.929830000037327, 2845058.917380000464618 ] } },
{ "type": "Feature", "properties": { "score": 0.1431 }, "geometry": { "type": "Point", "coordinates": [ 572639.32983000006061, 2844937.317380000371486 ] } },
{ "type": "Feature", "properties": { "score": 0.143 }, "geometry": { "type": "Point", "coordinates": [ 572537.12983, 2844798.717380000278354 ] } },
{ "type": "Feature", "properties": { "score": 0.143 }, "geometry": { "type": "Point", "coordinates": [ 572604.12983, 2845052.717380000278354 ] } },
{ "type": "Feature", "properties": { "score": 0.1429 }, "geometry": { "type": "Point", "coordinates": [ 572538.12983, 2845014.317380000371486 ] } },
{ "type": "Feature", "properties": { "score": 0.1429 }, "geometry": { "type": "Point", "coordinates": [ 572719.729830000083894, 2844712.717380000278354 ] } },
{ "type": "Feature", "properties": { "score": 0.1429 }, "geometry": { "type": "Point", "coordinates": [ 572756.529830000014044, 2844680.117380000185221 ] } },
{ "type": "Feature", "properties": { "score": 0.1428 }, "geometry": { "type": "Point", "coordinates": [ 572668.929830000037327, 2845039.117380000185221 ] } },
{ "type": "Feature", "properties": { "score": 0.1428 }, "geometry": { "type": "Point", "coordinates": [ 572595.12983, 2845067.317380000371486 ] } },
{ "type": "Feature", "properties": { "score": 0.1428 }, "geometry": { "type": "Point", "coordinates": [ 572860.12983, 2845236.717380000278354 ] } },
{ "type": "Feature", "properties": { "score": 0.1428 }, "geometry": { "type": "Point", "coordinates": [ 572643.529830000014044, 2844859.917380000464618 ] } },
{ "type": "Feature", "properties": { "score": 0.1427 }, "geometry": { "type": "Point", "coordinates": [ 572735.12983, 2845026.717380000278354 ] } },
{ "type": "Feature", "properties": { "score": 0.1427 }, "geometry": { "type": "Point", "coordinates": [ 572503.12983, 2845250.917380000464618 ] } },
{ "type": "Feature", "properties": { "score": 0.1427 }, "geometry": { "type": "Point", "coordinates": [ 572488.12983, 2844990.717380000278354 ] } },
{ "type": "Feature", "properties": { "score": 0.1427 }, "geometry": { "type": "Point", "coordinates": [ 572642.32983000006061, 2844701.51738 ] } },
{ "type": "Feature", "properties": { "score": 0.1426 }, "geometry": { "type": "Point", "coordinates": [ 572624.729830000083894, 2845250.117380000185221 ] } },
{ "type": "Feature", "properties": { "score": 0.1426 }, "geometry": { "type": "Point", "coordinates": [ 572685.929830000037327, 2844762.317380000371486 ] } },
{ "type": "Feature", "properties": { "score": 0.1426 }, "geometry": { "type": "Point", "coordinates": [ 572628.929830000037327, 2844811.51738 ] } },
{ "type": "Feature", "properties": { "score": 0.1426 }, "geometry": { "type": "Point", "coordinates": [ 572954.32983000006061, 2844748.317380000371486 ] } },
{ "type": "Feature", "properties": { "score": 0.1426 }, "geometry": { "type": "Point", "coordinates": [ 572772.32983000006061, 2845048.51738 ] } },
{ "type": "Feature", "properties": { "score": 0.1426 }, "geometry": { "type": "Point", "coordinates": [ 572865.12983, 2844665.317380000371486 ] } },
{ "type": "Feature", "properties": { "score": 0.1425 }, "geometry": { "type": "Point", "coordinates": [ 572738.929830000037327, 2844670.917380000464618 ] } },
{ "type": "Feature", "properties": { "score": 0.1425 }, "geometry": { "type": "Point", "coordinates": [ 572539.729830000083894, 2845378.717380000278354 ] } },
{ "type": "Feature", "properties": { "score": 0.1425 }, "geometry": { "type": "Point", "coordinates": [ 572952.529830000014044, 2845075.117380000185221 ] } },
{ "type": "Feature", "properties": { "score": 0.1425 }, "geometry": { "type": "Point", "coordinates": [ 572582.929830000037327, 2844688.51738 ] } },
{ "type": "Feature", "properties": { "score": 0.1425 }, "geometry": { "type": "Point", "coordinates": [ 572542.32983000006061, 2844896.917380000464618 ] } },
{ "type": "Feature", "properties": { "score": 0.1425 }, "geometry": { "type": "Point", "coordinates": [ 572773.12983, 2845053.51738 ] } },
{ "type": "Feature", "properties": { "score": 0.1424 }, "geometry": { "type": "Point", "coordinates": [ 572877.529830000014044, 2845112.317380000371486 ] } },
{ "type": "Feature", "properties": { "score": 0.1424 }, "geometry": { "type": "Point", "coordinates": [ 572744.32983000006061, 2844692.317380000371486 ] } },
{ "type": "Feature", "properties": { "score": 0.1424 }, "geometry": { "type": "Point", "coordinates": [ 572531.929830000037327, 2845132.317380000371486 ] } },
{ "type": "Feature", "properties": { "score": 0.1424 }, "geometry": { "type": "Point", "coordinates": [ 572808.32983000006061, 2844993.717380000278354 ] } },
{ "type": "Feature", "properties": { "score": 0.1424 }, "geometry": { "type": "Point", "coordinates": [ 572515.729830000083894, 2844860.317380000371486 ] } },
{ "type": "Feature", "properties": { "score": 0.1423 }, "geometry": { "type": "Point", "coordinates": [ 573059.729829999967478, 2844846.717380000278354 ] } },
{ "type": "Feature", "properties": { "score": 0.1423 }, "geometry": { "type": "Point", "coordinates": [ 572737.529830000014044, 2845299.717380000278354 ] } },
{ "type": "Feature", "properties": { "score": 0.1423 }, "geometry": { "type": "Point", "coordinates": [ 572749.929830000037327, 2845069.717380000278354 ] } },
{ "type": "Feature", "properties": { "score": 0.1423 }, "geometry": { "type": "Point", "coordinates": [ 572839.12983, 2845179.51738 ] } },
{ "type": "Feature", "properties": { "score": 0.1423 }, "geometry": { "type": "Point", "coordinates": [ 572855.729830000083894, 2845211.917380000464618 ] } },
{ "type": "Feature", "properties": { "score": 0.1423 }, "geometry": { "type": "Point", "coordinates": [ 572867.529830000014044, 2845258.117380000185221 ] } },
{ "type": "Feature", "properties": { "score": 0.1422 }, "geometry": { "type": "Point", "coordinates": [ 572692.12983, 2845116.317380000371486 ] } },
{ "type": "Feature", "properties": { "score": 0.1422 }, "geometry": { "type": "Point", "coordinates": [ 572642.12983, 2844989.317380000371486 ] } },
{ "type": "Feature", "properties": { "score": 0.1422 }, "geometry": { "type": "Point", "coordinates": [ 572690.12983, 2845308.717380000278354 ] } },
{ "type": "Feature", "properties": { "score": 0.1422 }, "geometry": { "type": "Point", "coordinates": [ 572880.729830000083894, 2845208.117380000185221 ] } },
{ "type": "Feature", "properties": { "score": 0.1422 }, "geometry": { "type": "Point", "coordinates": [ 572688.729830000083894, 2844680.117380000185221 ] } },
{ "type": "Feature", "properties": { "score": 0.1421 }, "geometry": { "type": "Point", "coordinates": [ 573018.929830000037327, 2844808.317380000371486 ] } },
{ "type": "Feature", "properties": { "score": 0.1421 }, "geometry": { "type": "Point", "coordinates": [ 572859.929830000037327, 2845262.117380000185221 ] } },
{ "type": "Feature", "properties": { "score": 0.1421 }, "geometry": { "type": "Point", "coordinates": [ 572646.929830000037327, 2844723.317380000371486 ] } },
{ "type": "Feature", "properties": { "score": 0.142 }, "geometry": { "type": "Point", "coordinates": [ 572725.12983, 2844685.317380000371486 ] } },
{ "type": "Feature", "properties": { "score": 0.142 }, "geometry": { "type": "Point", "coordinates": [ 572824.729830000083894, 2845122.917380000464618 ] } },
{ "type": "Feature", "properties": { "score": 0.142 }, "geometry": { "type": "Point", "coordinates": [ 572677.32983000006061, 2845361.717380000278354 ] } },
{ "type": "Feature", "properties": { "score": 0.142 }, "geometry": { "type": "Point", "coordinates": [ 572647.32983000006061, 2845085.717380000278354 ] } },
{ "type": "Feature", "properties": { "score": 0.142 }, "geometry": { "type": "Point", "coordinates": [ 573050.12983, 2845021.317380000371486 ] } },
{ "type": "Feature", "properties": { "score": 0.1419 }, "geometry": { "type": "Point", "coordinates": [ 572803.529830000014044, 2845143.51738 ] } },
{ "type": "Feature", "properties": { "score": 0.1419 }, "geometry": { "type": "Point", "coordinates": [ 572900.12983, 2845237.117380000185221 ] } },
{ "type": "Feature", "properties": { "score": 0.1419 }, "geometry": { "type": "Point", "coordinates": [ 572797.929830000037327, 2845042.317380000371486 ] } },
{ "type": "Feature", "properties": { "score": 0.1419 }, "geometry": { "type": "Point", "coordinates": [ 572854.12983, 2845006.117380000185221 ] } },
{ "type": "Feature", "properties": { "score": 0.1419 }, "geometry": { "type": "Point", "coordinates": [ 572882.929830000037327, 2845243.117380000185221 ] } },
{ "type": "Feature", "properties": { "score": 0.1418 }, "geometry": { "type": "Point", "coordinates": [ 572667.12983, 2844647.917380000464618 ] } },
{ "type": "Feature", "properties": { "score": 0.1418 }, "geometry": { "type": "Point", "coordinates": [ 572728.729830000083894, 2845280.317380000371486 ] } },
{ "type": "Feature", "properties": { "score": 0.1418 }, "geometry": { "type": "Point", "coordinates": [ 572644.729830000083894, 2845083.317380000371486 ] } },
{ "type": "Feature", "properties": { "score": 0.1418 }, "geometry": { "type": "Point", "coordinates": [ 572600.529830000014044, 2844807.51738 ] } },
{ "type": "Feature", "properties": { "score": 0.1418 }, "geometry": { "type": "Point", "coordinates": [ 572802.32983000006061, 2844691.917380000464618 ] } },
{ "type": "Feature", "properties": { "score": 0.1418 }, "geometry": { "type": "Point", "coordinates": [ 572620.32983000006061, 2845183.717380000278354 ] } },
{ "type": "Feature", "properties": { "score": 0.1417 }, "geometry": { "type": "Point", "coordinates": [ 572695.529830000014044, 2845290.317380000371486 ] } },
{ "type": "Feature", "properties": { "score": 0.1417 }, "geometry": { "type": "Point", "coordinates": [ 572618.12983, 2844955.917380000464618 ] } },
{ "type": "Feature", "properties": { "score": 0.1417 }, "geometry": { "type": "Point", "coordinates": [ 572964.529830000014044, 2844750.51738 ] } },
{ "type": "Feature", "properties": { "score": 0.1417 }, "geometry": { "type": "Point", "coordinates": [ 572632.32983000006061, 2844900.51738 ] } },
{ "type": "Feature", "properties": { "score": 0.1417 }, "geometry": { "type": "Point", "coordinates": [ 572564.529830000014044, 2844690.317380000371486 ] } },
{ "type": "Feature", "properties": { "score": 0.1417 }, "geometry": { "type": "Point", "coordinates": [ 572714.32983000006061, 2844675.117380000185221 ] } },
{ "type": "Feature", "properties": { "score": 0.1417 }, "geometry": { "type": "Point", "coordinates": [ 572771.929830000037327, 2844775.917380000464618 ] } },
{ "type": "Feature", "properties": { "score": 0.1416 }, "geometry": { "type": "Point", "coordinates": [ 572555.929830000037327, 2845021.317380000371486 ] } },
{ "type": "Feature", "properties": { "score": 0.1416 }, "geometry": { "type": "Point", "coordinates": [ 573011.529830000014044, 2844780.317380000371486 ] } },
{ "type": "Feature", "properties": { "score": 0.1416 }, "geometry": { "type": "Point", "coordinates": [ 572607.529830000014044, 2845066.717380000278354 ] } },
{ "type": "Feature", "properties": { "score": 0.1416 }, "geometry": { "type": "Point", "coordinates": [ 572625.729830000083894, 2845028.317380000371486 ] } },
{ "type": "Feature", "properties": { "score": 0.1416 }, "geometry": { "type": "Point", "coordinates": [ 572943.929830000037327, 2845182.51738 ] } },
{ "type": "Feature", "properties": { "score": 0.1416 }, "geometry": { "type": "Point", "coordinates": [ 572570.929830000037327, 2845387.317380000371486 ] } },
{ "type": "Feature", "properties": { "score": 0.1416 }, "geometry": { "type": "Point", "coordinates": [ 572789.729830000083894, 2845189.51738 ] } },
{ "type": "Feature", "properties": { "score": 0.1415 }, "geometry": { "type": "Point", "coordinates": [ 572797.929830000037327, 2845204.51738 ] } },
{ "type": "Feature", "properties": { "score": 0.1415 }, "geometry": { "type": "Point", "coordinates": [ 572723.729830000083894, 2845038.317380000371486 ] } },
{ "type": "Feature", "properties": { "score": 0.1415 }, "geometry": { "type": "Point", "coordinates": [ 572801.529830000014044, 2845137.717380000278354 ] } },
{ "type": "Feature", "properties": { "score": 0.1415 }, "geometry": { "type": "Point", "coordinates": [ 572507.12983, 2845303.917380000464618 ] } },
{ "type": "Feature", "properties": { "score": 0.1415 }, "geometry": { "type": "Point", "coordinates": [ 572738.32983000006061, 2845172.917380000464618 ] } },
{ "type": "Feature", "properties": { "score": 0.1414 }, "geometry": { "type": "Point", "coordinates": [ 572676.32983000006061, 2845373.917380000464618 ] } },
{ "type": "Feature", "properties": { "score": 0.1414 }, "geometry": { "type": "Point", "coordinates": [ 572674.529830000014044, 2845109.51738 ] } },
{ "type": "Feature", "properties": { "score": 0.1414 }, "geometry": { "type": "Point", "coordinates": [ 572821.729830000083894, 2845002.51738 ] } },
{ "type": "Feature", "properties": { "score": 0.1414 }, "geometry": { "type": "Point", "coordinates": [ 572654.32983000006061, 2844652.917380000464618 ] } },
{ "type": "Feature", "properties": { "score": 0.1413 }, "geometry": { "type": "Point", "coordinates": [ 572810.32983000006061, 2844892.317380000371486 ] } },
{ "type": "Feature", "properties": { "score": 0.1413 }, "geometry": { "type": "Point", "coordinates": [ 572716.729830000083894, 2844926.317380000371486 ] } },
{ "type": "Feature", "properties": { "score": 0.1412 }, "geometry": { "type": "Point", "coordinates": [ 573047.32983000006061, 2845011.317380000371486 ] } },
{ "type": "Feature", "properties": { "score": 0.1412 }, "geometry": { "type": "Point", "coordinates": [ 572733.729830000083894, 2845080.317380000371486 ] } },
{ "type": "Feature", "properties": { "score": 0.1412 }, "geometry": { "type": "Point", "coordinates": [ 572504.929830000037327, 2845286.117380000185221 ] } },
{ "type": "Feature", "properties": { "score": 0.1412 }, "geometry": { "type": "Point", "coordinates": [ 573001.32983000006061, 2844795.917380000464618 ] } },
{ "type": "Feature", "properties": { "score": 0.1411 }, "geometry": { "type": "Point", "coordinates": [ 572803.529830000014044, 2844990.917380000464618 ] } },
{ "type": "Feature", "properties": { "score": 0.1411 }, "geometry": { "type": "Point", "coordinates": [ 573057.729829999967478, 2845089.917380000464618 ] } },
{ "type": "Feature", "properties": { "score": 0.1411 }, "geometry": { "type": "Point", "coordinates": [ 572965.729829999967478, 2845086.51738 ] } },
{ "type": "Feature", "properties": { "score": 0.1411 }, "geometry": { "type": "Point", "coordinates": [ 572498.12983, 2844794.917380000464618 ] } },
{ "type": "Feature", "properties": { "score": 0.1411 }, "geometry": { "type": "Point", "coordinates": [ 572606.529830000014044, 2845267.917380000464618 ] } },
{ "type": "Feature", "properties": { "score": 0.1411 }, "geometry": { "type": "Point", "coordinates": [ 572786.32983000006061, 2844726.51738 ] } },
{ "type": "Feature", "properties": { "score": 0.1411 }, "geometry": { "type": "Point", "coordinates": [ 572507.929830000037327, 2844794.51738 ] } },
{ "type": "Feature", "properties": { "score": 0.141 }, "geometry": { "type": "Point", "coordinates": [ 572532.929830000037327, 2845074.51738 ] } },
{ "type": "Feature", "properties": { "score": 0.141 }, "geometry": { "type": "Point", "coordinates": [ 572837.929830000037327, 2844843.51738 ] } },
{ "type": "Feature", "properties": { "score": 0.141 }, "geometry": { "type": "Point", "coordinates": [ 573040.12983, 2844975.717380000278354 ] } },
{ "type": "Feature", "properties": { "score": 0.141 }, "geometry": { "type": "Point", "coordinates": [ 572613.12983, 2845263.917380000464618 ] } },
{ "type": "Feature", "properties": { "score": 0.1409 }, "geometry": { "type": "Point", "coordinates": [ 572850.529830000014044, 2844903.317380000371486 ] } },
{ "type": "Feature", "properties": { "score": 0.1409 }, "geometry": { "type": "Point", "coordinates": [ 572999.929830000037327, 2844815.917380000464618 ] } },
{ "type": "Feature", "properties": { "score": 0.1409 }, "geometry": { "type": "Point", "coordinates": [ 572577.929830000037327, 2845014.917380000464618 ] } },
{ "type": "Feature", "properties": { "score": 0.1409 }, "geometry": { "type": "Point", "coordinates": [ 572546.32983000006061, 2844818.717380000278354 ] } },
{ "type": "Feature", "properties": { "score": 0.1409 }, "geometry": { "type": "Point", "coordinates": [ 572874.12983, 2845073.117380000185221 ] } },
{ "type": "Feature", "properties": { "score": 0.1408 }, "geometry": { "type": "Point", "coordinates": [ 572558.32983000006061, 2845266.717380000278354 ] } },
{ "type": "Feature", "properties": { "score": 0.1408 }, "geometry": { "type": "Point", "coordinates": [ 572508.32983000006061, 2845279.317380000371486 ] } },
{ "type": "Feature", "properties": { "score": 0.1408 }, "geometry": { "type": "Point", "coordinates": [ 572569.729830000083894, 2845375.717380000278354 ] } },
{ "type": "Feature", "properties": { "score": 0.1408 }, "geometry": { "type": "Point", "coordinates": [ 573026.729829999967478, 2845092.317380000371486 ] } },
{ "type": "Feature", "properties": { "score": 0.1408 }, "geometry": { "type": "Point", "coordinates": [ 572774.12983, 2845151.117380000185221 ] } },
{ "type": "Feature", "properties": { "score": 0.1407 }, "geometry": { "type": "Point", "coordinates": [ 572550.529830000014044, 2844732.117380000185221 ] } },
{ "type": "Feature", "properties": { "score": 0.1407 }, "geometry": { "type": "Point", "coordinates": [ 572756.529830000014044, 2844959.117380000185221 ] } },
{ "type": "Feature", "properties": { "score": 0.1407 }, "geometry": { "type": "Point", "coordinates": [ 572604.12983, 2844780.717380000278354 ] } },
{ "type": "Feature", "properties": { "score": 0.1407 }, "geometry": { "type": "Point", "coordinates": [ 572585.32983000006061, 2844943.917380000464618 ] } },
{ "type": "Feature", "properties": { "score": 0.1407 }, "geometry": { "type": "Point", "coordinates": [ 572894.32983000006061, 2844841.717380000278354 ] } },
{ "type": "Feature", "properties": { "score": 0.1407 }, "geometry": { "type": "Point", "coordinates": [ 572796.729830000083894, 2845124.51738 ] } },
{ "type": "Feature", "properties": { "score": 0.1407 }, "geometry": { "type": "Point", "coordinates": [ 572630.929830000037327, 2845388.51738 ] } },
{ "type": "Feature", "properties": { "score": 0.1406 }, "geometry": { "type": "Point", "coordinates": [ 572963.12983, 2844762.117380000185221 ] } },
{ "type": "Feature", "properties": { "score": 0.1406 }, "geometry": { "type": "Point", "coordinates": [ 572606.32983000006061, 2844797.317380000371486 ] } },
{ "type": "Feature", "properties": { "score": 0.1406 }, "geometry": { "type": "Point", "coordinates": [ 572623.929830000037327, 2845364.317380000371486 ] } },
{ "type": "Feature", "properties": { "score": 0.1406 }, "geometry": { "type": "Point", "coordinates": [ 572819.32983000006061, 2844667.51738 ] } },
{ "type": "Feature", "properties": { "score": 0.1406 }, "geometry": { "type": "Point", "coordinates": [ 573071.12983, 2844958.51738 ] } },
{ "type": "Feature", "properties": { "score": 0.1406 }, "geometry": { "type": "Point", "coordinates": [ 572825.929830000037327, 2845114.717380000278354 ] } },
{ "type": "Feature", "properties": { "score": 0.1405 }, "geometry": { "type": "Point", "coordinates": [ 572676.929830000037327, 2844780.917380000464618 ] } },
{ "type": "Feature", "properties": { "score": 0.1405 }, "geometry": { "type": "Point", "coordinates": [ 572774.32983000006061, 2844728.51738 ] } },
{ "type": "Feature", "properties": { "score": 0.1405 }, "geometry": { "type": "Point", "coordinates": [ 572666.529830000014044, 2845051.51738 ] } },
{ "type": "Feature", "properties": { "score": 0.1405 }, "geometry": { "type": "Point", "coordinates": [ 572534.32983000006061, 2845012.717380000278354 ] } },
{ "type": "Feature", "properties": { "score": 0.1405 }, "geometry": { "type": "Point", "coordinates": [ 572502.12983, 2844988.717380000278354 ] } },
{ "type": "Feature", "properties": { "score": 0.1404 }, "geometry": { "type": "Point", "coordinates": [ 572685.529830000014044, 2844759.51738 ] } },
{ "type": "Feature", "properties": { "score": 0.1404 }, "geometry": { "type": "Point", "coordinates": [ 572744.32983000006061, 2845000.317380000371486 ] } },
{ "type": "Feature", "properties": { "score": 0.1404 }, "geometry": { "type": "Point", "coordinates": [ 572599.12983, 2845385.51738 ] } },
{ "type": "Feature", "properties": { "score": 0.1404 }, "geometry": { "type": "Point", "coordinates": [ 572870.32983000006061, 2844991.317380000371486 ] } },
{ "type": "Feature", "properties": { "score": 0.1404 }, "geometry": { "type": "Point", "coordinates": [ 573043.929830000037327, 2844894.317380000371486 ] } },
{ "type": "Feature", "properties": { "score": 0.1403 }, "geometry": { "type": "Point", "coordinates": [ 572730.929830000037327, 2845122.317380000371486 ] } },
{ "type": "Feature", "properties": { "score": 0.1403 }, "geometry": { "type": "Point", "coordinates": [ 572613.12983, 2845090.317380000371486 ] } },
{ "type": "Feature", "properties": { "score": 0.1402 }, "geometry": { "type": "Point", "coordinates": [ 572666.12983, 2845035.317380000371486 ] } },
{ "type": "Feature", "properties": { "score": 0.1402 }, "geometry": { "type": "Point", "coordinates": [ 572601.529830000014044, 2845256.917380000464618 ] } },
{ "type": "Feature", "properties": { "score": 0.1402 }, "geometry": { "type": "Point", "coordinates": [ 572543.729830000083894, 2845233.117380000185221 ] } },
{ "type": "Feature", "properties": { "score": 0.1402 }, "geometry": { "type": "Point", "coordinates": [ 572692.32983000006061, 2844945.117380000185221 ] } },
{ "type": "Feature", "properties": { "score": 0.1402 }, "geometry": { "type": "Point", "coordinates": [ 572717.729830000083894, 2844871.117380000185221 ] } },
{ "type": "Feature", "properties": { "score": 0.1401 }, "geometry": { "type": "Point", "coordinates": [ 572738.32983000006061, 2844702.117380000185221 ] } },
{ "type": "Feature", "properties": { "score": 0.1401 }, "geometry": { "type": "Point", "coordinates": [ 572810.12983, 2845172.117380000185221 ] } },
{ "type": "Feature", "properties": { "score": 0.1401 }, "geometry": { "type": "Point", "coordinates": [ 572897.32983000006061, 2845266.717380000278354 ] } },
{ "type": "Feature", "properties": { "score": 0.1401 }, "geometry": { "type": "Point", "coordinates": [ 572881.32983000006061, 2845264.717380000278354 ] } },
{ "type": "Feature", "properties": { "score": 0.14 }, "geometry": { "type": "Point", "coordinates": [ 572693.729830000083894, 2845095.317380000371486 ] } },
{ "type": "Feature", "properties": { "score": 0.14 }, "geometry": { "type": "Point", "coordinates": [ 572848.529830000014044, 2844957.51738 ] } },
{ "type": "Feature", "properties": { "score": 0.14 }, "geometry": { "type": "Point", "coordinates": [ 572703.12983, 2845057.717380000278354 ] } },
{ "type": "Feature", "properties": { "score": 0.14 }, "geometry": { "type": "Point", "coordinates": [ 572899.529830000014044, 2845266.317380000371486 ] } },
{ "type": "Feature", "properties": { "score": 0.14 }, "geometry": { "type": "Point", "coordinates": [ 572690.929830000037327, 2844830.917380000464618 ] } },
{ "type": "Feature", "properties": { "score": 0.14 }, "geometry": { "type": "Point", "coordinates": [ 573026.32983000006061, 2845062.717380000278354 ] } },
{ "type": "Feature", "properties": { "score": 0.1399 }, "geometry": { "type": "Point", "coordinates": [ 572822.12983, 2844802.917380000464618 ] } },
{ "type": "Feature", "properties": { "score": 0.1399 }, "geometry": { "type": "Point", "coordinates": [ 572568.529830000014044, 2844870.317380000371486 ] } },
{ "type": "Feature", "properties": { "score": 0.1399 }, "geometry": { "type": "Point", "coordinates": [ 572792.729830000083894, 2844869.51738 ] } },
{ "type": "Feature", "properties": { "score": 0.1399 }, "geometry": { "type": "Point", "coordinates": [ 572746.12983, 2845145.117380000185221 ] } },
{ "type": "Feature", "properties": { "score": 0.1398 }, "geometry": { "type": "Point", "coordinates": [ 572687.929830000037327, 2844711.917380000464618 ] } },
{ "type": "Feature", "properties": { "score": 0.1398 }, "geometry": { "type": "Point", "coordinates": [ 572863.929830000037327, 2845206.317380000371486 ] } },
{ "type": "Feature", "properties": { "score": 0.1398 }, "geometry": { "type": "Point", "coordinates": [ 572741.12983, 2845081.317380000371486 ] } },
{ "type": "Feature", "properties": { "score": 0.1398 }, "geometry": { "type": "Point", "coordinates": [ 572762.12983, 2845322.51738 ] } },
{ "type": "Feature", "properties": { "score": 0.1397 }, "geometry": { "type": "Point", "coordinates": [ 572629.929830000037327, 2844731.317380000371486 ] } },
{ "type": "Feature", "properties": { "score": 0.1397 }, "geometry": { "type": "Point", "coordinates": [ 573015.729829999967478, 2844993.117380000185221 ] } },
{ "type": "Feature", "properties": { "score": 0.1397 }, "geometry": { "type": "Point", "coordinates": [ 572730.529830000014044, 2844678.51738 ] } },
{ "type": "Feature", "properties": { "score": 0.1397 }, "geometry": { "type": "Point", "coordinates": [ 572996.929830000037327, 2844734.917380000464618 ] } },
{ "type": "Feature", "properties": { "score": 0.1397 }, "geometry": { "type": "Point", "coordinates": [ 572558.12983, 2845362.51738 ] } },
{ "type": "Feature", "properties": { "score": 0.1397 }, "geometry": { "type": "Point", "coordinates": [ 572941.929830000037327, 2844918.917380000464618 ] } },
{ "type": "Feature", "properties": { "score": 0.1396 }, "geometry": { "type": "Point", "coordinates": [ 572661.729830000083894, 2845261.117380000185221 ] } },
{ "type": "Feature", "properties": { "score": 0.1396 }, "geometry": { "type": "Point", "coordinates": [ 572503.12983, 2845035.117380000185221 ] } },
{ "type": "Feature", "properties": { "score": 0.1396 }, "geometry": { "type": "Point", "coordinates": [ 572522.529830000014044, 2845302.317380000371486 ] } },
{ "type": "Feature", "properties": { "score": 0.1396 }, "geometry": { "type": "Point", "coordinates": [ 572564.929830000037327, 2844810.117380000185221 ] } },
{ "type": "Feature", "properties": { "score": 0.1395 }, "geometry": { "type": "Point", "coordinates": [ 573034.529830000014044, 2844736.317380000371486 ] } },
{ "type": "Feature", "properties": { "score": 0.1395 }, "geometry": { "type": "Point", "coordinates": [ 572992.729829999967478, 2844762.117380000185221 ] } },
{ "type": "Feature", "properties": { "score": 0.1395 }, "geometry": { "type": "Point", "coordinates": [ 572524.929830000037327, 2845171.117380000185221 ] } },
{ "type": "Feature", "properties": { "score": 0.1395 }, "geometry": { "type": "Point", "coordinates": [ 572676.12983, 2845277.317380000371486 ] } },
{ "type": "Feature", "properties": { "score": 0.1395 }, "geometry": { "type": "Point", "coordinates": [ 572834.929830000037327, 2845194.717380000278354 ] } },
{ "type": "Feature", "properties": { "score": 0.1395 }, "geometry": { "type": "Point", "coordinates": [ 572618.12983, 2844835.917380000464618 ] } },
{ "type": "Feature", "properties": { "score": 0.1395 }, "geometry": { "type": "Point", "coordinates": [ 572647.729830000083894, 2844917.51738 ] } },
{ "type": "Feature", "properties": { "score": 0.1394 }, "geometry": { "type": "Point", "coordinates": [ 572849.12983, 2845303.117380000185221 ] } },
{ "type": "Feature", "properties": { "score": 0.1394 }, "geometry": { "type": "Point", "coordinates": [ 573000.929830000037327, 2844787.117380000185221 ] } },
{ "type": "Feature", "properties": { "score": 0.1394 }, "geometry": { "type": "Point", "coordinates": [ 573060.32983000006061, 2844672.717380000278354 ] } },
{ "type": "Feature", "properties": { "score": 0.1394 }, "geometry": { "type": "Point", "coordinates": [ 572640.929830000037327, 2845354.51738 ] } },
{ "type": "Feature", "properties": { "score": 0.1394 }, "geometry": { "type": "Point", "coordinates": [ 572907.529830000014044, 2844721.917380000464618 ] } },
{ "type": "Feature", "properties": { "score": 0.1394 }, "geometry": { "type": "Point", "coordinates": [ 572604.929830000037327, 2845066.317380000371486 ] } },
{ "type": "Feature", "properties": { "score": 0.1393 }, "geometry": { "type": "Point", "coordinates": [ 572998.12983, 2845032.117380000185221 ] } },
{ "type": "Feature", "properties": { "score": 0.1393 }, "geometry": { "type": "Point", "coordinates": [ 572630.12983, 2845336.117380000185221 ] } },
{ "type": "Feature", "properties": { "score": 0.1393 }, "geometry": { "type": "Point", "coordinates": [ 572760.32983000006061, 2845188.917380000464618 ] } },
{ "type": "Feature", "properties": { "score": 0.1393 }, "geometry": { "type": "Point", "coordinates": [ 572819.929830000037327, 2845202.51738 ] } },
{ "type": "Feature", "properties": { "score": 0.1393 }, "geometry": { "type": "Point", "coordinates": [ 572990.12983, 2845043.317380000371486 ] } },
{ "type": "Feature", "properties": { "score": 0.1393 }, "geometry": { "type": "Point", "coordinates": [ 572603.729830000083894, 2844849.117380000185221 ] } },
{ "type": "Feature", "properties": { "score": 0.1393 }, "geometry": { "type": "Point", "coordinates": [ 573041.929830000037327, 2844978.51738 ] } },
{ "type": "Feature", "properties": { "score": 0.1393 }, "geometry": { "type": "Point", "coordinates": [ 573062.12983, 2845027.317380000371486 ] } },
{ "type": "Feature", "properties": { "score": 0.1392 }, "geometry": { "type": "Point", "coordinates": [ 572665.729830000083894, 2844725.117380000185221 ] } },
{ "type": "Feature", "properties": { "score": 0.1392 }, "geometry": { "type": "Point", "coordinates": [ 572831.32983000006061, 2845047.317380000371486 ] } },
{ "type": "Feature", "properties": { "score": 0.1392 }, "geometry": { "type": "Point", "coordinates": [ 572990.32983000006061, 2844805.117380000185221 ] } },
{ "type": "Feature", "properties": { "score": 0.1392 }, "geometry": { "type": "Point", "coordinates": [ 572779.729830000083894, 2845268.317380000371486 ] } },
{ "type": "Feature", "properties": { "score": 0.1392 }, "geometry": { "type": "Point", "coordinates": [ 572894.12983, 2845031.717380000278354 ] } },
{ "type": "Feature", "properties": { "score": 0.1392 }, "geometry": { "type": "Point", "coordinates": [ 572503.729830000083894, 2845027.717380000278354 ] } },
{ "type": "Feature", "properties": { "score": 0.1392 }, "geometry": { "type": "Point", "coordinates": [ 572858.12983, 2845226.117380000185221 ] } },
{ "type": "Feature", "properties": { "score": 0.1392 }, "geometry": { "type": "Point", "coordinates": [ 572872.12983, 2845226.317380000371486 ] } },
{ "type": "Feature", "properties": { "score": 0.1391 }, "geometry": { "type": "Point", "coordinates": [ 572545.32983000006061, 2844833.717380000278354 ] } },
{ "type": "Feature", "properties": { "score": 0.1391 }, "geometry": { "type": "Point", "coordinates": [ 572861.529830000014044, 2845185.51738 ] } },
{ "type": "Feature", "properties": { "score": 0.1391 }, "geometry": { "type": "Point", "coordinates": [ 572875.32983000006061, 2844701.51738 ] } },
{ "type": "Feature", "properties": { "score": 0.139 }, "geometry": { "type": "Point", "coordinates": [ 572641.929830000037327, 2844880.117380000185221 ] } },
{ "type": "Feature", "properties": { "score": 0.139 }, "geometry": { "type": "Point", "coordinates": [ 572750.12983, 2845111.917380000464618 ] } },
{ "type": "Feature", "properties": { "score": 0.139 }, "geometry": { "type": "Point", "coordinates": [ 573002.12983, 2845005.317380000371486 ] } },
{ "type": "Feature", "properties": { "score": 0.1389 }, "geometry": { "type": "Point", "coordinates": [ 572715.12983, 2845129.917380000464618 ] } },
{ "type": "Feature", "properties": { "score": 0.1389 }, "geometry": { "type": "Point", "coordinates": [ 572786.529830000014044, 2845095.317380000371486 ] } },
{ "type": "Feature", "properties": { "score": 0.1389 }, "geometry": { "type": "Point", "coordinates": [ 572615.12983, 2845064.51738 ] } },
{ "type": "Feature", "properties": { "score": 0.1388 }, "geometry": { "type": "Point", "coordinates": [ 572546.729830000083894, 2845134.117380000185221 ] } },
{ "type": "Feature", "properties": { "score": 0.1388 }, "geometry": { "type": "Point", "coordinates": [ 572772.32983000006061, 2845070.51738 ] } },
{ "type": "Feature", "properties": { "score": 0.1388 }, "geometry": { "type": "Point", "coordinates": [ 572673.32983000006061, 2845230.117380000185221 ] } },
{ "type": "Feature", "properties": { "score": 0.1388 }, "geometry": { "type": "Point", "coordinates": [ 572979.12983, 2845112.117380000185221 ] } },
{ "type": "Feature", "properties": { "score": 0.1388 }, "geometry": { "type": "Point", "coordinates": [ 572521.729830000083894, 2844792.117380000185221 ] } },
{ "type": "Feature", "properties": { "score": 0.1387 }, "geometry": { "type": "Point", "coordinates": [ 572562.929830000037327, 2845318.317380000371486 ] } },
{ "type": "Feature", "properties": { "score": 0.1387 }, "geometry": { "type": "Point", "coordinates": [ 572586.729830000083894, 2845015.917380000464618 ] } },
{ "type": "Feature", "properties": { "score": 0.1387 }, "geometry": { "type": "Point", "coordinates": [ 572499.12983, 2844653.117380000185221 ] } },
{ "type": "Feature", "properties": { "score": 0.1387 }, "geometry": { "type": "Point", "coordinates": [ 572891.929830000037327, 2844690.717380000278354 ] } },
{ "type": "Feature", "properties": { "score": 0.1386 }, "geometry": { "type": "Point", "coordinates": [ 572644.729830000083894, 2844681.317380000371486 ] } },
{ "type": "Feature", "properties": { "score": 0.1386 }, "geometry": { "type": "Point", "coordinates": [ 572644.929830000037327, 2844940.917380000464618 ] } },
{ "type": "Feature", "properties": { "score": 0.1386 }, "geometry": { "type": "Point", "coordinates": [ 572942.729829999967478, 2844650.317380000371486 ] } },
{ "type": "Feature", "properties": { "score": 0.1386 }, "geometry": { "type": "Point", "coordinates": [ 572827.32983000006061, 2845130.717380000278354 ] } },
{ "type": "Feature", "properties": { "score": 0.1385 }, "geometry": { "type": "Point", "coordinates": [ 572786.929830000037327, 2845009.717380000278354 ] } },
{ "type": "Feature", "properties": { "score": 0.1385 }, "geometry": { "type": "Point", "coordinates": [ 572684.32983000006061, 2845358.917380000464618 ] } },
{ "type": "Feature", "properties": { "score": 0.1385 }, "geometry": { "type": "Point", "coordinates": [ 572949.529830000014044, 2845124.917380000464618 ] } },
{ "type": "Feature", "properties": { "score": 0.1385 }, "geometry": { "type": "Point", "coordinates": [ 572542.12983, 2844972.917380000464618 ] } },
{ "type": "Feature", "properties": { "score": 0.1385 }, "geometry": { "type": "Point", "coordinates": [ 572536.729830000083894, 2845279.917380000464618 ] } },
{ "type": "Feature", "properties": { "score": 0.1384 }, "geometry": { "type": "Point", "coordinates": [ 572682.929830000037327, 2844716.717380000278354 ] } },
{ "type": "Feature", "properties": { "score": 0.1384 }, "geometry": { "type": "Point", "coordinates": [ 572826.32983000006061, 2845088.51738 ] } },
{ "type": "Feature", "properties": { "score": 0.1384 }, "geometry": { "type": "Point", "coordinates": [ 572740.32983000006061, 2844838.51738 ] } },
{ "type": "Feature", "properties": { "score": 0.1384 }, "geometry": { "type": "Point", "coordinates": [ 572812.729830000083894, 2844698.317380000371486 ] } },
{ "type": "Feature", "properties": { "score": 0.1384 }, "geometry": { "type": "Point", "coordinates": [ 572666.32983000006061, 2844703.917380000464618 ] } },
{ "type": "Feature", "properties": { "score": 0.1384 }, "geometry": { "type": "Point", "coordinates": [ 572601.529830000014044, 2845046.717380000278354 ] } },
{ "type": "Feature", "properties": { "score": 0.1384 }, "geometry": { "type": "Point", "coordinates": [ 572696.729830000083894, 2844968.117380000185221 ] } },
{ "type": "Feature", "properties": { "score": 0.1384 }, "geometry": { "type": "Point", "coordinates": [ 572581.12983, 2845350.317380000371486 ] } },
{ "type": "Feature", "properties": { "score": 0.1383 }, "geometry": { "type": "Point", "coordinates": [ 572980.929830000037327, 2845038.317380000371486 ] } },
{ "type": "Feature", "properties": { "score": 0.1383 }, "geometry": { "type": "Point", "coordinates": [ 572791.929830000037327, 2845215.917380000464618 ] } },
{ "type": "Feature", "properties": { "score": 0.1383 }, "geometry": { "type": "Point", "coordinates": [ 572733.929830000037327, 2844987.51738 ] } },
{ "type": "Feature", "properties": { "score": 0.1383 }, "geometry": { "type": "Point", "coordinates": [ 572942.929830000037327, 2844728.317380000371486 ] } },
{ "type": "Feature", "properties": { "score": 0.1383 }, "geometry": { "type": "Point", "coordinates": [ 572485.929830000037327, 2845334.917380000464618 ] } },
{ "type": "Feature", "properties": { "score": 0.1383 }, "geometry": { "type": "Point", "coordinates": [ 572734.729830000083894, 2844857.51738 ] } },
{ "type": "Feature", "properties": { "score": 0.1383 }, "geometry": { "type": "Point", "coordinates": [ 573060.12983, 2845072.51738 ] } },
{ "type": "Feature", "properties": { "score": 0.1382 }, "geometry": { "type": "Point", "coordinates": [ 572521.929830000037327, 2845273.117380000185221 ] } },
{ "type": "Feature", "properties": { "score": 0.1382 }, "geometry": { "type": "Point", "coordinates": [ 572700.729830000083894, 2845295.117380000185221 ] } },
{ "type": "Feature", "properties": { "score": 0.1382 }, "geometry": { "type": "Point", "coordinates": [ 572626.529830000014044, 2845085.51738 ] } },
{ "type": "Feature", "properties": { "score": 0.1382 }, "geometry": { "type": "Point", "coordinates": [ 572726.32983000006061, 2845209.717380000278354 ] } },
{ "type": "Feature", "properties": { "score": 0.1381 }, "geometry": { "type": "Point", "coordinates": [ 572561.12983, 2844997.117380000185221 ] } },
{ "type": "Feature", "properties": { "score": 0.1381 }, "geometry": { "type": "Point", "coordinates": [ 572811.32983000006061, 2845092.51738 ] } },
{ "type": "Feature", "properties": { "score": 0.1381 }, "geometry": { "type": "Point", "coordinates": [ 572772.529830000014044, 2844713.51738 ] } },
{ "type": "Feature", "properties": { "score": 0.1381 }, "geometry": { "type": "Point", "coordinates": [ 572724.32983000006061, 2845136.117380000185221 ] } },
{ "type": "Feature", "properties": { "score": 0.138 }, "geometry": { "type": "Point", "coordinates": [ 572764.529830000014044, 2844641.51738 ] } },
{ "type": "Feature", "properties": { "score": 0.138 }, "geometry": { "type": "Point", "coordinates": [ 572766.729830000083894, 2845146.317380000371486 ] } },
{ "type": "Feature", "properties": { "score": 0.138 }, "geometry": { "type": "Point", "coordinates": [ 572639.929830000037327, 2844863.51738 ] } },
{ "type": "Feature", "properties": { "score": 0.138 }, "geometry": { "type": "Point", "coordinates": [ 572694.12983, 2844704.717380000278354 ] } },
{ "type": "Feature", "properties": { "score": 0.138 }, "geometry": { "type": "Point", "coordinates": [ 572745.12983, 2845041.317380000371486 ] } },
{ "type": "Feature", "properties": { "score": 0.138 }, "geometry": { "type": "Point", "coordinates": [ 573050.929830000037327, 2845098.917380000464618 ] } },
{ "type": "Feature", "properties": { "score": 0.1379 }, "geometry": { "type": "Point", "coordinates": [ 572749.929830000037327, 2845076.317380000371486 ] } },
{ "type": "Feature", "properties": { "score": 0.1379 }, "geometry": { "type": "Point", "coordinates": [ 572782.32983000006061, 2844929.917380000464618 ] } },
{ "type": "Feature", "properties": { "score": 0.1379 }, "geometry": { "type": "Point", "coordinates": [ 572948.729829999967478, 2844686.117380000185221 ] } },
{ "type": "Feature", "properties": { "score": 0.1378 }, "geometry": { "type": "Point", "coordinates": [ 572503.12983, 2844854.117380000185221 ] } },
{ "type": "Feature", "properties": { "score": 0.1378 }, "geometry": { "type": "Point", "coordinates": [ 572870.12983, 2844918.117380000185221 ] } },
{ "type": "Feature", "properties": { "score": 0.1378 }, "geometry": { "type": "Point", "coordinates": [ 572618.12983, 2844981.717380000278354 ] } },
{ "type": "Feature", "properties": { "score": 0.1378 }, "geometry": { "type": "Point", "coordinates": [ 572746.729830000083894, 2845120.51738 ] } },
{ "type": "Feature", "properties": { "score": 0.1378 }, "geometry": { "type": "Point", "coordinates": [ 572702.12983, 2844684.117380000185221 ] } },
{ "type": "Feature", "properties": { "score": 0.1378 }, "geometry": { "type": "Point", "coordinates": [ 572697.929830000037327, 2844893.317380000371486 ] } },
{ "type": "Feature", "properties": { "score": 0.1378 }, "geometry": { "type": "Point", "coordinates": [ 572787.729830000083894, 2844870.717380000278354 ] } },
{ "type": "Feature", "properties": { "score": 0.1378 }, "geometry": { "type": "Point", "coordinates": [ 572786.12983, 2845199.917380000464618 ] } },
{ "type": "Feature", "properties": { "score": 0.1378 }, "geometry": { "type": "Point", "coordinates": [ 572522.32983000006061, 2845013.317380000371486 ] } },
{ "type": "Feature", "properties": { "score": 0.1378 }, "geometry": { "type": "Point", "coordinates": [ 572964.729829999967478, 2844699.117380000185221 ] } },
{ "type": "Feature", "properties": { "score": 0.1377 }, "geometry": { "type": "Point", "coordinates": [ 572878.32983000006061, 2845208.51738 ] } },
{ "type": "Feature", "properties": { "score": 0.1377 }, "geometry": { "type": "Point", "coordinates": [ 572514.32983000006061, 2844797.51738 ] } },
{ "type": "Feature", "properties": { "score": 0.1377 }, "geometry": { "type": "Point", "coordinates": [ 572966.12983, 2844978.51738 ] } },
{ "type": "Feature", "properties": { "score": 0.1376 }, "geometry": { "type": "Point", "coordinates": [ 572730.32983000006061, 2844979.717380000278354 ] } },
{ "type": "Feature", "properties": { "score": 0.1376 }, "geometry": { "type": "Point", "coordinates": [ 572942.729829999967478, 2845172.917380000464618 ] } },
{ "type": "Feature", "properties": { "score": 0.1376 }, "geometry": { "type": "Point", "coordinates": [ 572672.929830000037327, 2845028.317380000371486 ] } },
{ "type": "Feature", "properties": { "score": 0.1376 }, "geometry": { "type": "Point", "coordinates": [ 572733.929830000037327, 2844819.317380000371486 ] } },
{ "type": "Feature", "properties": { "score": 0.1376 }, "geometry": { "type": "Point", "coordinates": [ 572787.12983, 2844968.51738 ] } },
{ "type": "Feature", "properties": { "score": 0.1376 }, "geometry": { "type": "Point", "coordinates": [ 572690.32983000006061, 2844983.917380000464618 ] } },
{ "type": "Feature", "properties": { "score": 0.1375 }, "geometry": { "type": "Point", "coordinates": [ 572677.729830000083894, 2844947.117380000185221 ] } },
{ "type": "Feature", "properties": { "score": 0.1375 }, "geometry": { "type": "Point", "coordinates": [ 572723.929830000037327, 2844822.317380000371486 ] } },
{ "type": "Feature", "properties": { "score": 0.1375 }, "geometry": { "type": "Point", "coordinates": [ 572499.12983, 2844847.117380000185221 ] } },
{ "type": "Feature", "properties": { "score": 0.1375 }, "geometry": { "type": "Point", "coordinates": [ 572511.12983, 2845345.51738 ] } },
{ "type": "Feature", "properties": { "score": 0.1374 }, "geometry": { "type": "Point", "coordinates": [ 572520.929830000037327, 2844903.917380000464618 ] } },
{ "type": "Feature", "properties": { "score": 0.1374 }, "geometry": { "type": "Point", "coordinates": [ 572525.529830000014044, 2844694.917380000464618 ] } },
{ "type": "Feature", "properties": { "score": 0.1374 }, "geometry": { "type": "Point", "coordinates": [ 572676.32983000006061, 2845230.317380000371486 ] } },
{ "type": "Feature", "properties": { "score": 0.1374 }, "geometry": { "type": "Point", "coordinates": [ 572592.32983000006061, 2845365.917380000464618 ] } },
{ "type": "Feature", "properties": { "score": 0.1374 }, "geometry": { "type": "Point", "coordinates": [ 572827.32983000006061, 2844833.51738 ] } },
{ "type": "Feature", "properties": { "score": 0.1374 }, "geometry": { "type": "Point", "coordinates": [ 572870.32983000006061, 2845074.317380000371486 ] } },
{ "type": "Feature", "properties": { "score": 0.1374 }, "geometry": { "type": "Point", "coordinates": [ 572600.32983000006061, 2845182.317380000371486 ] } },
{ "type": "Feature", "properties": { "score": 0.1374 }, "geometry": { "type": "Point", "coordinates": [ 572747.12983, 2844725.51738 ] } },
{ "type": "Feature", "properties": { "score": 0.1374 }, "geometry": { "type": "Point", "coordinates": [ 572725.929830000037327, 2845039.51738 ] } },
{ "type": "Feature", "properties": { "score": 0.1374 }, "geometry": { "type": "Point", "coordinates": [ 572820.32983000006061, 2845177.117380000185221 ] } },
{ "type": "Feature", "properties": { "score": 0.1373 }, "geometry": { "type": "Point", "coordinates": [ 573033.529830000014044, 2844762.717380000278354 ] } },
{ "type": "Feature", "properties": { "score": 0.1373 }, "geometry": { "type": "Point", "coordinates": [ 572747.729830000083894, 2845222.717380000278354 ] } },
{ "type": "Feature", "properties": { "score": 0.1372 }, "geometry": { "type": "Point", "coordinates": [ 572579.929830000037327, 2844940.717380000278354 ] } },
{ "type": "Feature", "properties": { "score": 0.1372 }, "geometry": { "type": "Point", "coordinates": [ 572592.929830000037327, 2845076.51738 ] } },
{ "type": "Feature", "properties": { "score": 0.1372 }, "geometry": { "type": "Point", "coordinates": [ 572601.32983000006061, 2844969.51738 ] } },
{ "type": "Feature", "properties": { "score": 0.1372 }, "geometry": { "type": "Point", "coordinates": [ 572726.12983, 2844839.317380000371486 ] } },
{ "type": "Feature", "properties": { "score": 0.1372 }, "geometry": { "type": "Point", "coordinates": [ 572983.929830000037327, 2844834.317380000371486 ] } },
{ "type": "Feature", "properties": { "score": 0.1371 }, "geometry": { "type": "Point", "coordinates": [ 572639.529830000014044, 2844737.51738 ] } },
{ "type": "Feature", "properties": { "score": 0.1371 }, "geometry": { "type": "Point", "coordinates": [ 572761.32983000006061, 2845339.317380000371486 ] } },
{ "type": "Feature", "properties": { "score": 0.1371 }, "geometry": { "type": "Point", "coordinates": [ 573061.729829999967478, 2844991.917380000464618 ] } },
{ "type": "Feature", "properties": { "score": 0.1371 }, "geometry": { "type": "Point", "coordinates": [ 573065.729829999967478, 2844678.917380000464618 ] } },
{ "type": "Feature", "properties": { "score": 0.1371 }, "geometry": { "type": "Point", "coordinates": [ 572764.729830000083894, 2844771.317380000371486 ] } },
{ "type": "Feature", "properties": { "score": 0.1371 }, "geometry": { "type": "Point", "coordinates": [ 572902.529830000014044, 2845234.717380000278354 ] } },
{ "type": "Feature", "properties": { "score": 0.137 }, "geometry": { "type": "Point", "coordinates": [ 572501.12983, 2845014.51738 ] } },
{ "type": "Feature", "properties": { "score": 0.137 }, "geometry": { "type": "Point", "coordinates": [ 572627.32983000006061, 2845388.717380000278354 ] } },
{ "type": "Feature", "properties": { "score": 0.137 }, "geometry": { "type": "Point", "coordinates": [ 573014.12983, 2844920.717380000278354 ] } },
{ "type": "Feature", "properties": { "score": 0.137 }, "geometry": { "type": "Point", "coordinates": [ 572747.929830000037327, 2845246.717380000278354 ] } },
{ "type": "Feature", "properties": { "score": 0.137 }, "geometry": { "type": "Point", "coordinates": [ 572520.729830000083894, 2844999.117380000185221 ] } },
{ "type": "Feature", "properties": { "score": 0.1369 }, "geometry": { "type": "Point", "coordinates": [ 572716.12983, 2844690.51738 ] } },
{ "type": "Feature", "properties": { "score": 0.1369 }, "geometry": { "type": "Point", "coordinates": [ 572768.529830000014044, 2845185.717380000278354 ] } },
{ "type": "Feature", "properties": { "score": 0.1369 }, "geometry": { "type": "Point", "coordinates": [ 572668.529830000014044, 2844943.117380000185221 ] } },
{ "type": "Feature", "properties": { "score": 0.1369 }, "geometry": { "type": "Point", "coordinates": [ 572544.929830000037327, 2844707.917380000464618 ] } },
{ "type": "Feature", "properties": { "score": 0.1368 }, "geometry": { "type": "Point", "coordinates": [ 572525.32983000006061, 2845266.317380000371486 ] } },
{ "type": "Feature", "properties": { "score": 0.1368 }, "geometry": { "type": "Point", "coordinates": [ 572501.12983, 2845091.51738 ] } },
{ "type": "Feature", "properties": { "score": 0.1368 }, "geometry": { "type": "Point", "coordinates": [ 572871.529830000014044, 2844980.117380000185221 ] } },
{ "type": "Feature", "properties": { "score": 0.1368 }, "geometry": { "type": "Point", "coordinates": [ 572776.729830000083894, 2844678.51738 ] } },
{ "type": "Feature", "properties": { "score": 0.1367 }, "geometry": { "type": "Point", "coordinates": [ 572584.32983000006061, 2845122.317380000371486 ] } },
{ "type": "Feature", "properties": { "score": 0.1367 }, "geometry": { "type": "Point", "coordinates": [ 573004.729829999967478, 2845013.317380000371486 ] } },
{ "type": "Feature", "properties": { "score": 0.1367 }, "geometry": { "type": "Point", "coordinates": [ 572715.12983, 2845218.317380000371486 ] } },
{ "type": "Feature", "properties": { "score": 0.1367 }, "geometry": { "type": "Point", "coordinates": [ 572728.729830000083894, 2845253.51738 ] } },
{ "type": "Feature", "properties": { "score": 0.1367 }, "geometry": { "type": "Point", "coordinates": [ 572560.12983, 2845041.117380000185221 ] } },
{ "type": "Feature", "properties": { "score": 0.1367 }, "geometry": { "type": "Point", "coordinates": [ 572934.729829999967478, 2845159.51738 ] } },
{ "type": "Feature", "properties": { "score": 0.1367 }, "geometry": { "type": "Point", "coordinates": [ 572935.12983, 2845200.717380000278354 ] } },
{ "type": "Feature", "properties": { "score": 0.1366 }, "geometry": { "type": "Point", "coordinates": [ 572760.929830000037327, 2845139.917380000464618 ] } },
{ "type": "Feature", "properties": { "score": 0.1366 }, "geometry": { "type": "Point", "coordinates": [ 573017.529830000014044, 2845090.717380000278354 ] } },
{ "type": "Feature", "properties": { "score": 0.1366 }, "geometry": { "type": "Point", "coordinates": [ 572571.929830000037327, 2845371.717380000278354 ] } },
{ "type": "Feature", "properties": { "score": 0.1366 }, "geometry": { "type": "Point", "coordinates": [ 572812.32983000006061, 2844674.117380000185221 ] } },
{ "type": "Feature", "properties": { "score": 0.1366 }, "geometry": { "type": "Point", "coordinates": [ 572712.729830000083894, 2844758.51738 ] } },
{ "type": "Feature", "properties": { "score": 0.1366 }, "geometry": { "type": "Point", "coordinates": [ 572567.929830000037327, 2845064.317380000371486 ] } },
{ "type": "Feature", "properties": { "score": 0.1366 }, "geometry": { "type": "Point", "coordinates": [ 572692.729830000083894, 2845338.317380000371486 ] } },
{ "type": "Feature", "properties": { "score": 0.1366 }, "geometry": { "type": "Point", "coordinates": [ 572737.529830000014044, 2845045.117380000185221 ] } },
{ "type": "Feature", "properties": { "score": 0.1366 }, "geometry": { "type": "Point", "coordinates": [ 572501.729830000083894, 2845089.117380000185221 ] } },
{ "type": "Feature", "properties": { "score": 0.1366 }, "geometry": { "type": "Point", "coordinates": [ 572725.32983000006061, 2845254.117380000185221 ] } },
{ "type": "Feature", "properties": { "score": 0.1366 }, "geometry": { "type": "Point", "coordinates": [ 572882.12983, 2845206.317380000371486 ] } },
{ "type": "Feature", "properties": { "score": 0.1365 }, "geometry": { "type": "Point", "coordinates": [ 572749.929830000037327, 2845245.51738 ] } },
{ "type": "Feature", "properties": { "score": 0.1365 }, "geometry": { "type": "Point", "coordinates": [ 572896.929830000037327, 2845021.51738 ] } },
{ "type": "Feature", "properties": { "score": 0.1365 }, "geometry": { "type": "Point", "coordinates": [ 572500.529830000014044, 2845365.117380000185221 ] } },
{ "type": "Feature", "properties": { "score": 0.1365 }, "geometry": { "type": "Point", "coordinates": [ 572822.12983, 2845119.917380000464618 ] } },
{ "type": "Feature", "properties": { "score": 0.1365 }, "geometry": { "type": "Point", "coordinates": [ 572618.12983, 2844822.317380000371486 ] } },
{ "type": "Feature", "properties": { "score": 0.1365 }, "geometry": { "type": "Point", "coordinates": [ 572750.32983000006061, 2844858.317380000371486 ] } },
{ "type": "Feature", "properties": { "score": 0.1365 }, "geometry": { "type": "Point", "coordinates": [ 573053.529830000014044, 2845099.117380000185221 ] } },
{ "type": "Feature", "properties": { "score": 0.1364 }, "geometry": { "type": "Point", "coordinates": [ 572526.529830000014044, 2845158.51738 ] } },
{ "type": "Feature", "properties": { "score": 0.1364 }, "geometry": { "type": "Point", "coordinates": [ 572731.32983000006061, 2844709.117380000185221 ] } },
{ "type": "Feature", "properties": { "score": 0.1364 }, "geometry": { "type": "Point", "coordinates": [ 572642.12983, 2844693.117380000185221 ] } },
{ "type": "Feature", "properties": { "score": 0.1364 }, "geometry": { "type": "Point", "coordinates": [ 572699.529830000014044, 2845206.317380000371486 ] } },
{ "type": "Feature", "properties": { "score": 0.1364 }, "geometry": { "type": "Point", "coordinates": [ 573058.12983, 2844903.717380000278354 ] } },
{ "type": "Feature", "properties": { "score": 0.1363 }, "geometry": { "type": "Point", "coordinates": [ 572654.32983000006061, 2845095.317380000371486 ] } },
{ "type": "Feature", "properties": { "score": 0.1363 }, "geometry": { "type": "Point", "coordinates": [ 572597.929830000037327, 2845348.717380000278354 ] } },
{ "type": "Feature", "properties": { "score": 0.1363 }, "geometry": { "type": "Point", "coordinates": [ 572966.529830000014044, 2844844.117380000185221 ] } },
{ "type": "Feature", "properties": { "score": 0.1363 }, "geometry": { "type": "Point", "coordinates": [ 572670.12983, 2844940.917380000464618 ] } },
{ "type": "Feature", "properties": { "score": 0.1363 }, "geometry": { "type": "Point", "coordinates": [ 573041.32983000006061, 2845054.917380000464618 ] } },
{ "type": "Feature", "properties": { "score": 0.1363 }, "geometry": { "type": "Point", "coordinates": [ 572521.32983000006061, 2845032.51738 ] } },
{ "type": "Feature", "properties": { "score": 0.1362 }, "geometry": { "type": "Point", "coordinates": [ 572673.529830000014044, 2845205.51738 ] } },
{ "type": "Feature", "properties": { "score": 0.1362 }, "geometry": { "type": "Point", "coordinates": [ 572750.529830000014044, 2844684.717380000278354 ] } },
{ "type": "Feature", "properties": { "score": 0.1362 }, "geometry": { "type": "Point", "coordinates": [ 572807.32983000006061, 2844674.317380000371486 ] } },
{ "type": "Feature", "properties": { "score": 0.1362 }, "geometry": { "type": "Point", "coordinates": [ 572638.32983000006061, 2844710.51738 ] } },
{ "type": "Feature", "properties": { "score": 0.1362 }, "geometry": { "type": "Point", "coordinates": [ 572612.12983, 2845061.51738 ] } },
{ "type": "Feature", "properties": { "score": 0.1362 }, "geometry": { "type": "Point", "coordinates": [ 572902.32983000006061, 2844725.317380000371486 ] } },
{ "type": "Feature", "properties": { "score": 0.1361 }, "geometry": { "type": "Point", "coordinates": [ 572526.929830000037327, 2844833.51738 ] } },
{ "type": "Feature", "properties": { "score": 0.1361 }, "geometry": { "type": "Point", "coordinates": [ 572548.12983, 2844776.317380000371486 ] } },
{ "type": "Feature", "properties": { "score": 0.1361 }, "geometry": { "type": "Point", "coordinates": [ 572571.12983, 2845306.317380000371486 ] } },
{ "type": "Feature", "properties": { "score": 0.1361 }, "geometry": { "type": "Point", "coordinates": [ 572858.529830000014044, 2845015.117380000185221 ] } },
{ "type": "Feature", "properties": { "score": 0.136 }, "geometry": { "type": "Point", "coordinates": [ 572667.12983, 2845026.51738 ] } },
{ "type": "Feature", "properties": { "score": 0.136 }, "geometry": { "type": "Point", "coordinates": [ 572615.929830000037327, 2845363.717380000278354 ] } },
{ "type": "Feature", "properties": { "score": 0.136 }, "geometry": { "type": "Point", "coordinates": [ 573038.32983000006061, 2844739.917380000464618 ] } },
{ "type": "Feature", "properties": { "score": 0.136 }, "geometry": { "type": "Point", "coordinates": [ 572488.32983000006061, 2845241.51738 ] } },
{ "type": "Feature", "properties": { "score": 0.1359 }, "geometry": { "type": "Point", "coordinates": [ 572717.529830000014044, 2845028.717380000278354 ] } },
{ "type": "Feature", "properties": { "score": 0.1359 }, "geometry": { "type": "Point", "coordinates": [ 573072.32983000006061, 2844941.717380000278354 ] } },
{ "type": "Feature", "properties": { "score": 0.1359 }, "geometry": { "type": "Point", "coordinates": [ 572654.32983000006061, 2845278.51738 ] } },
{ "type": "Feature", "properties": { "score": 0.1359 }, "geometry": { "type": "Point", "coordinates": [ 572768.529830000014044, 2845037.317380000371486 ] } },
{ "type": "Feature", "properties": { "score": 0.1359 }, "geometry": { "type": "Point", "coordinates": [ 572535.729830000083894, 2845342.317380000371486 ] } },
{ "type": "Feature", "properties": { "score": 0.1359 }, "geometry": { "type": "Point", "coordinates": [ 572545.729830000083894, 2845020.317380000371486 ] } },
{ "type": "Feature", "properties": { "score": 0.1358 }, "geometry": { "type": "Point", "coordinates": [ 572688.529830000014044, 2845243.317380000371486 ] } },
{ "type": "Feature", "properties": { "score": 0.1358 }, "geometry": { "type": "Point", "coordinates": [ 572557.729830000083894, 2844745.117380000185221 ] } },
{ "type": "Feature", "properties": { "score": 0.1358 }, "geometry": { "type": "Point", "coordinates": [ 572973.929830000037327, 2844762.917380000464618 ] } },
{ "type": "Feature", "properties": { "score": 0.1357 }, "geometry": { "type": "Point", "coordinates": [ 572559.729830000083894, 2844872.717380000278354 ] } },
{ "type": "Feature", "properties": { "score": 0.1357 }, "geometry": { "type": "Point", "coordinates": [ 572711.729830000083894, 2845003.51738 ] } },
{ "type": "Feature", "properties": { "score": 0.1357 }, "geometry": { "type": "Point", "coordinates": [ 572793.529830000014044, 2845139.717380000278354 ] } },
{ "type": "Feature", "properties": { "score": 0.1357 }, "geometry": { "type": "Point", "coordinates": [ 572725.12983, 2844714.717380000278354 ] } },
{ "type": "Feature", "properties": { "score": 0.1356 }, "geometry": { "type": "Point", "coordinates": [ 572627.729830000083894, 2845056.317380000371486 ] } },
{ "type": "Feature", "properties": { "score": 0.1356 }, "geometry": { "type": "Point", "coordinates": [ 572859.32983000006061, 2845186.117380000185221 ] } },
{ "type": "Feature", "properties": { "score": 0.1356 }, "geometry": { "type": "Point", "coordinates": [ 572719.529830000014044, 2845252.317380000371486 ] } },
{ "type": "Feature", "properties": { "score": 0.1356 }, "geometry": { "type": "Point", "coordinates": [ 572822.529830000014044, 2844857.717380000278354 ] } },
{ "type": "Feature", "properties": { "score": 0.1356 }, "geometry": { "type": "Point", "coordinates": [ 572843.32983000006061, 2845258.717380000278354 ] } },
{ "type": "Feature", "properties": { "score": 0.1356 }, "geometry": { "type": "Point", "coordinates": [ 572988.929830000037327, 2844770.51738 ] } },
{ "type": "Feature", "properties": { "score": 0.1356 }, "geometry": { "type": "Point", "coordinates": [ 572765.729830000083894, 2845162.917380000464618 ] } },
{ "type": "Feature", "properties": { "score": 0.1356 }, "geometry": { "type": "Point", "coordinates": [ 572713.32983000006061, 2845019.917380000464618 ] } },
{ "type": "Feature", "properties": { "score": 0.1355 }, "geometry": { "type": "Point", "coordinates": [ 572570.12983, 2845348.717380000278354 ] } },
{ "type": "Feature", "properties": { "score": 0.1355 }, "geometry": { "type": "Point", "coordinates": [ 572630.12983, 2844822.317380000371486 ] } },
{ "type": "Feature", "properties": { "score": 0.1355 }, "geometry": { "type": "Point", "coordinates": [ 572686.529830000014044, 2845014.51738 ] } },
{ "type": "Feature", "properties": { "score": 0.1355 }, "geometry": { "type": "Point", "coordinates": [ 572694.929830000037327, 2844848.317380000371486 ] } },
{ "type": "Feature", "properties": { "score": 0.1355 }, "geometry": { "type": "Point", "coordinates": [ 572545.929830000037327, 2844822.317380000371486 ] } },
{ "type": "Feature", "properties": { "score": 0.1355 }, "geometry": { "type": "Point", "coordinates": [ 572702.32983000006061, 2844733.717380000278354 ] } },
{ "type": "Feature", "properties": { "score": 0.1354 }, "geometry": { "type": "Point", "coordinates": [ 572488.32983000006061, 2845383.717380000278354 ] } },
{ "type": "Feature", "properties": { "score": 0.1353 }, "geometry": { "type": "Point", "coordinates": [ 572758.729830000083894, 2844681.317380000371486 ] } },
{ "type": "Feature", "properties": { "score": 0.1353 }, "geometry": { "type": "Point", "coordinates": [ 572679.12983, 2844995.717380000278354 ] } },
{ "type": "Feature", "properties": { "score": 0.1353 }, "geometry": { "type": "Point", "coordinates": [ 572691.729830000083894, 2845079.717380000278354 ] } },
{ "type": "Feature", "properties": { "score": 0.1353 }, "geometry": { "type": "Point", "coordinates": [ 572822.32983000006061, 2844869.51738 ] } },
{ "type": "Feature", "properties": { "score": 0.1352 }, "geometry": { "type": "Point", "coordinates": [ 572502.12983, 2845085.51738 ] } },
{ "type": "Feature", "properties": { "score": 0.1352 }, "geometry": { "type": "Point", "coordinates": [ 572522.12983, 2845023.117380000185221 ] } },
{ "type": "Feature", "properties": { "score": 0.1352 }, "geometry": { "type": "Point", "coordinates": [ 572865.729830000083894, 2845098.317380000371486 ] } },
{ "type": "Feature", "properties": { "score": 0.1352 }, "geometry": { "type": "Point", "coordinates": [ 572726.929830000037327, 2845014.717380000278354 ] } },
{ "type": "Feature", "properties": { "score": 0.1352 }, "geometry": { "type": "Point", "coordinates": [ 572832.929830000037327, 2845159.917380000464618 ] } },
{ "type": "Feature", "properties": { "score": 0.1352 }, "geometry": { "type": "Point", "coordinates": [ 572767.929830000037327, 2844797.917380000464618 ] } },
{ "type": "Feature", "properties": { "score": 0.1352 }, "geometry": { "type": "Point", "coordinates": [ 572732.32983000006061, 2845233.51738 ] } },
{ "type": "Feature", "properties": { "score": 0.1352 }, "geometry": { "type": "Point", "coordinates": [ 572526.12983, 2844791.717380000278354 ] } },
{ "type": "Feature", "properties": { "score": 0.1351 }, "geometry": { "type": "Point", "coordinates": [ 572707.529830000014044, 2844823.317380000371486 ] } },
{ "type": "Feature", "properties": { "score": 0.1351 }, "geometry": { "type": "Point", "coordinates": [ 572574.12983, 2844859.51738 ] } },
{ "type": "Feature", "properties": { "score": 0.1351 }, "geometry": { "type": "Point", "coordinates": [ 572702.32983000006061, 2845118.51738 ] } },
{ "type": "Feature", "properties": { "score": 0.1351 }, "geometry": { "type": "Point", "coordinates": [ 572732.729830000083894, 2845380.917380000464618 ] } },
{ "type": "Feature", "properties": { "score": 0.1351 }, "geometry": { "type": "Point", "coordinates": [ 572814.32983000006061, 2844677.717380000278354 ] } },
{ "type": "Feature", "properties": { "score": 0.135 }, "geometry": { "type": "Point", "coordinates": [ 572740.729830000083894, 2844711.917380000464618 ] } },
{ "type": "Feature", "properties": { "score": 0.135 }, "geometry": { "type": "Point", "coordinates": [ 573026.929830000037327, 2844941.51738 ] } },
{ "type": "Feature", "properties": { "score": 0.135 }, "geometry": { "type": "Point", "coordinates": [ 572484.529830000014044, 2845219.917380000464618 ] } },
{ "type": "Feature", "properties": { "score": 0.135 }, "geometry": { "type": "Point", "coordinates": [ 572743.12983, 2845164.917380000464618 ] } },
{ "type": "Feature", "properties": { "score": 0.135 }, "geometry": { "type": "Point", "coordinates": [ 572850.32983000006061, 2844691.917380000464618 ] } },
{ "type": "Feature", "properties": { "score": 0.135 }, "geometry": { "type": "Point", "coordinates": [ 573050.32983000006061, 2844878.317380000371486 ] } },
{ "type": "Feature", "properties": { "score": 0.135 }, "geometry": { "type": "Point", "coordinates": [ 572643.12983, 2845272.317380000371486 ] } },
{ "type": "Feature", "properties": { "score": 0.135 }, "geometry": { "type": "Point", "coordinates": [ 572642.12983, 2844830.717380000278354 ] } },
{ "type": "Feature", "properties": { "score": 0.1349 }, "geometry": { "type": "Point", "coordinates": [ 572970.529830000014044, 2844990.117380000185221 ] } },
{ "type": "Feature", "properties": { "score": 0.1348 }, "geometry": { "type": "Point", "coordinates": [ 572715.729830000083894, 2845020.51738 ] } },
{ "type": "Feature", "properties": { "score": 0.1348 }, "geometry": { "type": "Point", "coordinates": [ 572561.729830000083894, 2844757.51738 ] } },
{ "type": "Feature", "properties": { "score": 0.1348 }, "geometry": { "type": "Point", "coordinates": [ 572695.529830000014044, 2845386.317380000371486 ] } },
{ "type": "Feature", "properties": { "score": 0.1348 }, "geometry": { "type": "Point", "coordinates": [ 573075.12983, 2844895.917380000464618 ] } },
{ "type": "Feature", "properties": { "score": 0.1348 }, "geometry": { "type": "Point", "coordinates": [ 572752.529830000014044, 2845182.51738 ] } },
{ "type": "Feature", "properties": { "score": 0.1348 }, "geometry": { "type": "Point", "coordinates": [ 572665.529830000014044, 2845383.117380000185221 ] } },
{ "type": "Feature", "properties": { "score": 0.1346 }, "geometry": { "type": "Point", "coordinates": [ 572716.729830000083894, 2844797.51738 ] } },
{ "type": "Feature", "properties": { "score": 0.1346 }, "geometry": { "type": "Point", "coordinates": [ 572546.12983, 2844782.51738 ] } },
{ "type": "Feature", "properties": { "score": 0.1345 }, "geometry": { "type": "Point", "coordinates": [ 573051.12983, 2845026.717380000278354 ] } },
{ "type": "Feature", "properties": { "score": 0.1345 }, "geometry": { "type": "Point", "coordinates": [ 573074.32983000006061, 2845026.717380000278354 ] } },
{ "type": "Feature", "properties": { "score": 0.1345 }, "geometry": { "type": "Point", "coordinates": [ 572954.929830000037327, 2844925.117380000185221 ] } },
{ "type": "Feature", "properties": { "score": 0.1345 }, "geometry": { "type": "Point", "coordinates": [ 573008.729829999967478, 2844944.117380000185221 ] } },
{ "type": "Feature", "properties": { "score": 0.1345 }, "geometry": { "type": "Point", "coordinates": [ 572858.12983, 2844913.917380000464618 ] } },
{ "type": "Feature", "properties": { "score": 0.1345 }, "geometry": { "type": "Point", "coordinates": [ 572737.12983, 2844760.317380000371486 ] } },
{ "type": "Feature", "properties": { "score": 0.1345 }, "geometry": { "type": "Point", "coordinates": [ 572495.529830000014044, 2844695.317380000371486 ] } },
{ "type": "Feature", "properties": { "score": 0.1344 }, "geometry": { "type": "Point", "coordinates": [ 572606.32983000006061, 2845366.917380000464618 ] } },
{ "type": "Feature", "properties": { "score": 0.1344 }, "geometry": { "type": "Point", "coordinates": [ 572600.529830000014044, 2844779.51738 ] } },
{ "type": "Feature", "properties": { "score": 0.1344 }, "geometry": { "type": "Point", "coordinates": [ 572681.32983000006061, 2844769.51738 ] } },
{ "type": "Feature", "properties": { "score": 0.1343 }, "geometry": { "type": "Point", "coordinates": [ 572526.929830000037327, 2844989.51738 ] } },
{ "type": "Feature", "properties": { "score": 0.1343 }, "geometry": { "type": "Point", "coordinates": [ 572942.929830000037327, 2845179.317380000371486 ] } },
{ "type": "Feature", "properties": { "score": 0.1343 }, "geometry": { "type": "Point", "coordinates": [ 572766.729830000083894, 2845274.917380000464618 ] } },
{ "type": "Feature", "properties": { "score": 0.1343 }, "geometry": { "type": "Point", "coordinates": [ 572785.929830000037327, 2844959.317380000371486 ] } },
{ "type": "Feature", "properties": { "score": 0.1343 }, "geometry": { "type": "Point", "coordinates": [ 573000.32983000006061, 2845032.117380000185221 ] } },
{ "type": "Feature", "properties": { "score": 0.1343 }, "geometry": { "type": "Point", "coordinates": [ 572893.32983000006061, 2845262.117380000185221 ] } },
{ "type": "Feature", "properties": { "score": 0.1343 }, "geometry": { "type": "Point", "coordinates": [ 572818.929830000037327, 2844871.917380000464618 ] } },
{ "type": "Feature", "properties": { "score": 0.1342 }, "geometry": { "type": "Point", "coordinates": [ 572540.929830000037327, 2844786.317380000371486 ] } },
{ "type": "Feature", "properties": { "score": 0.1342 }, "geometry": { "type": "Point", "coordinates": [ 572557.529830000014044, 2844863.51738 ] } },
{ "type": "Feature", "properties": { "score": 0.1341 }, "geometry": { "type": "Point", "coordinates": [ 572583.529830000014044, 2845091.51738 ] } },
{ "type": "Feature", "properties": { "score": 0.1341 }, "geometry": { "type": "Point", "coordinates": [ 573013.929830000037327, 2844834.117380000185221 ] } },
{ "type": "Feature", "properties": { "score": 0.1341 }, "geometry": { "type": "Point", "coordinates": [ 572567.729830000083894, 2845342.917380000464618 ] } },
{ "type": "Feature", "properties": { "score": 0.1341 }, "geometry": { "type": "Point", "coordinates": [ 572497.12983, 2845123.917380000464618 ] } },
{ "type": "Feature", "properties": { "score": 0.1341 }, "geometry": { "type": "Point", "coordinates": [ 572714.12983, 2845006.717380000278354 ] } },
{ "type": "Feature", "properties": { "score": 0.1341 }, "geometry": { "type": "Point", "coordinates": [ 572672.32983000006061, 2844676.717380000278354 ] } },
{ "type": "Feature", "properties": { "score": 0.1341 }, "geometry": { "type": "Point", "coordinates": [ 572869.12983, 2844698.717380000278354 ] } },
{ "type": "Feature", "properties": { "score": 0.1341 }, "geometry": { "type": "Point", "coordinates": [ 572750.32983000006061, 2845045.917380000464618 ] } },
{ "type": "Feature", "properties": { "score": 0.1341 }, "geometry": { "type": "Point", "coordinates": [ 572887.32983000006061, 2845151.117380000185221 ] } },
{ "type": "Feature", "properties": { "score": 0.134 }, "geometry": { "type": "Point", "coordinates": [ 572889.12983, 2845088.717380000278354 ] } },
{ "type": "Feature", "properties": { "score": 0.1339 }, "geometry": { "type": "Point", "coordinates": [ 572608.929830000037327, 2845052.317380000371486 ] } },
{ "type": "Feature", "properties": { "score": 0.1339 }, "geometry": { "type": "Point", "coordinates": [ 572798.529830000014044, 2844697.117380000185221 ] } },
{ "type": "Feature", "properties": { "score": 0.1339 }, "geometry": { "type": "Point", "coordinates": [ 572768.529830000014044, 2844709.51738 ] } },
{ "type": "Feature", "properties": { "score": 0.1339 }, "geometry": { "type": "Point", "coordinates": [ 572609.32983000006061, 2845038.117380000185221 ] } },
{ "type": "Feature", "properties": { "score": 0.1338 }, "geometry": { "type": "Point", "coordinates": [ 572558.529830000014044, 2844714.51738 ] } },
{ "type": "Feature", "properties": { "score": 0.1338 }, "geometry": { "type": "Point", "coordinates": [ 572847.12983, 2845031.51738 ] } },
{ "type": "Feature", "properties": { "score": 0.1338 }, "geometry": { "type": "Point", "coordinates": [ 572618.12983, 2845045.117380000185221 ] } },
{ "type": "Feature", "properties": { "score": 0.1338 }, "geometry": { "type": "Point", "coordinates": [ 572615.729830000083894, 2844820.317380000371486 ] } },
{ "type": "Feature", "properties": { "score": 0.1337 }, "geometry": { "type": "Point", "coordinates": [ 572509.32983000006061, 2845073.117380000185221 ] } },
{ "type": "Feature", "properties": { "score": 0.1337 }, "geometry": { "type": "Point", "coordinates": [ 572747.529830000014044, 2844688.917380000464618 ] } },
{ "type": "Feature", "properties": { "score": 0.1337 }, "geometry": { "type": "Point", "coordinates": [ 572995.929830000037327, 2845002.51738 ] } },
{ "type": "Feature", "properties": { "score": 0.1337 }, "geometry": { "type": "Point", "coordinates": [ 572703.32983000006061, 2845015.117380000185221 ] } },
{ "type": "Feature", "properties": { "score": 0.1337 }, "geometry": { "type": "Point", "coordinates": [ 573008.32983000006061, 2844822.317380000371486 ] } },
{ "type": "Feature", "properties": { "score": 0.1337 }, "geometry": { "type": "Point", "coordinates": [ 572563.929830000037327, 2844719.117380000185221 ] } },
{ "type": "Feature", "properties": { "score": 0.1337 }, "geometry": { "type": "Point", "coordinates": [ 573011.729829999967478, 2844966.717380000278354 ] } },
{ "type": "Feature", "properties": { "score": 0.1336 }, "geometry": { "type": "Point", "coordinates": [ 572866.32983000006061, 2845255.917380000464618 ] } },
{ "type": "Feature", "properties": { "score": 0.1336 }, "geometry": { "type": "Point", "coordinates": [ 572820.12983, 2845186.317380000371486 ] } },
{ "type": "Feature", "properties": { "score": 0.1336 }, "geometry": { "type": "Point", "coordinates": [ 572748.12983, 2845011.917380000464618 ] } },
{ "type": "Feature", "properties": { "score": 0.1336 }, "geometry": { "type": "Point", "coordinates": [ 572940.929830000037327, 2844928.51738 ] } },
{ "type": "Feature", "properties": { "score": 0.1336 }, "geometry": { "type": "Point", "coordinates": [ 572786.12983, 2844788.317380000371486 ] } },
{ "type": "Feature", "properties": { "score": 0.1335 }, "geometry": { "type": "Point", "coordinates": [ 572677.929830000037327, 2844888.117380000185221 ] } },
{ "type": "Feature", "properties": { "score": 0.1335 }, "geometry": { "type": "Point", "coordinates": [ 572690.12983, 2844882.917380000464618 ] } },
{ "type": "Feature", "properties": { "score": 0.1335 }, "geometry": { "type": "Point", "coordinates": [ 572744.32983000006061, 2845007.51738 ] } },
{ "type": "Feature", "properties": { "score": 0.1335 }, "geometry": { "type": "Point", "coordinates": [ 572978.32983000006061, 2844829.717380000278354 ] } },
{ "type": "Feature", "properties": { "score": 0.1335 }, "geometry": { "type": "Point", "coordinates": [ 572625.32983000006061, 2845202.317380000371486 ] } },
{ "type": "Feature", "properties": { "score": 0.1335 }, "geometry": { "type": "Point", "coordinates": [ 572484.529830000014044, 2844982.117380000185221 ] } },
{ "type": "Feature", "properties": { "score": 0.1335 }, "geometry": { "type": "Point", "coordinates": [ 572647.12983, 2844853.317380000371486 ] } },
{ "type": "Feature", "properties": { "score": 0.1335 }, "geometry": { "type": "Point", "coordinates": [ 573047.729829999967478, 2844882.117380000185221 ] } },
{ "type": "Feature", "properties": { "score": 0.1335 }, "geometry": { "type": "Point", "coordinates": [ 572708.32983000006061, 2844881.51738 ] } },
{ "type": "Feature", "properties": { "score": 0.1335 }, "geometry": { "type": "Point", "coordinates": [ 572918.32983000006061, 2844727.917380000464618 ] } },
{ "type": "Feature", "properties": { "score": 0.1335 }, "geometry": { "type": "Point", "coordinates": [ 572586.929830000037327, 2844791.717380000278354 ] } },
{ "type": "Feature", "properties": { "score": 0.1335 }, "geometry": { "type": "Point", "coordinates": [ 572765.529830000014044, 2844774.51738 ] } },
{ "type": "Feature", "properties": { "score": 0.1334 }, "geometry": { "type": "Point", "coordinates": [ 572531.729830000083894, 2844782.317380000371486 ] } },
{ "type": "Feature", "properties": { "score": 0.1334 }, "geometry": { "type": "Point", "coordinates": [ 572880.32983000006061, 2845170.317380000371486 ] } },
{ "type": "Feature", "properties": { "score": 0.1334 }, "geometry": { "type": "Point", "coordinates": [ 572507.12983, 2844961.51738 ] } },
{ "type": "Feature", "properties": { "score": 0.1334 }, "geometry": { "type": "Point", "coordinates": [ 572753.12983, 2845156.117380000185221 ] } },
{ "type": "Feature", "properties": { "score": 0.1334 }, "geometry": { "type": "Point", "coordinates": [ 572800.12983, 2844691.117380000185221 ] } },
{ "type": "Feature", "properties": { "score": 0.1334 }, "geometry": { "type": "Point", "coordinates": [ 572510.32983000006061, 2845152.51738 ] } },
{ "type": "Feature", "properties": { "score": 0.1334 }, "geometry": { "type": "Point", "coordinates": [ 572756.929830000037327, 2845176.917380000464618 ] } },
{ "type": "Feature", "properties": { "score": 0.1334 }, "geometry": { "type": "Point", "coordinates": [ 573062.12983, 2845079.117380000185221 ] } },
{ "type": "Feature", "properties": { "score": 0.1334 }, "geometry": { "type": "Point", "coordinates": [ 572659.12983, 2845217.51738 ] } },
{ "type": "Feature", "properties": { "score": 0.1334 }, "geometry": { "type": "Point", "coordinates": [ 572817.32983000006061, 2845186.717380000278354 ] } },
{ "type": "Feature", "properties": { "score": 0.1333 }, "geometry": { "type": "Point", "coordinates": [ 572764.929830000037327, 2844685.51738 ] } },
{ "type": "Feature", "properties": { "score": 0.1333 }, "geometry": { "type": "Point", "coordinates": [ 572632.32983000006061, 2844729.917380000464618 ] } },
{ "type": "Feature", "properties": { "score": 0.1333 }, "geometry": { "type": "Point", "coordinates": [ 572976.929830000037327, 2845050.51738 ] } },
{ "type": "Feature", "properties": { "score": 0.1332 }, "geometry": { "type": "Point", "coordinates": [ 572732.12983, 2844781.51738 ] } },
{ "type": "Feature", "properties": { "score": 0.1332 }, "geometry": { "type": "Point", "coordinates": [ 572689.929830000037327, 2844735.717380000278354 ] } },
{ "type": "Feature", "properties": { "score": 0.1332 }, "geometry": { "type": "Point", "coordinates": [ 572846.32983000006061, 2845036.117380000185221 ] } },
{ "type": "Feature", "properties": { "score": 0.1332 }, "geometry": { "type": "Point", "coordinates": [ 572844.12983, 2845191.317380000371486 ] } },
{ "type": "Feature", "properties": { "score": 0.1332 }, "geometry": { "type": "Point", "coordinates": [ 572666.32983000006061, 2845076.917380000464618 ] } },
{ "type": "Feature", "properties": { "score": 0.1332 }, "geometry": { "type": "Point", "coordinates": [ 572907.12983, 2845250.917380000464618 ] } },
{ "type": "Feature", "properties": { "score": 0.1332 }, "geometry": { "type": "Point", "coordinates": [ 572793.12983, 2844669.117380000185221 ] } },
{ "type": "Feature", "properties": { "score": 0.1332 }, "geometry": { "type": "Point", "coordinates": [ 572853.32983000006061, 2845003.117380000185221 ] } },
{ "type": "Feature", "properties": { "score": 0.1331 }, "geometry": { "type": "Point", "coordinates": [ 572635.12983, 2844951.717380000278354 ] } },
{ "type": "Feature", "properties": { "score": 0.1331 }, "geometry": { "type": "Point", "coordinates": [ 572831.729830000083894, 2844967.51738 ] } },
{ "type": "Feature", "properties": { "score": 0.1331 }, "geometry": { "type": "Point", "coordinates": [ 572786.12983, 2844661.117380000185221 ] } },
{ "type": "Feature", "properties": { "score": 0.1331 }, "geometry": { "type": "Point", "coordinates": [ 572485.32983000006061, 2845140.917380000464618 ] } },
{ "type": "Feature", "properties": { "score": 0.1331 }, "geometry": { "type": "Point", "coordinates": [ 572486.529830000014044, 2844998.117380000185221 ] } },
{ "type": "Feature", "properties": { "score": 0.1331 }, "geometry": { "type": "Point", "coordinates": [ 572484.529830000014044, 2844991.317380000371486 ] } },
{ "type": "Feature", "properties": { "score": 0.1331 }, "geometry": { "type": "Point", "coordinates": [ 572746.12983, 2844771.117380000185221 ] } },
{ "type": "Feature", "properties": { "score": 0.133 }, "geometry": { "type": "Point", "coordinates": [ 573021.729829999967478, 2845098.117380000185221 ] } },
{ "type": "Feature", "properties": { "score": 0.133 }, "geometry": { "type": "Point", "coordinates": [ 572685.12983, 2844679.317380000371486 ] } },
{ "type": "Feature", "properties": { "score": 0.133 }, "geometry": { "type": "Point", "coordinates": [ 572645.32983000006061, 2844663.117380000185221 ] } },
{ "type": "Feature", "properties": { "score": 0.133 }, "geometry": { "type": "Point", "coordinates": [ 572592.12983, 2844761.51738 ] } },
{ "type": "Feature", "properties": { "score": 0.133 }, "geometry": { "type": "Point", "coordinates": [ 572655.729830000083894, 2844696.317380000371486 ] } },
{ "type": "Feature", "properties": { "score": 0.1329 }, "geometry": { "type": "Point", "coordinates": [ 572726.529830000014044, 2844708.51738 ] } },
{ "type": "Feature", "properties": { "score": 0.1329 }, "geometry": { "type": "Point", "coordinates": [ 572665.929830000037327, 2844715.317380000371486 ] } },
{ "type": "Feature", "properties": { "score": 0.1329 }, "geometry": { "type": "Point", "coordinates": [ 572782.32983000006061, 2845335.917380000464618 ] } },
{ "type": "Feature", "properties": { "score": 0.1328 }, "geometry": { "type": "Point", "coordinates": [ 572534.32983000006061, 2844920.317380000371486 ] } },
{ "type": "Feature", "properties": { "score": 0.1328 }, "geometry": { "type": "Point", "coordinates": [ 572720.729830000083894, 2845034.51738 ] } },
{ "type": "Feature", "properties": { "score": 0.1328 }, "geometry": { "type": "Point", "coordinates": [ 572694.32983000006061, 2845334.117380000185221 ] } },
{ "type": "Feature", "properties": { "score": 0.1327 }, "geometry": { "type": "Point", "coordinates": [ 572894.12983, 2845045.317380000371486 ] } },
{ "type": "Feature", "properties": { "score": 0.1327 }, "geometry": { "type": "Point", "coordinates": [ 572565.32983000006061, 2845148.51738 ] } },
{ "type": "Feature", "properties": { "score": 0.1327 }, "geometry": { "type": "Point", "coordinates": [ 572803.529830000014044, 2844679.117380000185221 ] } },
{ "type": "Feature", "properties": { "score": 0.1327 }, "geometry": { "type": "Point", "coordinates": [ 572666.529830000014044, 2845196.717380000278354 ] } },
{ "type": "Feature", "properties": { "score": 0.1327 }, "geometry": { "type": "Point", "coordinates": [ 572755.929830000037327, 2845071.317380000371486 ] } },
{ "type": "Feature", "properties": { "score": 0.1327 }, "geometry": { "type": "Point", "coordinates": [ 572572.729830000083894, 2844907.317380000371486 ] } },
{ "type": "Feature", "properties": { "score": 0.1327 }, "geometry": { "type": "Point", "coordinates": [ 573064.729829999967478, 2844869.917380000464618 ] } },
{ "type": "Feature", "properties": { "score": 0.1327 }, "geometry": { "type": "Point", "coordinates": [ 572846.32983000006061, 2845286.917380000464618 ] } },
{ "type": "Feature", "properties": { "score": 0.1327 }, "geometry": { "type": "Point", "coordinates": [ 572941.32983000006061, 2845187.117380000185221 ] } },
{ "type": "Feature", "properties": { "score": 0.1326 }, "geometry": { "type": "Point", "coordinates": [ 572688.929830000037327, 2845247.317380000371486 ] } },
{ "type": "Feature", "properties": { "score": 0.1326 }, "geometry": { "type": "Point", "coordinates": [ 572654.12983, 2845015.117380000185221 ] } },
{ "type": "Feature", "properties": { "score": 0.1326 }, "geometry": { "type": "Point", "coordinates": [ 572706.729830000083894, 2845305.917380000464618 ] } },
{ "type": "Feature", "properties": { "score": 0.1326 }, "geometry": { "type": "Point", "coordinates": [ 573045.12983, 2845048.717380000278354 ] } },
{ "type": "Feature", "properties": { "score": 0.1326 }, "geometry": { "type": "Point", "coordinates": [ 572495.929830000037327, 2844760.917380000464618 ] } },
{ "type": "Feature", "properties": { "score": 0.1326 }, "geometry": { "type": "Point", "coordinates": [ 572699.729830000083894, 2845208.317380000371486 ] } },
{ "type": "Feature", "properties": { "score": 0.1325 }, "geometry": { "type": "Point", "coordinates": [ 573008.729829999967478, 2844969.317380000371486 ] } },
{ "type": "Feature", "properties": { "score": 0.1325 }, "geometry": { "type": "Point", "coordinates": [ 572603.729830000083894, 2844801.317380000371486 ] } },
{ "type": "Feature", "properties": { "score": 0.1325 }, "geometry": { "type": "Point", "coordinates": [ 572615.529830000014044, 2844713.717380000278354 ] } },
{ "type": "Feature", "properties": { "score": 0.1325 }, "geometry": { "type": "Point", "coordinates": [ 572903.32983000006061, 2844932.917380000464618 ] } },
{ "type": "Feature", "properties": { "score": 0.1325 }, "geometry": { "type": "Point", "coordinates": [ 572728.12983, 2844714.717380000278354 ] } },
{ "type": "Feature", "properties": { "score": 0.1325 }, "geometry": { "type": "Point", "coordinates": [ 572910.529830000014044, 2844978.317380000371486 ] } },
{ "type": "Feature", "properties": { "score": 0.1324 }, "geometry": { "type": "Point", "coordinates": [ 572721.729830000083894, 2844750.317380000371486 ] } },
{ "type": "Feature", "properties": { "score": 0.1324 }, "geometry": { "type": "Point", "coordinates": [ 573016.32983000006061, 2844954.317380000371486 ] } },
{ "type": "Feature", "properties": { "score": 0.1324 }, "geometry": { "type": "Point", "coordinates": [ 572712.729830000083894, 2845266.117380000185221 ] } },
{ "type": "Feature", "properties": { "score": 0.1324 }, "geometry": { "type": "Point", "coordinates": [ 572651.529830000014044, 2844683.717380000278354 ] } },
{ "type": "Feature", "properties": { "score": 0.1324 }, "geometry": { "type": "Point", "coordinates": [ 572726.32983000006061, 2844682.717380000278354 ] } },
{ "type": "Feature", "properties": { "score": 0.1323 }, "geometry": { "type": "Point", "coordinates": [ 572760.32983000006061, 2844783.917380000464618 ] } },
{ "type": "Feature", "properties": { "score": 0.1323 }, "geometry": { "type": "Point", "coordinates": [ 572556.529830000014044, 2844882.51738 ] } },
{ "type": "Feature", "properties": { "score": 0.1323 }, "geometry": { "type": "Point", "coordinates": [ 572925.12983, 2845134.917380000464618 ] } },
{ "type": "Feature", "properties": { "score": 0.1323 }, "geometry": { "type": "Point", "coordinates": [ 572515.729830000083894, 2844858.117380000185221 ] } },
{ "type": "Feature", "properties": { "score": 0.1323 }, "geometry": { "type": "Point", "coordinates": [ 572550.929830000037327, 2845079.917380000464618 ] } },
{ "type": "Feature", "properties": { "score": 0.1322 }, "geometry": { "type": "Point", "coordinates": [ 572906.32983000006061, 2844992.117380000185221 ] } },
{ "type": "Feature", "properties": { "score": 0.1322 }, "geometry": { "type": "Point", "coordinates": [ 572979.12983, 2844641.51738 ] } },
{ "type": "Feature", "properties": { "score": 0.1322 }, "geometry": { "type": "Point", "coordinates": [ 572738.529830000014044, 2845245.51738 ] } },
{ "type": "Feature", "properties": { "score": 0.1322 }, "geometry": { "type": "Point", "coordinates": [ 572913.729829999967478, 2844714.51738 ] } },
{ "type": "Feature", "properties": { "score": 0.1322 }, "geometry": { "type": "Point", "coordinates": [ 572925.529830000014044, 2844668.317380000371486 ] } },
{ "type": "Feature", "properties": { "score": 0.1322 }, "geometry": { "type": "Point", "coordinates": [ 573050.729829999967478, 2845052.317380000371486 ] } },
{ "type": "Feature", "properties": { "score": 0.1322 }, "geometry": { "type": "Point", "coordinates": [ 572484.929830000037327, 2845002.317380000371486 ] } },
{ "type": "Feature", "properties": { "score": 0.1322 }, "geometry": { "type": "Point", "coordinates": [ 572532.929830000037327, 2845068.917380000464618 ] } },
{ "type": "Feature", "properties": { "score": 0.1321 }, "geometry": { "type": "Point", "coordinates": [ 572714.12983, 2845132.917380000464618 ] } },
{ "type": "Feature", "properties": { "score": 0.1321 }, "geometry": { "type": "Point", "coordinates": [ 572968.32983000006061, 2844761.917380000464618 ] } },
{ "type": "Feature", "properties": { "score": 0.1321 }, "geometry": { "type": "Point", "coordinates": [ 572904.529830000014044, 2845044.117380000185221 ] } },
{ "type": "Feature", "properties": { "score": 0.1321 }, "geometry": { "type": "Point", "coordinates": [ 572833.929830000037327, 2845088.317380000371486 ] } },
{ "type": "Feature", "properties": { "score": 0.1321 }, "geometry": { "type": "Point", "coordinates": [ 572985.12983, 2844852.317380000371486 ] } },
{ "type": "Feature", "properties": { "score": 0.132 }, "geometry": { "type": "Point", "coordinates": [ 572762.729830000083894, 2844932.117380000185221 ] } },
{ "type": "Feature", "properties": { "score": 0.132 }, "geometry": { "type": "Point", "coordinates": [ 572495.929830000037327, 2844697.317380000371486 ] } },
{ "type": "Feature", "properties": { "score": 0.132 }, "geometry": { "type": "Point", "coordinates": [ 572651.929830000037327, 2845229.51738 ] } },
{ "type": "Feature", "properties": { "score": 0.132 }, "geometry": { "type": "Point", "coordinates": [ 572654.529830000014044, 2845097.51738 ] } },
{ "type": "Feature", "properties": { "score": 0.132 }, "geometry": { "type": "Point", "coordinates": [ 573047.729829999967478, 2844869.317380000371486 ] } },
{ "type": "Feature", "properties": { "score": 0.132 }, "geometry": { "type": "Point", "coordinates": [ 572486.529830000014044, 2844983.117380000185221 ] } },
{ "type": "Feature", "properties": { "score": 0.1319 }, "geometry": { "type": "Point", "coordinates": [ 572854.729830000083894, 2845073.51738 ] } },
{ "type": "Feature", "properties": { "score": 0.1319 }, "geometry": { "type": "Point", "coordinates": [ 572738.32983000006061, 2845076.117380000185221 ] } },
{ "type": "Feature", "properties": { "score": 0.1319 }, "geometry": { "type": "Point", "coordinates": [ 572544.12983, 2844713.51738 ] } },
{ "type": "Feature", "properties": { "score": 0.1319 }, "geometry": { "type": "Point", "coordinates": [ 572940.729829999967478, 2845224.51738 ] } },
{ "type": "Feature", "properties": { "score": 0.1319 }, "geometry": { "type": "Point", "coordinates": [ 572572.729830000083894, 2845073.917380000464618 ] } },
{ "type": "Feature", "properties": { "score": 0.1319 }, "geometry": { "type": "Point", "coordinates": [ 572611.929830000037327, 2845065.317380000371486 ] } },
{ "type": "Feature", "properties": { "score": 0.1319 }, "geometry": { "type": "Point", "coordinates": [ 572554.32983000006061, 2844937.717380000278354 ] } },
{ "type": "Feature", "properties": { "score": 0.1319 }, "geometry": { "type": "Point", "coordinates": [ 573042.929830000037327, 2844665.317380000371486 ] } },
{ "type": "Feature", "properties": { "score": 0.1318 }, "geometry": { "type": "Point", "coordinates": [ 572484.32983000006061, 2844682.117380000185221 ] } },
{ "type": "Feature", "properties": { "score": 0.1318 }, "geometry": { "type": "Point", "coordinates": [ 572739.32983000006061, 2844786.717380000278354 ] } },
{ "type": "Feature", "properties": { "score": 0.1317 }, "geometry": { "type": "Point", "coordinates": [ 572927.929830000037327, 2845026.717380000278354 ] } },
{ "type": "Feature", "properties": { "score": 0.1317 }, "geometry": { "type": "Point", "coordinates": [ 572906.929830000037327, 2844982.117380000185221 ] } },
{ "type": "Feature", "properties": { "score": 0.1317 }, "geometry": { "type": "Point", "coordinates": [ 572491.32983000006061, 2845177.117380000185221 ] } },
{ "type": "Feature", "properties": { "score": 0.1317 }, "geometry": { "type": "Point", "coordinates": [ 572558.929830000037327, 2844991.717380000278354 ] } },
{ "type": "Feature", "properties": { "score": 0.1317 }, "geometry": { "type": "Point", "coordinates": [ 572626.12983, 2845051.317380000371486 ] } },
{ "type": "Feature", "properties": { "score": 0.1317 }, "geometry": { "type": "Point", "coordinates": [ 572496.729830000083894, 2845017.317380000371486 ] } },
{ "type": "Feature", "properties": { "score": 0.1317 }, "geometry": { "type": "Point", "coordinates": [ 572775.529830000014044, 2844714.717380000278354 ] } },
{ "type": "Feature", "properties": { "score": 0.1317 }, "geometry": { "type": "Point", "coordinates": [ 573014.12983, 2844930.51738 ] } },
{ "type": "Feature", "properties": { "score": 0.1316 }, "geometry": { "type": "Point", "coordinates": [ 572906.32983000006061, 2844930.51738 ] } },
{ "type": "Feature", "properties": { "score": 0.1316 }, "geometry": { "type": "Point", "coordinates": [ 572897.729830000083894, 2844735.51738 ] } },
{ "type": "Feature", "properties": { "score": 0.1316 }, "geometry": { "type": "Point", "coordinates": [ 572603.529830000014044, 2845050.51738 ] } },
{ "type": "Feature", "properties": { "score": 0.1316 }, "geometry": { "type": "Point", "coordinates": [ 572721.12983, 2844829.317380000371486 ] } },
{ "type": "Feature", "properties": { "score": 0.1316 }, "geometry": { "type": "Point", "coordinates": [ 572937.32983000006061, 2844931.917380000464618 ] } },
{ "type": "Feature", "properties": { "score": 0.1316 }, "geometry": { "type": "Point", "coordinates": [ 572738.529830000014044, 2844783.51738 ] } },
{ "type": "Feature", "properties": { "score": 0.1315 }, "geometry": { "type": "Point", "coordinates": [ 573000.12983, 2844695.51738 ] } },
{ "type": "Feature", "properties": { "score": 0.1315 }, "geometry": { "type": "Point", "coordinates": [ 572772.529830000014044, 2844778.51738 ] } },
{ "type": "Feature", "properties": { "score": 0.1315 }, "geometry": { "type": "Point", "coordinates": [ 572565.729830000083894, 2845039.917380000464618 ] } },
{ "type": "Feature", "properties": { "score": 0.1315 }, "geometry": { "type": "Point", "coordinates": [ 572748.529830000014044, 2845240.717380000278354 ] } },
{ "type": "Feature", "properties": { "score": 0.1314 }, "geometry": { "type": "Point", "coordinates": [ 572666.12983, 2844930.51738 ] } },
{ "type": "Feature", "properties": { "score": 0.1314 }, "geometry": { "type": "Point", "coordinates": [ 572909.529830000014044, 2844737.51738 ] } },
{ "type": "Feature", "properties": { "score": 0.1314 }, "geometry": { "type": "Point", "coordinates": [ 572742.12983, 2845107.117380000185221 ] } },
{ "type": "Feature", "properties": { "score": 0.1314 }, "geometry": { "type": "Point", "coordinates": [ 572979.12983, 2845166.717380000278354 ] } },
{ "type": "Feature", "properties": { "score": 0.1314 }, "geometry": { "type": "Point", "coordinates": [ 572688.12983, 2844714.317380000371486 ] } },
{ "type": "Feature", "properties": { "score": 0.1313 }, "geometry": { "type": "Point", "coordinates": [ 572846.32983000006061, 2844934.717380000278354 ] } },
{ "type": "Feature", "properties": { "score": 0.1313 }, "geometry": { "type": "Point", "coordinates": [ 572713.729830000083894, 2844690.51738 ] } },
{ "type": "Feature", "properties": { "score": 0.1313 }, "geometry": { "type": "Point", "coordinates": [ 572819.12983, 2845220.51738 ] } },
{ "type": "Feature", "properties": { "score": 0.1312 }, "geometry": { "type": "Point", "coordinates": [ 572522.32983000006061, 2844860.317380000371486 ] } },
{ "type": "Feature", "properties": { "score": 0.1312 }, "geometry": { "type": "Point", "coordinates": [ 572723.12983, 2845034.717380000278354 ] } },
{ "type": "Feature", "properties": { "score": 0.1312 }, "geometry": { "type": "Point", "coordinates": [ 572509.12983, 2844827.51738 ] } },
{ "type": "Feature", "properties": { "score": 0.1312 }, "geometry": { "type": "Point", "coordinates": [ 572904.729829999967478, 2845193.117380000185221 ] } },
{ "type": "Feature", "properties": { "score": 0.1312 }, "geometry": { "type": "Point", "coordinates": [ 572633.929830000037327, 2844944.117380000185221 ] } },
{ "type": "Feature", "properties": { "score": 0.1311 }, "geometry": { "type": "Point", "coordinates": [ 572714.529830000014044, 2844848.317380000371486 ] } },
{ "type": "Feature", "properties": { "score": 0.1311 }, "geometry": { "type": "Point", "coordinates": [ 572793.12983, 2845146.317380000371486 ] } },
{ "type": "Feature", "properties": { "score": 0.1311 }, "geometry": { "type": "Point", "coordinates": [ 573027.12983, 2845097.117380000185221 ] } },
{ "type": "Feature", "properties": { "score": 0.1311 }, "geometry": { "type": "Point", "coordinates": [ 572628.729830000083894, 2844733.917380000464618 ] } },
{ "type": "Feature", "properties": { "score": 0.1311 }, "geometry": { "type": "Point", "coordinates": [ 573062.12983, 2845074.317380000371486 ] } },
{ "type": "Feature", "properties": { "score": 0.1311 }, "geometry": { "type": "Point", "coordinates": [ 573014.929830000037327, 2845115.117380000185221 ] } },
{ "type": "Feature", "properties": { "score": 0.1311 }, "geometry": { "type": "Point", "coordinates": [ 573059.929830000037327, 2844783.317380000371486 ] } },
{ "type": "Feature", "properties": { "score": 0.1311 }, "geometry": { "type": "Point", "coordinates": [ 572618.32983000006061, 2844811.117380000185221 ] } },
{ "type": "Feature", "properties": { "score": 0.131 }, "geometry": { "type": "Point", "coordinates": [ 573058.529830000014044, 2844713.51738 ] } },
{ "type": "Feature", "properties": { "score": 0.131 }, "geometry": { "type": "Point", "coordinates": [ 572906.12983, 2845079.317380000371486 ] } },
{ "type": "Feature", "properties": { "score": 0.131 }, "geometry": { "type": "Point", "coordinates": [ 572856.529830000014044, 2845285.917380000464618 ] } },
{ "type": "Feature", "properties": { "score": 0.131 }, "geometry": { "type": "Point", "coordinates": [ 572560.729830000083894, 2845289.51738 ] } },
{ "type": "Feature", "properties": { "score": 0.131 }, "geometry": { "type": "Point", "coordinates": [ 573052.729829999967478, 2844878.117380000185221 ] } },
{ "type": "Feature", "properties": { "score": 0.131 }, "geometry": { "type": "Point", "coordinates": [ 572546.32983000006061, 2845012.317380000371486 ] } },
{ "type": "Feature", "properties": { "score": 0.131 }, "geometry": { "type": "Point", "coordinates": [ 572881.929830000037327, 2845139.51738 ] } },
{ "type": "Feature", "properties": { "score": 0.131 }, "geometry": { "type": "Point", "coordinates": [ 572834.32983000006061, 2845110.317380000371486 ] } },
{ "type": "Feature", "properties": { "score": 0.131 }, "geometry": { "type": "Point", "coordinates": [ 572745.929830000037327, 2845009.917380000464618 ] } },
{ "type": "Feature", "properties": { "score": 0.1309 }, "geometry": { "type": "Point", "coordinates": [ 572848.12983, 2844714.317380000371486 ] } },
{ "type": "Feature", "properties": { "score": 0.1309 }, "geometry": { "type": "Point", "coordinates": [ 572627.32983000006061, 2845037.317380000371486 ] } },
{ "type": "Feature", "properties": { "score": 0.1309 }, "geometry": { "type": "Point", "coordinates": [ 573074.12983, 2844810.317380000371486 ] } },
{ "type": "Feature", "properties": { "score": 0.1309 }, "geometry": { "type": "Point", "coordinates": [ 572783.529830000014044, 2845104.917380000464618 ] } },
{ "type": "Feature", "properties": { "score": 0.1309 }, "geometry": { "type": "Point", "coordinates": [ 572842.12983, 2845168.717380000278354 ] } },
{ "type": "Feature", "properties": { "score": 0.1309 }, "geometry": { "type": "Point", "coordinates": [ 572548.12983, 2844742.317380000371486 ] } },
{ "type": "Feature", "properties": { "score": 0.1309 }, "geometry": { "type": "Point", "coordinates": [ 572536.929830000037327, 2845339.917380000464618 ] } },
{ "type": "Feature", "properties": { "score": 0.1309 }, "geometry": { "type": "Point", "coordinates": [ 572749.12983, 2844765.917380000464618 ] } },
{ "type": "Feature", "properties": { "score": 0.1309 }, "geometry": { "type": "Point", "coordinates": [ 572999.32983000006061, 2844963.917380000464618 ] } },
{ "type": "Feature", "properties": { "score": 0.1309 }, "geometry": { "type": "Point", "coordinates": [ 572747.929830000037327, 2845203.117380000185221 ] } },
{ "type": "Feature", "properties": { "score": 0.1308 }, "geometry": { "type": "Point", "coordinates": [ 572903.12983, 2845053.117380000185221 ] } },
{ "type": "Feature", "properties": { "score": 0.1308 }, "geometry": { "type": "Point", "coordinates": [ 572521.529830000014044, 2844777.917380000464618 ] } },
{ "type": "Feature", "properties": { "score": 0.1308 }, "geometry": { "type": "Point", "coordinates": [ 573043.529830000014044, 2844843.117380000185221 ] } },
{ "type": "Feature", "properties": { "score": 0.1308 }, "geometry": { "type": "Point", "coordinates": [ 572577.12983, 2844839.317380000371486 ] } },
{ "type": "Feature", "properties": { "score": 0.1308 }, "geometry": { "type": "Point", "coordinates": [ 572714.32983000006061, 2844797.51738 ] } },
{ "type": "Feature", "properties": { "score": 0.1308 }, "geometry": { "type": "Point", "coordinates": [ 572566.12983, 2844936.117380000185221 ] } },
{ "type": "Feature", "properties": { "score": 0.1308 }, "geometry": { "type": "Point", "coordinates": [ 573062.32983000006061, 2844934.917380000464618 ] } },
{ "type": "Feature", "properties": { "score": 0.1308 }, "geometry": { "type": "Point", "coordinates": [ 572813.32983000006061, 2845106.717380000278354 ] } },
{ "type": "Feature", "properties": { "score": 0.1308 }, "geometry": { "type": "Point", "coordinates": [ 572568.12983, 2845085.51738 ] } },
{ "type": "Feature", "properties": { "score": 0.1308 }, "geometry": { "type": "Point", "coordinates": [ 572488.529830000014044, 2845369.717380000278354 ] } },
{ "type": "Feature", "properties": { "score": 0.1308 }, "geometry": { "type": "Point", "coordinates": [ 572562.529830000014044, 2845037.51738 ] } },
{ "type": "Feature", "properties": { "score": 0.1308 }, "geometry": { "type": "Point", "coordinates": [ 572558.529830000014044, 2845074.51738 ] } },
{ "type": "Feature", "properties": { "score": 0.1308 }, "geometry": { "type": "Point", "coordinates": [ 572508.32983000006061, 2845254.117380000185221 ] } },
{ "type": "Feature", "properties": { "score": 0.1307 }, "geometry": { "type": "Point", "coordinates": [ 572484.32983000006061, 2845183.717380000278354 ] } },
{ "type": "Feature", "properties": { "score": 0.1307 }, "geometry": { "type": "Point", "coordinates": [ 572954.32983000006061, 2844899.317380000371486 ] } },
{ "type": "Feature", "properties": { "score": 0.1307 }, "geometry": { "type": "Point", "coordinates": [ 572789.929830000037327, 2845181.717380000278354 ] } },
{ "type": "Feature", "properties": { "score": 0.1307 }, "geometry": { "type": "Point", "coordinates": [ 572542.529830000014044, 2845135.117380000185221 ] } },
{ "type": "Feature", "properties": { "score": 0.1307 }, "geometry": { "type": "Point", "coordinates": [ 572517.32983000006061, 2844871.317380000371486 ] } },
{ "type": "Feature", "properties": { "score": 0.1307 }, "geometry": { "type": "Point", "coordinates": [ 572747.929830000037327, 2845254.317380000371486 ] } },
{ "type": "Feature", "properties": { "score": 0.1307 }, "geometry": { "type": "Point", "coordinates": [ 572528.929830000037327, 2844979.917380000464618 ] } },
{ "type": "Feature", "properties": { "score": 0.1306 }, "geometry": { "type": "Point", "coordinates": [ 572489.729830000083894, 2845092.117380000185221 ] } },
{ "type": "Feature", "properties": { "score": 0.1306 }, "geometry": { "type": "Point", "coordinates": [ 572775.929830000037327, 2845204.51738 ] } },
{ "type": "Feature", "properties": { "score": 0.1306 }, "geometry": { "type": "Point", "coordinates": [ 572991.12983, 2845040.717380000278354 ] } },
{ "type": "Feature", "properties": { "score": 0.1306 }, "geometry": { "type": "Point", "coordinates": [ 572851.32983000006061, 2845165.51738 ] } },
{ "type": "Feature", "properties": { "score": 0.1306 }, "geometry": { "type": "Point", "coordinates": [ 572879.929830000037327, 2845256.51738 ] } },
{ "type": "Feature", "properties": { "score": 0.1306 }, "geometry": { "type": "Point", "coordinates": [ 572894.12983, 2845073.51738 ] } },
{ "type": "Feature", "properties": { "score": 0.1305 }, "geometry": { "type": "Point", "coordinates": [ 572679.32983000006061, 2845383.917380000464618 ] } },
{ "type": "Feature", "properties": { "score": 0.1305 }, "geometry": { "type": "Point", "coordinates": [ 572557.729830000083894, 2845051.717380000278354 ] } },
{ "type": "Feature", "properties": { "score": 0.1305 }, "geometry": { "type": "Point", "coordinates": [ 572887.929830000037327, 2845165.317380000371486 ] } },
{ "type": "Feature", "properties": { "score": 0.1305 }, "geometry": { "type": "Point", "coordinates": [ 572488.529830000014044, 2844776.117380000185221 ] } },
{ "type": "Feature", "properties": { "score": 0.1305 }, "geometry": { "type": "Point", "coordinates": [ 572575.729830000083894, 2845055.51738 ] } },
{ "type": "Feature", "properties": { "score": 0.1305 }, "geometry": { "type": "Point", "coordinates": [ 572560.729830000083894, 2844744.717380000278354 ] } },
{ "type": "Feature", "properties": { "score": 0.1305 }, "geometry": { "type": "Point", "coordinates": [ 572532.929830000037327, 2845371.51738 ] } },
{ "type": "Feature", "properties": { "score": 0.1305 }, "geometry": { "type": "Point", "coordinates": [ 572844.12983, 2845178.717380000278354 ] } },
{ "type": "Feature", "properties": { "score": 0.1305 }, "geometry": { "type": "Point", "coordinates": [ 573014.32983000006061, 2844823.717380000278354 ] } },
{ "type": "Feature", "properties": { "score": 0.1305 }, "geometry": { "type": "Point", "coordinates": [ 572727.529830000014044, 2845033.317380000371486 ] } },
{ "type": "Feature", "properties": { "score": 0.1304 }, "geometry": { "type": "Point", "coordinates": [ 572731.32983000006061, 2845119.917380000464618 ] } },
{ "type": "Feature", "properties": { "score": 0.1304 }, "geometry": { "type": "Point", "coordinates": [ 573062.32983000006061, 2844907.117380000185221 ] } },
{ "type": "Feature", "properties": { "score": 0.1304 }, "geometry": { "type": "Point", "coordinates": [ 572657.529830000014044, 2844711.117380000185221 ] } },
{ "type": "Feature", "properties": { "score": 0.1304 }, "geometry": { "type": "Point", "coordinates": [ 572652.12983, 2844678.117380000185221 ] } },
{ "type": "Feature", "properties": { "score": 0.1303 }, "geometry": { "type": "Point", "coordinates": [ 572936.929830000037327, 2844996.717380000278354 ] } },
{ "type": "Feature", "properties": { "score": 0.1303 }, "geometry": { "type": "Point", "coordinates": [ 572682.32983000006061, 2845043.317380000371486 ] } },
{ "type": "Feature", "properties": { "score": 0.1303 }, "geometry": { "type": "Point", "coordinates": [ 572970.12983, 2844653.51738 ] } },
{ "type": "Feature", "properties": { "score": 0.1303 }, "geometry": { "type": "Point", "coordinates": [ 573033.32983000006061, 2844958.51738 ] } },
{ "type": "Feature", "properties": { "score": 0.1303 }, "geometry": { "type": "Point", "coordinates": [ 572729.32983000006061, 2844988.917380000464618 ] } },
{ "type": "Feature", "properties": { "score": 0.1303 }, "geometry": { "type": "Point", "coordinates": [ 572647.12983, 2844690.717380000278354 ] } },
{ "type": "Feature", "properties": { "score": 0.1303 }, "geometry": { "type": "Point", "coordinates": [ 572636.12983, 2845244.117380000185221 ] } },
{ "type": "Feature", "properties": { "score": 0.1303 }, "geometry": { "type": "Point", "coordinates": [ 572827.529830000014044, 2845282.317380000371486 ] } },
{ "type": "Feature", "properties": { "score": 0.1303 }, "geometry": { "type": "Point", "coordinates": [ 572743.929830000037327, 2845222.317380000371486 ] } },
{ "type": "Feature", "properties": { "score": 0.1302 }, "geometry": { "type": "Point", "coordinates": [ 572810.929830000037327, 2845107.317380000371486 ] } },
{ "type": "Feature", "properties": { "score": 0.1302 }, "geometry": { "type": "Point", "coordinates": [ 572777.729830000083894, 2844682.317380000371486 ] } },
{ "type": "Feature", "properties": { "score": 0.1302 }, "geometry": { "type": "Point", "coordinates": [ 572921.729829999967478, 2845138.317380000371486 ] } },
{ "type": "Feature", "properties": { "score": 0.1302 }, "geometry": { "type": "Point", "coordinates": [ 572711.529830000014044, 2845255.117380000185221 ] } },
{ "type": "Feature", "properties": { "score": 0.1302 }, "geometry": { "type": "Point", "coordinates": [ 572669.929830000037327, 2845104.117380000185221 ] } },
{ "type": "Feature", "properties": { "score": 0.1302 }, "geometry": { "type": "Point", "coordinates": [ 572861.729830000083894, 2845245.51738 ] } },
{ "type": "Feature", "properties": { "score": 0.1302 }, "geometry": { "type": "Point", "coordinates": [ 572595.529830000014044, 2845125.117380000185221 ] } },
{ "type": "Feature", "properties": { "score": 0.1302 }, "geometry": { "type": "Point", "coordinates": [ 573060.32983000006061, 2844703.51738 ] } },
{ "type": "Feature", "properties": { "score": 0.1302 }, "geometry": { "type": "Point", "coordinates": [ 572574.929830000037327, 2845004.317380000371486 ] } },
{ "type": "Feature", "properties": { "score": 0.1301 }, "geometry": { "type": "Point", "coordinates": [ 573034.12983, 2845057.117380000185221 ] } },
{ "type": "Feature", "properties": { "score": 0.1301 }, "geometry": { "type": "Point", "coordinates": [ 572537.529830000014044, 2845143.317380000371486 ] } },
{ "type": "Feature", "properties": { "score": 0.1301 }, "geometry": { "type": "Point", "coordinates": [ 572717.529830000014044, 2845262.117380000185221 ] } },
{ "type": "Feature", "properties": { "score": 0.1301 }, "geometry": { "type": "Point", "coordinates": [ 572858.12983, 2845182.51738 ] } },
{ "type": "Feature", "properties": { "score": 0.1301 }, "geometry": { "type": "Point", "coordinates": [ 572598.729830000083894, 2845375.717380000278354 ] } },
{ "type": "Feature", "properties": { "score": 0.1301 }, "geometry": { "type": "Point", "coordinates": [ 572763.729830000083894, 2844704.717380000278354 ] } },
{ "type": "Feature", "properties": { "score": 0.1301 }, "geometry": { "type": "Point", "coordinates": [ 572538.929830000037327, 2844948.917380000464618 ] } },
{ "type": "Feature", "properties": { "score": 0.1301 }, "geometry": { "type": "Point", "coordinates": [ 572551.929830000037327, 2845021.717380000278354 ] } },
{ "type": "Feature", "properties": { "score": 0.13 }, "geometry": { "type": "Point", "coordinates": [ 572669.12983, 2844651.917380000464618 ] } },
{ "type": "Feature", "properties": { "score": 0.13 }, "geometry": { "type": "Point", "coordinates": [ 572535.729830000083894, 2844963.51738 ] } },
{ "type": "Feature", "properties": { "score": 0.13 }, "geometry": { "type": "Point", "coordinates": [ 572733.529830000014044, 2845259.117380000185221 ] } },
{ "type": "Feature", "properties": { "score": 0.13 }, "geometry": { "type": "Point", "coordinates": [ 572620.12983, 2845051.117380000185221 ] } },
{ "type": "Feature", "properties": { "score": 0.1299 }, "geometry": { "type": "Point", "coordinates": [ 572700.32983000006061, 2845317.51738 ] } },
{ "type": "Feature", "properties": { "score": 0.1299 }, "geometry": { "type": "Point", "coordinates": [ 572859.12983, 2844787.317380000371486 ] } },
{ "type": "Feature", "properties": { "score": 0.1299 }, "geometry": { "type": "Point", "coordinates": [ 572866.32983000006061, 2844757.117380000185221 ] } },
{ "type": "Feature", "properties": { "score": 0.1299 }, "geometry": { "type": "Point", "coordinates": [ 572851.929830000037327, 2844654.717380000278354 ] } },
{ "type": "Feature", "properties": { "score": 0.1299 }, "geometry": { "type": "Point", "coordinates": [ 572765.32983000006061, 2844723.917380000464618 ] } },
{ "type": "Feature", "properties": { "score": 0.1299 }, "geometry": { "type": "Point", "coordinates": [ 572991.12983, 2845155.51738 ] } },
{ "type": "Feature", "properties": { "score": 0.1298 }, "geometry": { "type": "Point", "coordinates": [ 572990.529830000014044, 2844991.717380000278354 ] } },
{ "type": "Feature", "properties": { "score": 0.1298 }, "geometry": { "type": "Point", "coordinates": [ 572499.32983000006061, 2845086.51738 ] } },
{ "type": "Feature", "properties": { "score": 0.1298 }, "geometry": { "type": "Point", "coordinates": [ 572716.929830000037327, 2845134.51738 ] } },
{ "type": "Feature", "properties": { "score": 0.1298 }, "geometry": { "type": "Point", "coordinates": [ 572526.729830000083894, 2845219.317380000371486 ] } },
{ "type": "Feature", "properties": { "score": 0.1297 }, "geometry": { "type": "Point", "coordinates": [ 572601.32983000006061, 2844849.917380000464618 ] } },
{ "type": "Feature", "properties": { "score": 0.1297 }, "geometry": { "type": "Point", "coordinates": [ 572940.729829999967478, 2845182.717380000278354 ] } },
{ "type": "Feature", "properties": { "score": 0.1297 }, "geometry": { "type": "Point", "coordinates": [ 572970.32983000006061, 2844839.317380000371486 ] } },
{ "type": "Feature", "properties": { "score": 0.1297 }, "geometry": { "type": "Point", "coordinates": [ 573011.12983, 2845029.917380000464618 ] } },
{ "type": "Feature", "properties": { "score": 0.1297 }, "geometry": { "type": "Point", "coordinates": [ 572985.32983000006061, 2844822.317380000371486 ] } },
{ "type": "Feature", "properties": { "score": 0.1297 }, "geometry": { "type": "Point", "coordinates": [ 572690.529830000014044, 2845266.717380000278354 ] } },
{ "type": "Feature", "properties": { "score": 0.1296 }, "geometry": { "type": "Point", "coordinates": [ 572774.32983000006061, 2844908.317380000371486 ] } },
{ "type": "Feature", "properties": { "score": 0.1296 }, "geometry": { "type": "Point", "coordinates": [ 572651.929830000037327, 2845340.117380000185221 ] } },
{ "type": "Feature", "properties": { "score": 0.1296 }, "geometry": { "type": "Point", "coordinates": [ 573042.929830000037327, 2845084.317380000371486 ] } },
{ "type": "Feature", "properties": { "score": 0.1296 }, "geometry": { "type": "Point", "coordinates": [ 572506.929830000037327, 2844963.717380000278354 ] } },
{ "type": "Feature", "properties": { "score": 0.1296 }, "geometry": { "type": "Point", "coordinates": [ 572750.32983000006061, 2844688.51738 ] } },
{ "type": "Feature", "properties": { "score": 0.1296 }, "geometry": { "type": "Point", "coordinates": [ 572510.929830000037327, 2844960.117380000185221 ] } },
{ "type": "Feature", "properties": { "score": 0.1296 }, "geometry": { "type": "Point", "coordinates": [ 572665.929830000037327, 2845325.51738 ] } },
{ "type": "Feature", "properties": { "score": 0.1296 }, "geometry": { "type": "Point", "coordinates": [ 572845.32983000006061, 2845149.117380000185221 ] } },
{ "type": "Feature", "properties": { "score": 0.1296 }, "geometry": { "type": "Point", "coordinates": [ 572737.32983000006061, 2844714.51738 ] } },
{ "type": "Feature", "properties": { "score": 0.1296 }, "geometry": { "type": "Point", "coordinates": [ 572862.529830000014044, 2845250.117380000185221 ] } },
{ "type": "Feature", "properties": { "score": 0.1295 }, "geometry": { "type": "Point", "coordinates": [ 572642.32983000006061, 2844730.917380000464618 ] } },
{ "type": "Feature", "properties": { "score": 0.1295 }, "geometry": { "type": "Point", "coordinates": [ 572750.12983, 2844810.317380000371486 ] } },
{ "type": "Feature", "properties": { "score": 0.1295 }, "geometry": { "type": "Point", "coordinates": [ 572941.929830000037327, 2844679.117380000185221 ] } },
{ "type": "Feature", "properties": { "score": 0.1295 }, "geometry": { "type": "Point", "coordinates": [ 572893.929830000037327, 2844753.51738 ] } },
{ "type": "Feature", "properties": { "score": 0.1295 }, "geometry": { "type": "Point", "coordinates": [ 572532.32983000006061, 2844775.717380000278354 ] } },
{ "type": "Feature", "properties": { "score": 0.1295 }, "geometry": { "type": "Point", "coordinates": [ 572831.529830000014044, 2844678.317380000371486 ] } },
{ "type": "Feature", "properties": { "score": 0.1295 }, "geometry": { "type": "Point", "coordinates": [ 572965.729829999967478, 2844975.917380000464618 ] } },
{ "type": "Feature", "properties": { "score": 0.1295 }, "geometry": { "type": "Point", "coordinates": [ 572695.32983000006061, 2844741.51738 ] } },
{ "type": "Feature", "properties": { "score": 0.1294 }, "geometry": { "type": "Point", "coordinates": [ 572881.729830000083894, 2845130.717380000278354 ] } },
{ "type": "Feature", "properties": { "score": 0.1294 }, "geometry": { "type": "Point", "coordinates": [ 572857.729830000083894, 2844657.51738 ] } },
{ "type": "Feature", "properties": { "score": 0.1294 }, "geometry": { "type": "Point", "coordinates": [ 573061.529830000014044, 2844709.51738 ] } },
{ "type": "Feature", "properties": { "score": 0.1294 }, "geometry": { "type": "Point", "coordinates": [ 573061.929830000037327, 2844988.717380000278354 ] } },
{ "type": "Feature", "properties": { "score": 0.1294 }, "geometry": { "type": "Point", "coordinates": [ 572534.12983, 2844788.117380000185221 ] } },
{ "type": "Feature", "properties": { "score": 0.1294 }, "geometry": { "type": "Point", "coordinates": [ 572680.529830000014044, 2844692.117380000185221 ] } },
{ "type": "Feature", "properties": { "score": 0.1294 }, "geometry": { "type": "Point", "coordinates": [ 572743.32983000006061, 2844762.51738 ] } },
{ "type": "Feature", "properties": { "score": 0.1294 }, "geometry": { "type": "Point", "coordinates": [ 572738.12983, 2844673.117380000185221 ] } },
{ "type": "Feature", "properties": { "score": 0.1294 }, "geometry": { "type": "Point", "coordinates": [ 572593.729830000083894, 2844828.317380000371486 ] } },
{ "type": "Feature", "properties": { "score": 0.1294 }, "geometry": { "type": "Point", "coordinates": [ 572906.12983, 2844995.51738 ] } },
{ "type": "Feature", "properties": { "score": 0.1294 }, "geometry": { "type": "Point", "coordinates": [ 572507.529830000014044, 2845044.317380000371486 ] } },
{ "type": "Feature", "properties": { "score": 0.1293 }, "geometry": { "type": "Point", "coordinates": [ 572950.529830000014044, 2844692.317380000371486 ] } },
{ "type": "Feature", "properties": { "score": 0.1293 }, "geometry": { "type": "Point", "coordinates": [ 572505.12983, 2845207.51738 ] } },
{ "type": "Feature", "properties": { "score": 0.1293 }, "geometry": { "type": "Point", "coordinates": [ 572587.729830000083894, 2845125.917380000464618 ] } },
{ "type": "Feature", "properties": { "score": 0.1293 }, "geometry": { "type": "Point", "coordinates": [ 572876.729830000083894, 2844955.51738 ] } },
{ "type": "Feature", "properties": { "score": 0.1293 }, "geometry": { "type": "Point", "coordinates": [ 572526.12983, 2844783.51738 ] } },
{ "type": "Feature", "properties": { "score": 0.1292 }, "geometry": { "type": "Point", "coordinates": [ 573068.929830000037327, 2845039.117380000185221 ] } },
{ "type": "Feature", "properties": { "score": 0.1292 }, "geometry": { "type": "Point", "coordinates": [ 572543.32983000006061, 2844916.717380000278354 ] } },
{ "type": "Feature", "properties": { "score": 0.1292 }, "geometry": { "type": "Point", "coordinates": [ 572858.929830000037327, 2844906.51738 ] } },
{ "type": "Feature", "properties": { "score": 0.1291 }, "geometry": { "type": "Point", "coordinates": [ 572657.12983, 2844899.117380000185221 ] } },
{ "type": "Feature", "properties": { "score": 0.1291 }, "geometry": { "type": "Point", "coordinates": [ 572494.12983, 2845055.717380000278354 ] } },
{ "type": "Feature", "properties": { "score": 0.1291 }, "geometry": { "type": "Point", "coordinates": [ 572841.32983000006061, 2845179.717380000278354 ] } },
{ "type": "Feature", "properties": { "score": 0.1291 }, "geometry": { "type": "Point", "coordinates": [ 572905.929830000037327, 2844935.317380000371486 ] } },
{ "type": "Feature", "properties": { "score": 0.1291 }, "geometry": { "type": "Point", "coordinates": [ 572807.529830000014044, 2844678.317380000371486 ] } },
{ "type": "Feature", "properties": { "score": 0.129 }, "geometry": { "type": "Point", "coordinates": [ 572734.32983000006061, 2845132.117380000185221 ] } },
{ "type": "Feature", "properties": { "score": 0.129 }, "geometry": { "type": "Point", "coordinates": [ 572630.32983000006061, 2844899.717380000278354 ] } },
{ "type": "Feature", "properties": { "score": 0.129 }, "geometry": { "type": "Point", "coordinates": [ 572846.12983, 2845026.717380000278354 ] } },
{ "type": "Feature", "properties": { "score": 0.129 }, "geometry": { "type": "Point", "coordinates": [ 572570.529830000014044, 2845038.317380000371486 ] } },
{ "type": "Feature", "properties": { "score": 0.129 }, "geometry": { "type": "Point", "coordinates": [ 572894.12983, 2845077.917380000464618 ] } },
{ "type": "Feature", "properties": { "score": 0.129 }, "geometry": { "type": "Point", "coordinates": [ 572858.12983, 2845112.917380000464618 ] } },
{ "type": "Feature", "properties": { "score": 0.1289 }, "geometry": { "type": "Point", "coordinates": [ 573074.12983, 2844721.117380000185221 ] } },
{ "type": "Feature", "properties": { "score": 0.1289 }, "geometry": { "type": "Point", "coordinates": [ 572810.32983000006061, 2845180.717380000278354 ] } },
{ "type": "Feature", "properties": { "score": 0.1289 }, "geometry": { "type": "Point", "coordinates": [ 572658.929830000037327, 2845097.51738 ] } },
{ "type": "Feature", "properties": { "score": 0.1289 }, "geometry": { "type": "Point", "coordinates": [ 572888.529830000014044, 2845009.917380000464618 ] } },
{ "type": "Feature", "properties": { "score": 0.1289 }, "geometry": { "type": "Point", "coordinates": [ 572727.12983, 2844653.51738 ] } },
{ "type": "Feature", "properties": { "score": 0.1289 }, "geometry": { "type": "Point", "coordinates": [ 572773.729830000083894, 2845243.917380000464618 ] } },
{ "type": "Feature", "properties": { "score": 0.1289 }, "geometry": { "type": "Point", "coordinates": [ 572567.12983, 2844743.117380000185221 ] } },
{ "type": "Feature", "properties": { "score": 0.1289 }, "geometry": { "type": "Point", "coordinates": [ 572491.32983000006061, 2845350.117380000185221 ] } },
{ "type": "Feature", "properties": { "score": 0.1289 }, "geometry": { "type": "Point", "coordinates": [ 572700.32983000006061, 2845243.51738 ] } },
{ "type": "Feature", "properties": { "score": 0.1289 }, "geometry": { "type": "Point", "coordinates": [ 572923.729829999967478, 2844951.117380000185221 ] } },
{ "type": "Feature", "properties": { "score": 0.1289 }, "geometry": { "type": "Point", "coordinates": [ 572554.12983, 2845337.917380000464618 ] } },
{ "type": "Feature", "properties": { "score": 0.1289 }, "geometry": { "type": "Point", "coordinates": [ 572773.929830000037327, 2845168.117380000185221 ] } },
{ "type": "Feature", "properties": { "score": 0.1288 }, "geometry": { "type": "Point", "coordinates": [ 572581.32983000006061, 2844840.717380000278354 ] } },
{ "type": "Feature", "properties": { "score": 0.1288 }, "geometry": { "type": "Point", "coordinates": [ 572870.12983, 2845062.51738 ] } },
{ "type": "Feature", "properties": { "score": 0.1288 }, "geometry": { "type": "Point", "coordinates": [ 572543.729830000083894, 2844736.717380000278354 ] } },
{ "type": "Feature", "properties": { "score": 0.1288 }, "geometry": { "type": "Point", "coordinates": [ 572988.32983000006061, 2845167.717380000278354 ] } },
{ "type": "Feature", "properties": { "score": 0.1288 }, "geometry": { "type": "Point", "coordinates": [ 572629.529830000014044, 2844738.317380000371486 ] } },
{ "type": "Feature", "properties": { "score": 0.1288 }, "geometry": { "type": "Point", "coordinates": [ 572538.529830000014044, 2844973.317380000371486 ] } },
{ "type": "Feature", "properties": { "score": 0.1288 }, "geometry": { "type": "Point", "coordinates": [ 572536.32983000006061, 2844973.717380000278354 ] } },
{ "type": "Feature", "properties": { "score": 0.1287 }, "geometry": { "type": "Point", "coordinates": [ 572817.929830000037327, 2844900.917380000464618 ] } },
{ "type": "Feature", "properties": { "score": 0.1287 }, "geometry": { "type": "Point", "coordinates": [ 572574.929830000037327, 2845013.317380000371486 ] } },
{ "type": "Feature", "properties": { "score": 0.1287 }, "geometry": { "type": "Point", "coordinates": [ 572911.729829999967478, 2845002.51738 ] } },
{ "type": "Feature", "properties": { "score": 0.1287 }, "geometry": { "type": "Point", "coordinates": [ 572951.729829999967478, 2844660.317380000371486 ] } },
{ "type": "Feature", "properties": { "score": 0.1287 }, "geometry": { "type": "Point", "coordinates": [ 572747.729830000083894, 2845228.717380000278354 ] } },
{ "type": "Feature", "properties": { "score": 0.1287 }, "geometry": { "type": "Point", "coordinates": [ 572615.929830000037327, 2845182.117380000185221 ] } },
{ "type": "Feature", "properties": { "score": 0.1287 }, "geometry": { "type": "Point", "coordinates": [ 572984.729829999967478, 2845176.51738 ] } },
{ "type": "Feature", "properties": { "score": 0.1287 }, "geometry": { "type": "Point", "coordinates": [ 572642.32983000006061, 2845049.51738 ] } },
{ "type": "Feature", "properties": { "score": 0.1286 }, "geometry": { "type": "Point", "coordinates": [ 572593.529830000014044, 2845348.317380000371486 ] } },
{ "type": "Feature", "properties": { "score": 0.1286 }, "geometry": { "type": "Point", "coordinates": [ 572751.12983, 2845010.51738 ] } },
{ "type": "Feature", "properties": { "score": 0.1286 }, "geometry": { "type": "Point", "coordinates": [ 572483.729830000083894, 2844846.717380000278354 ] } },
{ "type": "Feature", "properties": { "score": 0.1286 }, "geometry": { "type": "Point", "coordinates": [ 572740.32983000006061, 2845035.317380000371486 ] } },
{ "type": "Feature", "properties": { "score": 0.1286 }, "geometry": { "type": "Point", "coordinates": [ 572527.12983, 2844727.51738 ] } },
{ "type": "Feature", "properties": { "score": 0.1286 }, "geometry": { "type": "Point", "coordinates": [ 572940.929830000037327, 2844652.117380000185221 ] } },
{ "type": "Feature", "properties": { "score": 0.1285 }, "geometry": { "type": "Point", "coordinates": [ 572747.32983000006061, 2845069.717380000278354 ] } },
{ "type": "Feature", "properties": { "score": 0.1285 }, "geometry": { "type": "Point", "coordinates": [ 572708.729830000083894, 2845366.717380000278354 ] } },
{ "type": "Feature", "properties": { "score": 0.1285 }, "geometry": { "type": "Point", "coordinates": [ 572944.32983000006061, 2844681.917380000464618 ] } },
{ "type": "Feature", "properties": { "score": 0.1285 }, "geometry": { "type": "Point", "coordinates": [ 572695.32983000006061, 2844910.117380000185221 ] } },
{ "type": "Feature", "properties": { "score": 0.1285 }, "geometry": { "type": "Point", "coordinates": [ 573059.729829999967478, 2844707.717380000278354 ] } },
{ "type": "Feature", "properties": { "score": 0.1285 }, "geometry": { "type": "Point", "coordinates": [ 572831.929830000037327, 2845039.717380000278354 ] } },
{ "type": "Feature", "properties": { "score": 0.1285 }, "geometry": { "type": "Point", "coordinates": [ 572841.729830000083894, 2845150.317380000371486 ] } },
{ "type": "Feature", "properties": { "score": 0.1285 }, "geometry": { "type": "Point", "coordinates": [ 572574.32983000006061, 2845088.117380000185221 ] } },
{ "type": "Feature", "properties": { "score": 0.1285 }, "geometry": { "type": "Point", "coordinates": [ 572731.729830000083894, 2844723.117380000185221 ] } },
{ "type": "Feature", "properties": { "score": 0.1284 }, "geometry": { "type": "Point", "coordinates": [ 572722.929830000037327, 2844930.117380000185221 ] } },
{ "type": "Feature", "properties": { "score": 0.1284 }, "geometry": { "type": "Point", "coordinates": [ 572623.729830000083894, 2845190.317380000371486 ] } },
{ "type": "Feature", "properties": { "score": 0.1284 }, "geometry": { "type": "Point", "coordinates": [ 572855.529830000014044, 2845178.717380000278354 ] } },
{ "type": "Feature", "properties": { "score": 0.1284 }, "geometry": { "type": "Point", "coordinates": [ 573013.929830000037327, 2844829.117380000185221 ] } },
{ "type": "Feature", "properties": { "score": 0.1284 }, "geometry": { "type": "Point", "coordinates": [ 572989.32983000006061, 2844726.917380000464618 ] } },
{ "type": "Feature", "properties": { "score": 0.1284 }, "geometry": { "type": "Point", "coordinates": [ 572537.32983000006061, 2844992.917380000464618 ] } },
{ "type": "Feature", "properties": { "score": 0.1284 }, "geometry": { "type": "Point", "coordinates": [ 572520.32983000006061, 2845014.317380000371486 ] } },
{ "type": "Feature", "properties": { "score": 0.1284 }, "geometry": { "type": "Point", "coordinates": [ 572660.529830000014044, 2844905.51738 ] } },
{ "type": "Feature", "properties": { "score": 0.1283 }, "geometry": { "type": "Point", "coordinates": [ 572859.32983000006061, 2845254.51738 ] } },
{ "type": "Feature", "properties": { "score": 0.1283 }, "geometry": { "type": "Point", "coordinates": [ 572678.32983000006061, 2844700.717380000278354 ] } },
{ "type": "Feature", "properties": { "score": 0.1283 }, "geometry": { "type": "Point", "coordinates": [ 572770.729830000083894, 2845068.317380000371486 ] } },
{ "type": "Feature", "properties": { "score": 0.1283 }, "geometry": { "type": "Point", "coordinates": [ 572991.729829999967478, 2845145.51738 ] } },
{ "type": "Feature", "properties": { "score": 0.1283 }, "geometry": { "type": "Point", "coordinates": [ 572799.12983, 2844920.117380000185221 ] } },
{ "type": "Feature", "properties": { "score": 0.1283 }, "geometry": { "type": "Point", "coordinates": [ 572987.529830000014044, 2844980.717380000278354 ] } },
{ "type": "Feature", "properties": { "score": 0.1282 }, "geometry": { "type": "Point", "coordinates": [ 572646.929830000037327, 2845366.717380000278354 ] } },
{ "type": "Feature", "properties": { "score": 0.1282 }, "geometry": { "type": "Point", "coordinates": [ 572492.529830000014044, 2845026.317380000371486 ] } },
{ "type": "Feature", "properties": { "score": 0.1282 }, "geometry": { "type": "Point", "coordinates": [ 572827.929830000037327, 2845184.51738 ] } },
{ "type": "Feature", "properties": { "score": 0.1282 }, "geometry": { "type": "Point", "coordinates": [ 572817.32983000006061, 2845110.317380000371486 ] } },
{ "type": "Feature", "properties": { "score": 0.1282 }, "geometry": { "type": "Point", "coordinates": [ 572988.529830000014044, 2844816.917380000464618 ] } },
{ "type": "Feature", "properties": { "score": 0.1282 }, "geometry": { "type": "Point", "coordinates": [ 572747.729830000083894, 2845167.317380000371486 ] } },
{ "type": "Feature", "properties": { "score": 0.1282 }, "geometry": { "type": "Point", "coordinates": [ 572797.12983, 2845229.51738 ] } },
{ "type": "Feature", "properties": { "score": 0.1281 }, "geometry": { "type": "Point", "coordinates": [ 573003.12983, 2845132.51738 ] } },
{ "type": "Feature", "properties": { "score": 0.1281 }, "geometry": { "type": "Point", "coordinates": [ 572939.32983000006061, 2844931.51738 ] } },
{ "type": "Feature", "properties": { "score": 0.1281 }, "geometry": { "type": "Point", "coordinates": [ 572786.729830000083894, 2844976.717380000278354 ] } },
{ "type": "Feature", "properties": { "score": 0.1281 }, "geometry": { "type": "Point", "coordinates": [ 572721.12983, 2845247.917380000464618 ] } },
{ "type": "Feature", "properties": { "score": 0.1281 }, "geometry": { "type": "Point", "coordinates": [ 572851.529830000014044, 2844948.717380000278354 ] } },
{ "type": "Feature", "properties": { "score": 0.128 }, "geometry": { "type": "Point", "coordinates": [ 572827.12983, 2845156.117380000185221 ] } },
{ "type": "Feature", "properties": { "score": 0.128 }, "geometry": { "type": "Point", "coordinates": [ 572493.12983, 2845061.117380000185221 ] } },
{ "type": "Feature", "properties": { "score": 0.128 }, "geometry": { "type": "Point", "coordinates": [ 572680.929830000037327, 2844666.51738 ] } },
{ "type": "Feature", "properties": { "score": 0.128 }, "geometry": { "type": "Point", "coordinates": [ 572889.529830000014044, 2844849.317380000371486 ] } },
{ "type": "Feature", "properties": { "score": 0.128 }, "geometry": { "type": "Point", "coordinates": [ 572628.929830000037327, 2844652.717380000278354 ] } },
{ "type": "Feature", "properties": { "score": 0.1279 }, "geometry": { "type": "Point", "coordinates": [ 573038.32983000006061, 2844824.717380000278354 ] } },
{ "type": "Feature", "properties": { "score": 0.1279 }, "geometry": { "type": "Point", "coordinates": [ 572555.729830000083894, 2845030.317380000371486 ] } },
{ "type": "Feature", "properties": { "score": 0.1279 }, "geometry": { "type": "Point", "coordinates": [ 572678.12983, 2844901.51738 ] } },
{ "type": "Feature", "properties": { "score": 0.1279 }, "geometry": { "type": "Point", "coordinates": [ 572503.12983, 2844994.117380000185221 ] } },
{ "type": "Feature", "properties": { "score": 0.1279 }, "geometry": { "type": "Point", "coordinates": [ 572506.529830000014044, 2844903.317380000371486 ] } },
{ "type": "Feature", "properties": { "score": 0.1279 }, "geometry": { "type": "Point", "coordinates": [ 572697.529830000014044, 2845007.117380000185221 ] } },
{ "type": "Feature", "properties": { "score": 0.1279 }, "geometry": { "type": "Point", "coordinates": [ 572747.32983000006061, 2844704.117380000185221 ] } },
{ "type": "Feature", "properties": { "score": 0.1279 }, "geometry": { "type": "Point", "coordinates": [ 572879.12983, 2845125.717380000278354 ] } },
{ "type": "Feature", "properties": { "score": 0.1279 }, "geometry": { "type": "Point", "coordinates": [ 572747.529830000014044, 2844829.717380000278354 ] } },
{ "type": "Feature", "properties": { "score": 0.1279 }, "geometry": { "type": "Point", "coordinates": [ 572531.32983000006061, 2845049.51738 ] } },
{ "type": "Feature", "properties": { "score": 0.1279 }, "geometry": { "type": "Point", "coordinates": [ 572708.929830000037327, 2844878.717380000278354 ] } },
{ "type": "Feature", "properties": { "score": 0.1279 }, "geometry": { "type": "Point", "coordinates": [ 572632.529830000014044, 2844718.317380000371486 ] } },
{ "type": "Feature", "properties": { "score": 0.1278 }, "geometry": { "type": "Point", "coordinates": [ 572578.32983000006061, 2844835.117380000185221 ] } },
{ "type": "Feature", "properties": { "score": 0.1278 }, "geometry": { "type": "Point", "coordinates": [ 572532.929830000037327, 2845072.117380000185221 ] } },
{ "type": "Feature", "properties": { "score": 0.1278 }, "geometry": { "type": "Point", "coordinates": [ 572677.729830000083894, 2845364.317380000371486 ] } },
{ "type": "Feature", "properties": { "score": 0.1278 }, "geometry": { "type": "Point", "coordinates": [ 572653.929830000037327, 2845078.917380000464618 ] } },
{ "type": "Feature", "properties": { "score": 0.1278 }, "geometry": { "type": "Point", "coordinates": [ 572543.929830000037327, 2845308.117380000185221 ] } },
{ "type": "Feature", "properties": { "score": 0.1278 }, "geometry": { "type": "Point", "coordinates": [ 572677.32983000006061, 2844746.917380000464618 ] } },
{ "type": "Feature", "properties": { "score": 0.1278 }, "geometry": { "type": "Point", "coordinates": [ 572570.12983, 2845083.717380000278354 ] } },
{ "type": "Feature", "properties": { "score": 0.1277 }, "geometry": { "type": "Point", "coordinates": [ 572558.12983, 2845035.117380000185221 ] } },
{ "type": "Feature", "properties": { "score": 0.1277 }, "geometry": { "type": "Point", "coordinates": [ 572528.529830000014044, 2845067.917380000464618 ] } },
{ "type": "Feature", "properties": { "score": 0.1277 }, "geometry": { "type": "Point", "coordinates": [ 572726.32983000006061, 2845232.317380000371486 ] } },
{ "type": "Feature", "properties": { "score": 0.1277 }, "geometry": { "type": "Point", "coordinates": [ 573002.12983, 2845045.117380000185221 ] } },
{ "type": "Feature", "properties": { "score": 0.1277 }, "geometry": { "type": "Point", "coordinates": [ 573049.729829999967478, 2845095.717380000278354 ] } },
{ "type": "Feature", "properties": { "score": 0.1277 }, "geometry": { "type": "Point", "coordinates": [ 572506.529830000014044, 2845040.717380000278354 ] } },
{ "type": "Feature", "properties": { "score": 0.1277 }, "geometry": { "type": "Point", "coordinates": [ 572780.729830000083894, 2844722.317380000371486 ] } },
{ "type": "Feature", "properties": { "score": 0.1277 }, "geometry": { "type": "Point", "coordinates": [ 572940.929830000037327, 2845133.717380000278354 ] } },
{ "type": "Feature", "properties": { "score": 0.1276 }, "geometry": { "type": "Point", "coordinates": [ 572808.32983000006061, 2844690.51738 ] } },
{ "type": "Feature", "properties": { "score": 0.1276 }, "geometry": { "type": "Point", "coordinates": [ 572501.929830000037327, 2845082.51738 ] } },
{ "type": "Feature", "properties": { "score": 0.1276 }, "geometry": { "type": "Point", "coordinates": [ 572843.729830000083894, 2844778.117380000185221 ] } },
{ "type": "Feature", "properties": { "score": 0.1276 }, "geometry": { "type": "Point", "coordinates": [ 572738.32983000006061, 2845034.317380000371486 ] } },
{ "type": "Feature", "properties": { "score": 0.1276 }, "geometry": { "type": "Point", "coordinates": [ 573031.729829999967478, 2844732.117380000185221 ] } },
{ "type": "Feature", "properties": { "score": 0.1276 }, "geometry": { "type": "Point", "coordinates": [ 572562.12983, 2845340.717380000278354 ] } },
{ "type": "Feature", "properties": { "score": 0.1275 }, "geometry": { "type": "Point", "coordinates": [ 572610.32983000006061, 2845059.117380000185221 ] } },
{ "type": "Feature", "properties": { "score": 0.1275 }, "geometry": { "type": "Point", "coordinates": [ 572558.32983000006061, 2844941.717380000278354 ] } },
{ "type": "Feature", "properties": { "score": 0.1275 }, "geometry": { "type": "Point", "coordinates": [ 572669.12983, 2845122.317380000371486 ] } },
{ "type": "Feature", "properties": { "score": 0.1274 }, "geometry": { "type": "Point", "coordinates": [ 572551.529830000014044, 2844965.51738 ] } },
{ "type": "Feature", "properties": { "score": 0.1274 }, "geometry": { "type": "Point", "coordinates": [ 572490.32983000006061, 2844760.317380000371486 ] } },
{ "type": "Feature", "properties": { "score": 0.1274 }, "geometry": { "type": "Point", "coordinates": [ 572784.12983, 2844787.917380000464618 ] } },
{ "type": "Feature", "properties": { "score": 0.1274 }, "geometry": { "type": "Point", "coordinates": [ 572803.729830000083894, 2844875.917380000464618 ] } },
{ "type": "Feature", "properties": { "score": 0.1274 }, "geometry": { "type": "Point", "coordinates": [ 572548.529830000014044, 2844966.317380000371486 ] } },
{ "type": "Feature", "properties": { "score": 0.1274 }, "geometry": { "type": "Point", "coordinates": [ 573035.729829999967478, 2845004.317380000371486 ] } },
{ "type": "Feature", "properties": { "score": 0.1274 }, "geometry": { "type": "Point", "coordinates": [ 572620.12983, 2844843.317380000371486 ] } },
{ "type": "Feature", "properties": { "score": 0.1274 }, "geometry": { "type": "Point", "coordinates": [ 572520.32983000006061, 2844798.917380000464618 ] } },
{ "type": "Feature", "properties": { "score": 0.1274 }, "geometry": { "type": "Point", "coordinates": [ 572769.12983, 2844778.317380000371486 ] } },
{ "type": "Feature", "properties": { "score": 0.1273 }, "geometry": { "type": "Point", "coordinates": [ 572844.32983000006061, 2845171.717380000278354 ] } },
{ "type": "Feature", "properties": { "score": 0.1273 }, "geometry": { "type": "Point", "coordinates": [ 572950.529830000014044, 2845016.117380000185221 ] } },
{ "type": "Feature", "properties": { "score": 0.1273 }, "geometry": { "type": "Point", "coordinates": [ 572591.929830000037327, 2844939.117380000185221 ] } },
{ "type": "Feature", "properties": { "score": 0.1273 }, "geometry": { "type": "Point", "coordinates": [ 572724.12983, 2844721.317380000371486 ] } },
{ "type": "Feature", "properties": { "score": 0.1273 }, "geometry": { "type": "Point", "coordinates": [ 572832.12983, 2845052.117380000185221 ] } },
{ "type": "Feature", "properties": { "score": 0.1273 }, "geometry": { "type": "Point", "coordinates": [ 572785.729830000083894, 2845086.917380000464618 ] } },
{ "type": "Feature", "properties": { "score": 0.1272 }, "geometry": { "type": "Point", "coordinates": [ 572973.12983, 2844714.317380000371486 ] } },
{ "type": "Feature", "properties": { "score": 0.1272 }, "geometry": { "type": "Point", "coordinates": [ 572873.529830000014044, 2845002.917380000464618 ] } },
{ "type": "Feature", "properties": { "score": 0.1272 }, "geometry": { "type": "Point", "coordinates": [ 572805.529830000014044, 2845149.117380000185221 ] } },
{ "type": "Feature", "properties": { "score": 0.1272 }, "geometry": { "type": "Point", "coordinates": [ 572726.32983000006061, 2844729.51738 ] } },
{ "type": "Feature", "properties": { "score": 0.1272 }, "geometry": { "type": "Point", "coordinates": [ 572877.729830000083894, 2845146.717380000278354 ] } },
{ "type": "Feature", "properties": { "score": 0.1272 }, "geometry": { "type": "Point", "coordinates": [ 572652.12983, 2844723.917380000464618 ] } },
{ "type": "Feature", "properties": { "score": 0.1272 }, "geometry": { "type": "Point", "coordinates": [ 572496.929830000037327, 2845229.51738 ] } },
{ "type": "Feature", "properties": { "score": 0.1272 }, "geometry": { "type": "Point", "coordinates": [ 572975.12983, 2845010.717380000278354 ] } },
{ "type": "Feature", "properties": { "score": 0.1272 }, "geometry": { "type": "Point", "coordinates": [ 572725.529830000014044, 2845052.117380000185221 ] } },
{ "type": "Feature", "properties": { "score": 0.1271 }, "geometry": { "type": "Point", "coordinates": [ 573002.32983000006061, 2845138.117380000185221 ] } },
{ "type": "Feature", "properties": { "score": 0.1271 }, "geometry": { "type": "Point", "coordinates": [ 572663.929830000037327, 2844928.317380000371486 ] } },
{ "type": "Feature", "properties": { "score": 0.1271 }, "geometry": { "type": "Point", "coordinates": [ 572572.529830000014044, 2845350.317380000371486 ] } },
{ "type": "Feature", "properties": { "score": 0.1271 }, "geometry": { "type": "Point", "coordinates": [ 572834.929830000037327, 2845128.51738 ] } },
{ "type": "Feature", "properties": { "score": 0.127 }, "geometry": { "type": "Point", "coordinates": [ 572923.729829999967478, 2844963.317380000371486 ] } },
{ "type": "Feature", "properties": { "score": 0.127 }, "geometry": { "type": "Point", "coordinates": [ 572510.12983, 2844679.117380000185221 ] } },
{ "type": "Feature", "properties": { "score": 0.127 }, "geometry": { "type": "Point", "coordinates": [ 572710.729830000083894, 2845023.917380000464618 ] } },
{ "type": "Feature", "properties": { "score": 0.127 }, "geometry": { "type": "Point", "coordinates": [ 572901.32983000006061, 2845015.917380000464618 ] } },
{ "type": "Feature", "properties": { "score": 0.1269 }, "geometry": { "type": "Point", "coordinates": [ 572992.729829999967478, 2844729.317380000371486 ] } },
{ "type": "Feature", "properties": { "score": 0.1269 }, "geometry": { "type": "Point", "coordinates": [ 572630.12983, 2845034.51738 ] } },
{ "type": "Feature", "properties": { "score": 0.1269 }, "geometry": { "type": "Point", "coordinates": [ 572965.529830000014044, 2844900.917380000464618 ] } },
{ "type": "Feature", "properties": { "score": 0.1269 }, "geometry": { "type": "Point", "coordinates": [ 572846.32983000006061, 2845171.917380000464618 ] } },
{ "type": "Feature", "properties": { "score": 0.1269 }, "geometry": { "type": "Point", "coordinates": [ 573062.12983, 2844842.317380000371486 ] } },
{ "type": "Feature", "properties": { "score": 0.1269 }, "geometry": { "type": "Point", "coordinates": [ 572497.729830000083894, 2845038.51738 ] } },
{ "type": "Feature", "properties": { "score": 0.1268 }, "geometry": { "type": "Point", "coordinates": [ 573017.729829999967478, 2845132.717380000278354 ] } },
{ "type": "Feature", "properties": { "score": 0.1268 }, "geometry": { "type": "Point", "coordinates": [ 572609.529830000014044, 2844742.51738 ] } },
{ "type": "Feature", "properties": { "score": 0.1268 }, "geometry": { "type": "Point", "coordinates": [ 572784.32983000006061, 2845014.317380000371486 ] } },
{ "type": "Feature", "properties": { "score": 0.1268 }, "geometry": { "type": "Point", "coordinates": [ 572749.529830000014044, 2844826.717380000278354 ] } },
{ "type": "Feature", "properties": { "score": 0.1268 }, "geometry": { "type": "Point", "coordinates": [ 572640.929830000037327, 2844972.117380000185221 ] } },
{ "type": "Feature", "properties": { "score": 0.1268 }, "geometry": { "type": "Point", "coordinates": [ 572787.529830000014044, 2844981.917380000464618 ] } },
{ "type": "Feature", "properties": { "score": 0.1268 }, "geometry": { "type": "Point", "coordinates": [ 572760.529830000014044, 2845180.717380000278354 ] } },
{ "type": "Feature", "properties": { "score": 0.1268 }, "geometry": { "type": "Point", "coordinates": [ 572498.32983000006061, 2844875.317380000371486 ] } },
{ "type": "Feature", "properties": { "score": 0.1267 }, "geometry": { "type": "Point", "coordinates": [ 572636.529830000014044, 2844959.317380000371486 ] } },
{ "type": "Feature", "properties": { "score": 0.1267 }, "geometry": { "type": "Point", "coordinates": [ 572509.12983, 2844947.917380000464618 ] } },
{ "type": "Feature", "properties": { "score": 0.1267 }, "geometry": { "type": "Point", "coordinates": [ 572846.12983, 2844881.117380000185221 ] } },
{ "type": "Feature", "properties": { "score": 0.1267 }, "geometry": { "type": "Point", "coordinates": [ 572963.32983000006061, 2845060.117380000185221 ] } },
{ "type": "Feature", "properties": { "score": 0.1267 }, "geometry": { "type": "Point", "coordinates": [ 572804.12983, 2845175.117380000185221 ] } },
{ "type": "Feature", "properties": { "score": 0.1267 }, "geometry": { "type": "Point", "coordinates": [ 573029.729829999967478, 2844963.117380000185221 ] } },
{ "type": "Feature", "properties": { "score": 0.1267 }, "geometry": { "type": "Point", "coordinates": [ 572895.929830000037327, 2845075.117380000185221 ] } },
{ "type": "Feature", "properties": { "score": 0.1267 }, "geometry": { "type": "Point", "coordinates": [ 572725.32983000006061, 2845184.317380000371486 ] } },
{ "type": "Feature", "properties": { "score": 0.1266 }, "geometry": { "type": "Point", "coordinates": [ 572549.529830000014044, 2845020.117380000185221 ] } },
{ "type": "Feature", "properties": { "score": 0.1266 }, "geometry": { "type": "Point", "coordinates": [ 572669.32983000006061, 2844725.717380000278354 ] } },
{ "type": "Feature", "properties": { "score": 0.1266 }, "geometry": { "type": "Point", "coordinates": [ 572586.12983, 2844865.917380000464618 ] } },
{ "type": "Feature", "properties": { "score": 0.1266 }, "geometry": { "type": "Point", "coordinates": [ 572935.12983, 2845110.917380000464618 ] } },
{ "type": "Feature", "properties": { "score": 0.1266 }, "geometry": { "type": "Point", "coordinates": [ 572490.929830000037327, 2845058.117380000185221 ] } },
{ "type": "Feature", "properties": { "score": 0.1266 }, "geometry": { "type": "Point", "coordinates": [ 573062.929830000037327, 2844871.917380000464618 ] } },
{ "type": "Feature", "properties": { "score": 0.1266 }, "geometry": { "type": "Point", "coordinates": [ 572580.529830000014044, 2844852.717380000278354 ] } },
{ "type": "Feature", "properties": { "score": 0.1266 }, "geometry": { "type": "Point", "coordinates": [ 572496.729830000083894, 2845347.917380000464618 ] } },
{ "type": "Feature", "properties": { "score": 0.1266 }, "geometry": { "type": "Point", "coordinates": [ 572840.12983, 2845253.51738 ] } },
{ "type": "Feature", "properties": { "score": 0.1266 }, "geometry": { "type": "Point", "coordinates": [ 572820.729830000083894, 2845179.317380000371486 ] } },
{ "type": "Feature", "properties": { "score": 0.1266 }, "geometry": { "type": "Point", "coordinates": [ 572745.929830000037327, 2844755.117380000185221 ] } },
{ "type": "Feature", "properties": { "score": 0.1265 }, "geometry": { "type": "Point", "coordinates": [ 572752.529830000014044, 2845074.317380000371486 ] } },
{ "type": "Feature", "properties": { "score": 0.1265 }, "geometry": { "type": "Point", "coordinates": [ 572784.729830000083894, 2845098.917380000464618 ] } },
{ "type": "Feature", "properties": { "score": 0.1265 }, "geometry": { "type": "Point", "coordinates": [ 572884.12983, 2845262.317380000371486 ] } },
{ "type": "Feature", "properties": { "score": 0.1265 }, "geometry": { "type": "Point", "coordinates": [ 572856.12983, 2845071.317380000371486 ] } },
{ "type": "Feature", "properties": { "score": 0.1265 }, "geometry": { "type": "Point", "coordinates": [ 572530.729830000083894, 2845031.917380000464618 ] } },
{ "type": "Feature", "properties": { "score": 0.1265 }, "geometry": { "type": "Point", "coordinates": [ 572749.529830000014044, 2845132.51738 ] } },
{ "type": "Feature", "properties": { "score": 0.1265 }, "geometry": { "type": "Point", "coordinates": [ 572887.32983000006061, 2844691.317380000371486 ] } },
{ "type": "Feature", "properties": { "score": 0.1265 }, "geometry": { "type": "Point", "coordinates": [ 572754.929830000037327, 2845074.117380000185221 ] } },
{ "type": "Feature", "properties": { "score": 0.1265 }, "geometry": { "type": "Point", "coordinates": [ 572500.12983, 2845250.317380000371486 ] } },
{ "type": "Feature", "properties": { "score": 0.1265 }, "geometry": { "type": "Point", "coordinates": [ 572921.729829999967478, 2844993.917380000464618 ] } },
{ "type": "Feature", "properties": { "score": 0.1265 }, "geometry": { "type": "Point", "coordinates": [ 572855.729830000083894, 2844932.717380000278354 ] } },
{ "type": "Feature", "properties": { "score": 0.1265 }, "geometry": { "type": "Point", "coordinates": [ 572770.729830000083894, 2844718.917380000464618 ] } },
{ "type": "Feature", "properties": { "score": 0.1264 }, "geometry": { "type": "Point", "coordinates": [ 572922.729829999967478, 2845234.317380000371486 ] } },
{ "type": "Feature", "properties": { "score": 0.1264 }, "geometry": { "type": "Point", "coordinates": [ 572677.729830000083894, 2845119.317380000371486 ] } },
{ "type": "Feature", "properties": { "score": 0.1264 }, "geometry": { "type": "Point", "coordinates": [ 572601.12983, 2845349.51738 ] } },
{ "type": "Feature", "properties": { "score": 0.1264 }, "geometry": { "type": "Point", "coordinates": [ 572565.32983000006061, 2844858.717380000278354 ] } },
{ "type": "Feature", "properties": { "score": 0.1264 }, "geometry": { "type": "Point", "coordinates": [ 572840.32983000006061, 2845079.717380000278354 ] } },
{ "type": "Feature", "properties": { "score": 0.1264 }, "geometry": { "type": "Point", "coordinates": [ 572841.729830000083894, 2844709.317380000371486 ] } },
{ "type": "Feature", "properties": { "score": 0.1264 }, "geometry": { "type": "Point", "coordinates": [ 572871.529830000014044, 2845178.717380000278354 ] } },
{ "type": "Feature", "properties": { "score": 0.1264 }, "geometry": { "type": "Point", "coordinates": [ 573012.12983, 2844821.917380000464618 ] } },
{ "type": "Feature", "properties": { "score": 0.1264 }, "geometry": { "type": "Point", "coordinates": [ 572861.929830000037327, 2845254.317380000371486 ] } },
{ "type": "Feature", "properties": { "score": 0.1264 }, "geometry": { "type": "Point", "coordinates": [ 572664.729830000083894, 2845011.51738 ] } },
{ "type": "Feature", "properties": { "score": 0.1264 }, "geometry": { "type": "Point", "coordinates": [ 572491.729830000083894, 2844979.717380000278354 ] } },
{ "type": "Feature", "properties": { "score": 0.1263 }, "geometry": { "type": "Point", "coordinates": [ 572674.32983000006061, 2844715.51738 ] } },
{ "type": "Feature", "properties": { "score": 0.1263 }, "geometry": { "type": "Point", "coordinates": [ 572883.729830000083894, 2845281.717380000278354 ] } },
{ "type": "Feature", "properties": { "score": 0.1263 }, "geometry": { "type": "Point", "coordinates": [ 572771.32983000006061, 2844710.717380000278354 ] } },
{ "type": "Feature", "properties": { "score": 0.1263 }, "geometry": { "type": "Point", "coordinates": [ 573063.12983, 2844963.317380000371486 ] } },
{ "type": "Feature", "properties": { "score": 0.1263 }, "geometry": { "type": "Point", "coordinates": [ 572742.32983000006061, 2845052.117380000185221 ] } },
{ "type": "Feature", "properties": { "score": 0.1263 }, "geometry": { "type": "Point", "coordinates": [ 572526.929830000037327, 2844969.51738 ] } },
{ "type": "Feature", "properties": { "score": 0.1263 }, "geometry": { "type": "Point", "coordinates": [ 572678.32983000006061, 2844666.317380000371486 ] } },
{ "type": "Feature", "properties": { "score": 0.1263 }, "geometry": { "type": "Point", "coordinates": [ 573037.12983, 2845015.717380000278354 ] } },
{ "type": "Feature", "properties": { "score": 0.1263 }, "geometry": { "type": "Point", "coordinates": [ 572514.929830000037327, 2844692.117380000185221 ] } },
{ "type": "Feature", "properties": { "score": 0.1262 }, "geometry": { "type": "Point", "coordinates": [ 572557.12983, 2845312.51738 ] } },
{ "type": "Feature", "properties": { "score": 0.1262 }, "geometry": { "type": "Point", "coordinates": [ 572843.12983, 2845146.717380000278354 ] } },
{ "type": "Feature", "properties": { "score": 0.1262 }, "geometry": { "type": "Point", "coordinates": [ 572848.529830000014044, 2845159.717380000278354 ] } },
{ "type": "Feature", "properties": { "score": 0.1261 }, "geometry": { "type": "Point", "coordinates": [ 572891.729830000083894, 2845166.717380000278354 ] } },
{ "type": "Feature", "properties": { "score": 0.1261 }, "geometry": { "type": "Point", "coordinates": [ 573062.12983, 2844846.51738 ] } },
{ "type": "Feature", "properties": { "score": 0.1261 }, "geometry": { "type": "Point", "coordinates": [ 572900.529830000014044, 2845130.317380000371486 ] } },
{ "type": "Feature", "properties": { "score": 0.1261 }, "geometry": { "type": "Point", "coordinates": [ 572774.12983, 2844775.51738 ] } },
{ "type": "Feature", "properties": { "score": 0.1261 }, "geometry": { "type": "Point", "coordinates": [ 572645.729830000083894, 2845074.717380000278354 ] } },
{ "type": "Feature", "properties": { "score": 0.1261 }, "geometry": { "type": "Point", "coordinates": [ 572567.729830000083894, 2845078.117380000185221 ] } },
{ "type": "Feature", "properties": { "score": 0.1261 }, "geometry": { "type": "Point", "coordinates": [ 572591.12983, 2844695.117380000185221 ] } },
{ "type": "Feature", "properties": { "score": 0.1261 }, "geometry": { "type": "Point", "coordinates": [ 572517.929830000037327, 2845266.317380000371486 ] } },
{ "type": "Feature", "properties": { "score": 0.126 }, "geometry": { "type": "Point", "coordinates": [ 572510.729830000083894, 2845383.117380000185221 ] } },
{ "type": "Feature", "properties": { "score": 0.126 }, "geometry": { "type": "Point", "coordinates": [ 572660.12983, 2845130.717380000278354 ] } },
{ "type": "Feature", "properties": { "score": 0.126 }, "geometry": { "type": "Point", "coordinates": [ 572723.529830000014044, 2845029.117380000185221 ] } },
{ "type": "Feature", "properties": { "score": 0.126 }, "geometry": { "type": "Point", "coordinates": [ 573039.12983, 2844697.917380000464618 ] } },
{ "type": "Feature", "properties": { "score": 0.126 }, "geometry": { "type": "Point", "coordinates": [ 572858.929830000037327, 2845028.317380000371486 ] } },
{ "type": "Feature", "properties": { "score": 0.126 }, "geometry": { "type": "Point", "coordinates": [ 572556.929830000037327, 2845056.917380000464618 ] } },
{ "type": "Feature", "properties": { "score": 0.126 }, "geometry": { "type": "Point", "coordinates": [ 572664.529830000014044, 2844924.317380000371486 ] } },
{ "type": "Feature", "properties": { "score": 0.1259 }, "geometry": { "type": "Point", "coordinates": [ 572675.32983000006061, 2845056.717380000278354 ] } },
{ "type": "Feature", "properties": { "score": 0.1259 }, "geometry": { "type": "Point", "coordinates": [ 572661.729830000083894, 2845029.117380000185221 ] } },
{ "type": "Feature", "properties": { "score": 0.1259 }, "geometry": { "type": "Point", "coordinates": [ 572729.929830000037327, 2845076.317380000371486 ] } },
{ "type": "Feature", "properties": { "score": 0.1259 }, "geometry": { "type": "Point", "coordinates": [ 572534.32983000006061, 2844860.717380000278354 ] } },
{ "type": "Feature", "properties": { "score": 0.1259 }, "geometry": { "type": "Point", "coordinates": [ 572572.12983, 2844847.717380000278354 ] } },
{ "type": "Feature", "properties": { "score": 0.1259 }, "geometry": { "type": "Point", "coordinates": [ 573058.12983, 2845022.51738 ] } },
{ "type": "Feature", "properties": { "score": 0.1259 }, "geometry": { "type": "Point", "coordinates": [ 572533.929830000037327, 2845254.317380000371486 ] } },
{ "type": "Feature", "properties": { "score": 0.1259 }, "geometry": { "type": "Point", "coordinates": [ 572500.729830000083894, 2844906.117380000185221 ] } },
{ "type": "Feature", "properties": { "score": 0.1258 }, "geometry": { "type": "Point", "coordinates": [ 572591.32983000006061, 2844704.717380000278354 ] } },
{ "type": "Feature", "properties": { "score": 0.1258 }, "geometry": { "type": "Point", "coordinates": [ 572514.929830000037327, 2844943.917380000464618 ] } },
{ "type": "Feature", "properties": { "score": 0.1258 }, "geometry": { "type": "Point", "coordinates": [ 572915.729829999967478, 2844999.917380000464618 ] } },
{ "type": "Feature", "properties": { "score": 0.1258 }, "geometry": { "type": "Point", "coordinates": [ 572748.729830000083894, 2844855.317380000371486 ] } },
{ "type": "Feature", "properties": { "score": 0.1258 }, "geometry": { "type": "Point", "coordinates": [ 572930.32983000006061, 2845163.717380000278354 ] } },
{ "type": "Feature", "properties": { "score": 0.1258 }, "geometry": { "type": "Point", "coordinates": [ 572902.12983, 2845103.717380000278354 ] } },
{ "type": "Feature", "properties": { "score": 0.1258 }, "geometry": { "type": "Point", "coordinates": [ 572921.12983, 2844726.51738 ] } },
{ "type": "Feature", "properties": { "score": 0.1258 }, "geometry": { "type": "Point", "coordinates": [ 572552.729830000083894, 2844934.717380000278354 ] } },
{ "type": "Feature", "properties": { "score": 0.1258 }, "geometry": { "type": "Point", "coordinates": [ 572862.12983, 2844995.917380000464618 ] } },
{ "type": "Feature", "properties": { "score": 0.1257 }, "geometry": { "type": "Point", "coordinates": [ 572979.929830000037327, 2844981.51738 ] } },
{ "type": "Feature", "properties": { "score": 0.1257 }, "geometry": { "type": "Point", "coordinates": [ 572804.529830000014044, 2845170.51738 ] } },
{ "type": "Feature", "properties": { "score": 0.1257 }, "geometry": { "type": "Point", "coordinates": [ 572970.32983000006061, 2845201.117380000185221 ] } },
{ "type": "Feature", "properties": { "score": 0.1257 }, "geometry": { "type": "Point", "coordinates": [ 572808.929830000037327, 2844687.317380000371486 ] } },
{ "type": "Feature", "properties": { "score": 0.1257 }, "geometry": { "type": "Point", "coordinates": [ 572638.12983, 2845204.317380000371486 ] } },
{ "type": "Feature", "properties": { "score": 0.1257 }, "geometry": { "type": "Point", "coordinates": [ 572732.529830000014044, 2844726.317380000371486 ] } },
{ "type": "Feature", "properties": { "score": 0.1257 }, "geometry": { "type": "Point", "coordinates": [ 572690.32983000006061, 2845179.917380000464618 ] } },
{ "type": "Feature", "properties": { "score": 0.1257 }, "geometry": { "type": "Point", "coordinates": [ 572978.929830000037327, 2845106.117380000185221 ] } },
{ "type": "Feature", "properties": { "score": 0.1257 }, "geometry": { "type": "Point", "coordinates": [ 572690.529830000014044, 2845172.717380000278354 ] } },
{ "type": "Feature", "properties": { "score": 0.1257 }, "geometry": { "type": "Point", "coordinates": [ 572773.729830000083894, 2844718.917380000464618 ] } },
{ "type": "Feature", "properties": { "score": 0.1256 }, "geometry": { "type": "Point", "coordinates": [ 572644.32983000006061, 2844924.117380000185221 ] } },
{ "type": "Feature", "properties": { "score": 0.1256 }, "geometry": { "type": "Point", "coordinates": [ 572505.32983000006061, 2844965.717380000278354 ] } },
{ "type": "Feature", "properties": { "score": 0.1256 }, "geometry": { "type": "Point", "coordinates": [ 572697.529830000014044, 2845326.317380000371486 ] } },
{ "type": "Feature", "properties": { "score": 0.1256 }, "geometry": { "type": "Point", "coordinates": [ 572683.32983000006061, 2844966.317380000371486 ] } },
{ "type": "Feature", "properties": { "score": 0.1255 }, "geometry": { "type": "Point", "coordinates": [ 572531.729830000083894, 2844953.917380000464618 ] } },
{ "type": "Feature", "properties": { "score": 0.1255 }, "geometry": { "type": "Point", "coordinates": [ 572835.729830000083894, 2844834.717380000278354 ] } },
{ "type": "Feature", "properties": { "score": 0.1255 }, "geometry": { "type": "Point", "coordinates": [ 572633.32983000006061, 2845157.717380000278354 ] } },
{ "type": "Feature", "properties": { "score": 0.1255 }, "geometry": { "type": "Point", "coordinates": [ 572756.529830000014044, 2845254.317380000371486 ] } },
{ "type": "Feature", "properties": { "score": 0.1255 }, "geometry": { "type": "Point", "coordinates": [ 572939.32983000006061, 2844921.117380000185221 ] } },
{ "type": "Feature", "properties": { "score": 0.1255 }, "geometry": { "type": "Point", "coordinates": [ 572761.929830000037327, 2844736.917380000464618 ] } },
{ "type": "Feature", "properties": { "score": 0.1255 }, "geometry": { "type": "Point", "coordinates": [ 572740.32983000006061, 2845125.717380000278354 ] } },
{ "type": "Feature", "properties": { "score": 0.1255 }, "geometry": { "type": "Point", "coordinates": [ 572570.12983, 2844768.117380000185221 ] } },
{ "type": "Feature", "properties": { "score": 0.1254 }, "geometry": { "type": "Point", "coordinates": [ 572520.929830000037327, 2844936.317380000371486 ] } },
{ "type": "Feature", "properties": { "score": 0.1254 }, "geometry": { "type": "Point", "coordinates": [ 572684.729830000083894, 2845355.51738 ] } },
{ "type": "Feature", "properties": { "score": 0.1254 }, "geometry": { "type": "Point", "coordinates": [ 572723.729830000083894, 2845218.917380000464618 ] } },
{ "type": "Feature", "properties": { "score": 0.1254 }, "geometry": { "type": "Point", "coordinates": [ 572595.12983, 2845000.717380000278354 ] } },
{ "type": "Feature", "properties": { "score": 0.1254 }, "geometry": { "type": "Point", "coordinates": [ 572491.529830000014044, 2844985.117380000185221 ] } },
{ "type": "Feature", "properties": { "score": 0.1254 }, "geometry": { "type": "Point", "coordinates": [ 572882.12983, 2844690.51738 ] } },
{ "type": "Feature", "properties": { "score": 0.1254 }, "geometry": { "type": "Point", "coordinates": [ 572702.12983, 2844689.917380000464618 ] } },
{ "type": "Feature", "properties": { "score": 0.1254 }, "geometry": { "type": "Point", "coordinates": [ 572666.32983000006061, 2844717.917380000464618 ] } },
{ "type": "Feature", "properties": { "score": 0.1253 }, "geometry": { "type": "Point", "coordinates": [ 572609.32983000006061, 2845042.317380000371486 ] } },
{ "type": "Feature", "properties": { "score": 0.1253 }, "geometry": { "type": "Point", "coordinates": [ 572666.12983, 2845200.717380000278354 ] } },
{ "type": "Feature", "properties": { "score": 0.1253 }, "geometry": { "type": "Point", "coordinates": [ 572783.529830000014044, 2844728.317380000371486 ] } },
{ "type": "Feature", "properties": { "score": 0.1253 }, "geometry": { "type": "Point", "coordinates": [ 572923.929830000037327, 2844725.717380000278354 ] } },
{ "type": "Feature", "properties": { "score": 0.1253 }, "geometry": { "type": "Point", "coordinates": [ 572563.729830000083894, 2845263.317380000371486 ] } },
{ "type": "Feature", "properties": { "score": 0.1253 }, "geometry": { "type": "Point", "coordinates": [ 572724.929830000037327, 2844727.717380000278354 ] } },
{ "type": "Feature", "properties": { "score": 0.1253 }, "geometry": { "type": "Point", "coordinates": [ 572532.729830000083894, 2845134.317380000371486 ] } },
{ "type": "Feature", "properties": { "score": 0.1253 }, "geometry": { "type": "Point", "coordinates": [ 572528.929830000037327, 2845050.51738 ] } },
{ "type": "Feature", "properties": { "score": 0.1252 }, "geometry": { "type": "Point", "coordinates": [ 572878.529830000014044, 2844977.917380000464618 ] } },
{ "type": "Feature", "properties": { "score": 0.1252 }, "geometry": { "type": "Point", "coordinates": [ 572724.529830000014044, 2844862.317380000371486 ] } },
{ "type": "Feature", "properties": { "score": 0.1252 }, "geometry": { "type": "Point", "coordinates": [ 572563.32983000006061, 2845236.51738 ] } },
{ "type": "Feature", "properties": { "score": 0.1252 }, "geometry": { "type": "Point", "coordinates": [ 572978.12983, 2844861.917380000464618 ] } },
{ "type": "Feature", "properties": { "score": 0.1252 }, "geometry": { "type": "Point", "coordinates": [ 573019.529830000014044, 2845137.717380000278354 ] } },
{ "type": "Feature", "properties": { "score": 0.1252 }, "geometry": { "type": "Point", "coordinates": [ 572993.12983, 2844821.317380000371486 ] } },
{ "type": "Feature", "properties": { "score": 0.1252 }, "geometry": { "type": "Point", "coordinates": [ 572504.729830000083894, 2845224.317380000371486 ] } },
{ "type": "Feature", "properties": { "score": 0.1251 }, "geometry": { "type": "Point", "coordinates": [ 572507.929830000037327, 2844847.917380000464618 ] } },
{ "type": "Feature", "properties": { "score": 0.1251 }, "geometry": { "type": "Point", "coordinates": [ 573008.929830000037327, 2845122.917380000464618 ] } },
{ "type": "Feature", "properties": { "score": 0.1251 }, "geometry": { "type": "Point", "coordinates": [ 572613.12983, 2845350.317380000371486 ] } },
{ "type": "Feature", "properties": { "score": 0.1251 }, "geometry": { "type": "Point", "coordinates": [ 572928.32983000006061, 2844835.917380000464618 ] } },
{ "type": "Feature", "properties": { "score": 0.1251 }, "geometry": { "type": "Point", "coordinates": [ 572500.529830000014044, 2844773.51738 ] } },
{ "type": "Feature", "properties": { "score": 0.1251 }, "geometry": { "type": "Point", "coordinates": [ 572665.529830000014044, 2844934.317380000371486 ] } },
{ "type": "Feature", "properties": { "score": 0.1251 }, "geometry": { "type": "Point", "coordinates": [ 572939.929830000037327, 2845168.117380000185221 ] } },
{ "type": "Feature", "properties": { "score": 0.1251 }, "geometry": { "type": "Point", "coordinates": [ 572483.929830000037327, 2845146.51738 ] } },
{ "type": "Feature", "properties": { "score": 0.1251 }, "geometry": { "type": "Point", "coordinates": [ 572826.32983000006061, 2845277.51738 ] } },
{ "type": "Feature", "properties": { "score": 0.1251 }, "geometry": { "type": "Point", "coordinates": [ 572700.12983, 2845173.917380000464618 ] } },
{ "type": "Feature", "properties": { "score": 0.1251 }, "geometry": { "type": "Point", "coordinates": [ 572738.12983, 2845128.51738 ] } },
{ "type": "Feature", "properties": { "score": 0.1251 }, "geometry": { "type": "Point", "coordinates": [ 572855.729830000083894, 2844749.51738 ] } },
{ "type": "Feature", "properties": { "score": 0.125 }, "geometry": { "type": "Point", "coordinates": [ 572741.12983, 2844668.51738 ] } },
{ "type": "Feature", "properties": { "score": 0.125 }, "geometry": { "type": "Point", "coordinates": [ 572629.929830000037327, 2845056.717380000278354 ] } },
{ "type": "Feature", "properties": { "score": 0.125 }, "geometry": { "type": "Point", "coordinates": [ 572902.12983, 2844930.317380000371486 ] } },
{ "type": "Feature", "properties": { "score": 0.125 }, "geometry": { "type": "Point", "coordinates": [ 572763.929830000037327, 2844683.717380000278354 ] } },
{ "type": "Feature", "properties": { "score": 0.125 }, "geometry": { "type": "Point", "coordinates": [ 573039.729829999967478, 2845037.917380000464618 ] } },
{ "type": "Feature", "properties": { "score": 0.125 }, "geometry": { "type": "Point", "coordinates": [ 572963.729829999967478, 2844849.117380000185221 ] } },
{ "type": "Feature", "properties": { "score": 0.1249 }, "geometry": { "type": "Point", "coordinates": [ 572622.32983000006061, 2844711.917380000464618 ] } },
{ "type": "Feature", "properties": { "score": 0.1249 }, "geometry": { "type": "Point", "coordinates": [ 572772.929830000037327, 2844954.317380000371486 ] } },
{ "type": "Feature", "properties": { "score": 0.1249 }, "geometry": { "type": "Point", "coordinates": [ 572719.12983, 2845198.717380000278354 ] } },
{ "type": "Feature", "properties": { "score": 0.1249 }, "geometry": { "type": "Point", "coordinates": [ 572954.32983000006061, 2845181.317380000371486 ] } },
{ "type": "Feature", "properties": { "score": 0.1249 }, "geometry": { "type": "Point", "coordinates": [ 572667.929830000037327, 2844934.117380000185221 ] } },
{ "type": "Feature", "properties": { "score": 0.1249 }, "geometry": { "type": "Point", "coordinates": [ 572846.12983, 2845069.51738 ] } },
{ "type": "Feature", "properties": { "score": 0.1248 }, "geometry": { "type": "Point", "coordinates": [ 572797.12983, 2845126.51738 ] } },
{ "type": "Feature", "properties": { "score": 0.1248 }, "geometry": { "type": "Point", "coordinates": [ 572486.929830000037327, 2844956.117380000185221 ] } },
{ "type": "Feature", "properties": { "score": 0.1248 }, "geometry": { "type": "Point", "coordinates": [ 572596.12983, 2845303.917380000464618 ] } },
{ "type": "Feature", "properties": { "score": 0.1248 }, "geometry": { "type": "Point", "coordinates": [ 572682.32983000006061, 2845038.117380000185221 ] } },
{ "type": "Feature", "properties": { "score": 0.1248 }, "geometry": { "type": "Point", "coordinates": [ 572923.729829999967478, 2844838.317380000371486 ] } },
{ "type": "Feature", "properties": { "score": 0.1248 }, "geometry": { "type": "Point", "coordinates": [ 572518.729830000083894, 2845218.317380000371486 ] } },
{ "type": "Feature", "properties": { "score": 0.1247 }, "geometry": { "type": "Point", "coordinates": [ 572638.729830000083894, 2845042.917380000464618 ] } },
{ "type": "Feature", "properties": { "score": 0.1247 }, "geometry": { "type": "Point", "coordinates": [ 572699.929830000037327, 2845386.917380000464618 ] } },
{ "type": "Feature", "properties": { "score": 0.1247 }, "geometry": { "type": "Point", "coordinates": [ 573050.32983000006061, 2844896.317380000371486 ] } },
{ "type": "Feature", "properties": { "score": 0.1247 }, "geometry": { "type": "Point", "coordinates": [ 572872.729830000083894, 2845229.717380000278354 ] } },
{ "type": "Feature", "properties": { "score": 0.1247 }, "geometry": { "type": "Point", "coordinates": [ 572546.32983000006061, 2845112.717380000278354 ] } },
{ "type": "Feature", "properties": { "score": 0.1247 }, "geometry": { "type": "Point", "coordinates": [ 572906.12983, 2844701.917380000464618 ] } },
{ "type": "Feature", "properties": { "score": 0.1247 }, "geometry": { "type": "Point", "coordinates": [ 572869.529830000014044, 2845259.317380000371486 ] } },
{ "type": "Feature", "properties": { "score": 0.1247 }, "geometry": { "type": "Point", "coordinates": [ 572601.929830000037327, 2845093.917380000464618 ] } },
{ "type": "Feature", "properties": { "score": 0.1247 }, "geometry": { "type": "Point", "coordinates": [ 572590.32983000006061, 2845062.317380000371486 ] } },
{ "type": "Feature", "properties": { "score": 0.1247 }, "geometry": { "type": "Point", "coordinates": [ 572701.529830000014044, 2844775.717380000278354 ] } },
{ "type": "Feature", "properties": { "score": 0.1247 }, "geometry": { "type": "Point", "coordinates": [ 572503.32983000006061, 2844846.51738 ] } },
{ "type": "Feature", "properties": { "score": 0.1246 }, "geometry": { "type": "Point", "coordinates": [ 572539.32983000006061, 2845084.317380000371486 ] } },
{ "type": "Feature", "properties": { "score": 0.1246 }, "geometry": { "type": "Point", "coordinates": [ 572883.12983, 2845245.51738 ] } },
{ "type": "Feature", "properties": { "score": 0.1246 }, "geometry": { "type": "Point", "coordinates": [ 572719.12983, 2845244.117380000185221 ] } },
{ "type": "Feature", "properties": { "score": 0.1246 }, "geometry": { "type": "Point", "coordinates": [ 572890.12983, 2845099.51738 ] } },
{ "type": "Feature", "properties": { "score": 0.1246 }, "geometry": { "type": "Point", "coordinates": [ 572844.12983, 2844716.117380000185221 ] } },
{ "type": "Feature", "properties": { "score": 0.1246 }, "geometry": { "type": "Point", "coordinates": [ 572547.729830000083894, 2845132.317380000371486 ] } },
{ "type": "Feature", "properties": { "score": 0.1245 }, "geometry": { "type": "Point", "coordinates": [ 572960.12983, 2844695.717380000278354 ] } },
{ "type": "Feature", "properties": { "score": 0.1245 }, "geometry": { "type": "Point", "coordinates": [ 572495.12983, 2844984.317380000371486 ] } },
{ "type": "Feature", "properties": { "score": 0.1245 }, "geometry": { "type": "Point", "coordinates": [ 572580.729830000083894, 2845254.317380000371486 ] } },
{ "type": "Feature", "properties": { "score": 0.1245 }, "geometry": { "type": "Point", "coordinates": [ 572556.32983000006061, 2844823.717380000278354 ] } },
{ "type": "Feature", "properties": { "score": 0.1245 }, "geometry": { "type": "Point", "coordinates": [ 572973.529830000014044, 2844994.317380000371486 ] } },
{ "type": "Feature", "properties": { "score": 0.1245 }, "geometry": { "type": "Point", "coordinates": [ 573020.529830000014044, 2844823.117380000185221 ] } },
{ "type": "Feature", "properties": { "score": 0.1245 }, "geometry": { "type": "Point", "coordinates": [ 572676.529830000014044, 2844681.317380000371486 ] } },
{ "type": "Feature", "properties": { "score": 0.1245 }, "geometry": { "type": "Point", "coordinates": [ 572719.32983000006061, 2844665.317380000371486 ] } },
{ "type": "Feature", "properties": { "score": 0.1245 }, "geometry": { "type": "Point", "coordinates": [ 572520.32983000006061, 2845068.917380000464618 ] } },
{ "type": "Feature", "properties": { "score": 0.1244 }, "geometry": { "type": "Point", "coordinates": [ 572551.12983, 2845112.917380000464618 ] } },
{ "type": "Feature", "properties": { "score": 0.1244 }, "geometry": { "type": "Point", "coordinates": [ 572840.729830000083894, 2844987.51738 ] } },
{ "type": "Feature", "properties": { "score": 0.1244 }, "geometry": { "type": "Point", "coordinates": [ 572558.929830000037327, 2845328.917380000464618 ] } },
{ "type": "Feature", "properties": { "score": 0.1244 }, "geometry": { "type": "Point", "coordinates": [ 572752.32983000006061, 2845289.51738 ] } },
{ "type": "Feature", "properties": { "score": 0.1244 }, "geometry": { "type": "Point", "coordinates": [ 573070.529830000014044, 2845057.317380000371486 ] } },
{ "type": "Feature", "properties": { "score": 0.1244 }, "geometry": { "type": "Point", "coordinates": [ 572681.12983, 2844683.51738 ] } },
{ "type": "Feature", "properties": { "score": 0.1244 }, "geometry": { "type": "Point", "coordinates": [ 572726.32983000006061, 2844778.917380000464618 ] } },
{ "type": "Feature", "properties": { "score": 0.1244 }, "geometry": { "type": "Point", "coordinates": [ 572798.32983000006061, 2845136.917380000464618 ] } },
{ "type": "Feature", "properties": { "score": 0.1244 }, "geometry": { "type": "Point", "coordinates": [ 572936.12983, 2845188.317380000371486 ] } },
{ "type": "Feature", "properties": { "score": 0.1244 }, "geometry": { "type": "Point", "coordinates": [ 572879.12983, 2845239.117380000185221 ] } },
{ "type": "Feature", "properties": { "score": 0.1244 }, "geometry": { "type": "Point", "coordinates": [ 572544.729830000083894, 2845022.317380000371486 ] } },
{ "type": "Feature", "properties": { "score": 0.1244 }, "geometry": { "type": "Point", "coordinates": [ 572906.729829999967478, 2844685.317380000371486 ] } },
{ "type": "Feature", "properties": { "score": 0.1243 }, "geometry": { "type": "Point", "coordinates": [ 572559.12983, 2844855.917380000464618 ] } },
{ "type": "Feature", "properties": { "score": 0.1243 }, "geometry": { "type": "Point", "coordinates": [ 572906.12983, 2845005.51738 ] } },
{ "type": "Feature", "properties": { "score": 0.1243 }, "geometry": { "type": "Point", "coordinates": [ 573070.12983, 2845074.51738 ] } },
{ "type": "Feature", "properties": { "score": 0.1243 }, "geometry": { "type": "Point", "coordinates": [ 572857.729830000083894, 2844917.917380000464618 ] } },
{ "type": "Feature", "properties": { "score": 0.1243 }, "geometry": { "type": "Point", "coordinates": [ 572809.32983000006061, 2844670.117380000185221 ] } },
{ "type": "Feature", "properties": { "score": 0.1243 }, "geometry": { "type": "Point", "coordinates": [ 572498.929830000037327, 2845311.117380000185221 ] } },
{ "type": "Feature", "properties": { "score": 0.1243 }, "geometry": { "type": "Point", "coordinates": [ 572834.32983000006061, 2845140.917380000464618 ] } },
{ "type": "Feature", "properties": { "score": 0.1242 }, "geometry": { "type": "Point", "coordinates": [ 572810.32983000006061, 2845099.917380000464618 ] } },
{ "type": "Feature", "properties": { "score": 0.1242 }, "geometry": { "type": "Point", "coordinates": [ 572702.12983, 2844858.717380000278354 ] } },
{ "type": "Feature", "properties": { "score": 0.1242 }, "geometry": { "type": "Point", "coordinates": [ 572546.32983000006061, 2845038.51738 ] } },
{ "type": "Feature", "properties": { "score": 0.1242 }, "geometry": { "type": "Point", "coordinates": [ 573002.12983, 2844791.117380000185221 ] } },
{ "type": "Feature", "properties": { "score": 0.1242 }, "geometry": { "type": "Point", "coordinates": [ 573012.12983, 2845122.317380000371486 ] } },
{ "type": "Feature", "properties": { "score": 0.1242 }, "geometry": { "type": "Point", "coordinates": [ 572894.12983, 2845091.317380000371486 ] } },
{ "type": "Feature", "properties": { "score": 0.1242 }, "geometry": { "type": "Point", "coordinates": [ 572556.12983, 2844830.117380000185221 ] } },
{ "type": "Feature", "properties": { "score": 0.1242 }, "geometry": { "type": "Point", "coordinates": [ 572932.32983000006061, 2844685.917380000464618 ] } },
{ "type": "Feature", "properties": { "score": 0.1242 }, "geometry": { "type": "Point", "coordinates": [ 572822.929830000037327, 2845185.51738 ] } },
{ "type": "Feature", "properties": { "score": 0.1242 }, "geometry": { "type": "Point", "coordinates": [ 572668.529830000014044, 2845127.117380000185221 ] } },
{ "type": "Feature", "properties": { "score": 0.1241 }, "geometry": { "type": "Point", "coordinates": [ 572665.32983000006061, 2844926.317380000371486 ] } },
{ "type": "Feature", "properties": { "score": 0.1241 }, "geometry": { "type": "Point", "coordinates": [ 572989.729829999967478, 2844742.317380000371486 ] } },
{ "type": "Feature", "properties": { "score": 0.1241 }, "geometry": { "type": "Point", "coordinates": [ 572713.12983, 2845208.317380000371486 ] } },
{ "type": "Feature", "properties": { "score": 0.1241 }, "geometry": { "type": "Point", "coordinates": [ 572867.929830000037327, 2845246.717380000278354 ] } },
{ "type": "Feature", "properties": { "score": 0.1241 }, "geometry": { "type": "Point", "coordinates": [ 572730.729830000083894, 2845209.317380000371486 ] } },
{ "type": "Feature", "properties": { "score": 0.1241 }, "geometry": { "type": "Point", "coordinates": [ 572935.32983000006061, 2844687.917380000464618 ] } },
{ "type": "Feature", "properties": { "score": 0.1241 }, "geometry": { "type": "Point", "coordinates": [ 572558.12983, 2845029.51738 ] } },
{ "type": "Feature", "properties": { "score": 0.1241 }, "geometry": { "type": "Point", "coordinates": [ 572829.929830000037327, 2845122.317380000371486 ] } },
{ "type": "Feature", "properties": { "score": 0.124 }, "geometry": { "type": "Point", "coordinates": [ 572663.32983000006061, 2844714.51738 ] } },
{ "type": "Feature", "properties": { "score": 0.124 }, "geometry": { "type": "Point", "coordinates": [ 573038.12983, 2844976.51738 ] } },
{ "type": "Feature", "properties": { "score": 0.124 }, "geometry": { "type": "Point", "coordinates": [ 572548.929830000037327, 2844961.317380000371486 ] } },
{ "type": "Feature", "properties": { "score": 0.124 }, "geometry": { "type": "Point", "coordinates": [ 572484.729830000083894, 2845369.117380000185221 ] } },
{ "type": "Feature", "properties": { "score": 0.124 }, "geometry": { "type": "Point", "coordinates": [ 572817.12983, 2845169.717380000278354 ] } },
{ "type": "Feature", "properties": { "score": 0.124 }, "geometry": { "type": "Point", "coordinates": [ 572798.12983, 2844910.717380000278354 ] } },
{ "type": "Feature", "properties": { "score": 0.124 }, "geometry": { "type": "Point", "coordinates": [ 572904.529830000014044, 2844813.317380000371486 ] } },
{ "type": "Feature", "properties": { "score": 0.124 }, "geometry": { "type": "Point", "coordinates": [ 572753.32983000006061, 2844697.317380000371486 ] } },
{ "type": "Feature", "properties": { "score": 0.1239 }, "geometry": { "type": "Point", "coordinates": [ 572741.929830000037327, 2844703.51738 ] } },
{ "type": "Feature", "properties": { "score": 0.1239 }, "geometry": { "type": "Point", "coordinates": [ 572628.12983, 2844833.51738 ] } },
{ "type": "Feature", "properties": { "score": 0.1239 }, "geometry": { "type": "Point", "coordinates": [ 572717.529830000014044, 2845003.717380000278354 ] } },
{ "type": "Feature", "properties": { "score": 0.1239 }, "geometry": { "type": "Point", "coordinates": [ 572577.929830000037327, 2844823.317380000371486 ] } },
{ "type": "Feature", "properties": { "score": 0.1239 }, "geometry": { "type": "Point", "coordinates": [ 572498.32983000006061, 2844897.317380000371486 ] } },
{ "type": "Feature", "properties": { "score": 0.1238 }, "geometry": { "type": "Point", "coordinates": [ 572803.12983, 2844882.117380000185221 ] } },
{ "type": "Feature", "properties": { "score": 0.1238 }, "geometry": { "type": "Point", "coordinates": [ 572729.12983, 2844834.117380000185221 ] } },
{ "type": "Feature", "properties": { "score": 0.1238 }, "geometry": { "type": "Point", "coordinates": [ 572488.32983000006061, 2844763.717380000278354 ] } },
{ "type": "Feature", "properties": { "score": 0.1238 }, "geometry": { "type": "Point", "coordinates": [ 572698.529830000014044, 2845316.317380000371486 ] } },
{ "type": "Feature", "properties": { "score": 0.1238 }, "geometry": { "type": "Point", "coordinates": [ 572784.729830000083894, 2844794.917380000464618 ] } },
{ "type": "Feature", "properties": { "score": 0.1237 }, "geometry": { "type": "Point", "coordinates": [ 572859.12983, 2844680.117380000185221 ] } },
{ "type": "Feature", "properties": { "score": 0.1237 }, "geometry": { "type": "Point", "coordinates": [ 572690.32983000006061, 2844922.51738 ] } },
{ "type": "Feature", "properties": { "score": 0.1237 }, "geometry": { "type": "Point", "coordinates": [ 572860.529830000014044, 2845153.117380000185221 ] } },
{ "type": "Feature", "properties": { "score": 0.1237 }, "geometry": { "type": "Point", "coordinates": [ 572786.12983, 2845137.917380000464618 ] } },
{ "type": "Feature", "properties": { "score": 0.1237 }, "geometry": { "type": "Point", "coordinates": [ 572889.32983000006061, 2844682.117380000185221 ] } },
{ "type": "Feature", "properties": { "score": 0.1237 }, "geometry": { "type": "Point", "coordinates": [ 572545.12983, 2845055.717380000278354 ] } },
{ "type": "Feature", "properties": { "score": 0.1236 }, "geometry": { "type": "Point", "coordinates": [ 572846.12983, 2844887.317380000371486 ] } },
{ "type": "Feature", "properties": { "score": 0.1236 }, "geometry": { "type": "Point", "coordinates": [ 573071.32983000006061, 2845050.917380000464618 ] } },
{ "type": "Feature", "properties": { "score": 0.1236 }, "geometry": { "type": "Point", "coordinates": [ 572676.729830000083894, 2845076.117380000185221 ] } },
{ "type": "Feature", "properties": { "score": 0.1236 }, "geometry": { "type": "Point", "coordinates": [ 572516.729830000083894, 2845000.51738 ] } },
{ "type": "Feature", "properties": { "score": 0.1236 }, "geometry": { "type": "Point", "coordinates": [ 572531.12983, 2845308.51738 ] } },
{ "type": "Feature", "properties": { "score": 0.1236 }, "geometry": { "type": "Point", "coordinates": [ 572517.729830000083894, 2844775.317380000371486 ] } },
{ "type": "Feature", "properties": { "score": 0.1236 }, "geometry": { "type": "Point", "coordinates": [ 572850.12983, 2844936.917380000464618 ] } },
{ "type": "Feature", "properties": { "score": 0.1236 }, "geometry": { "type": "Point", "coordinates": [ 572800.929830000037327, 2844995.917380000464618 ] } },
{ "type": "Feature", "properties": { "score": 0.1235 }, "geometry": { "type": "Point", "coordinates": [ 572980.12983, 2845170.317380000371486 ] } },
{ "type": "Feature", "properties": { "score": 0.1235 }, "geometry": { "type": "Point", "coordinates": [ 572756.929830000037327, 2844709.317380000371486 ] } },
{ "type": "Feature", "properties": { "score": 0.1235 }, "geometry": { "type": "Point", "coordinates": [ 572687.32983000006061, 2844831.917380000464618 ] } },
{ "type": "Feature", "properties": { "score": 0.1235 }, "geometry": { "type": "Point", "coordinates": [ 572688.729830000083894, 2844762.317380000371486 ] } },
{ "type": "Feature", "properties": { "score": 0.1235 }, "geometry": { "type": "Point", "coordinates": [ 572509.929830000037327, 2844942.51738 ] } },
{ "type": "Feature", "properties": { "score": 0.1235 }, "geometry": { "type": "Point", "coordinates": [ 572796.729830000083894, 2845084.717380000278354 ] } },
{ "type": "Feature", "properties": { "score": 0.1235 }, "geometry": { "type": "Point", "coordinates": [ 572903.32983000006061, 2845050.717380000278354 ] } },
{ "type": "Feature", "properties": { "score": 0.1234 }, "geometry": { "type": "Point", "coordinates": [ 572661.929830000037327, 2845014.717380000278354 ] } },
{ "type": "Feature", "properties": { "score": 0.1234 }, "geometry": { "type": "Point", "coordinates": [ 572644.12983, 2845085.51738 ] } },
{ "type": "Feature", "properties": { "score": 0.1234 }, "geometry": { "type": "Point", "coordinates": [ 572529.729830000083894, 2845299.51738 ] } },
{ "type": "Feature", "properties": { "score": 0.1234 }, "geometry": { "type": "Point", "coordinates": [ 572618.32983000006061, 2845050.117380000185221 ] } },
{ "type": "Feature", "properties": { "score": 0.1234 }, "geometry": { "type": "Point", "coordinates": [ 572715.729830000083894, 2844920.717380000278354 ] } },
{ "type": "Feature", "properties": { "score": 0.1234 }, "geometry": { "type": "Point", "coordinates": [ 572829.929830000037327, 2845132.917380000464618 ] } },
{ "type": "Feature", "properties": { "score": 0.1234 }, "geometry": { "type": "Point", "coordinates": [ 572647.929830000037327, 2845083.117380000185221 ] } },
{ "type": "Feature", "properties": { "score": 0.1234 }, "geometry": { "type": "Point", "coordinates": [ 572981.729829999967478, 2844826.51738 ] } },
{ "type": "Feature", "properties": { "score": 0.1234 }, "geometry": { "type": "Point", "coordinates": [ 572627.929830000037327, 2844726.317380000371486 ] } },
{ "type": "Feature", "properties": { "score": 0.1234 }, "geometry": { "type": "Point", "coordinates": [ 572936.32983000006061, 2844725.317380000371486 ] } },
{ "type": "Feature", "properties": { "score": 0.1234 }, "geometry": { "type": "Point", "coordinates": [ 572709.729830000083894, 2845021.51738 ] } },
{ "type": "Feature", "properties": { "score": 0.1234 }, "geometry": { "type": "Point", "coordinates": [ 572524.32983000006061, 2844918.317380000371486 ] } },
{ "type": "Feature", "properties": { "score": 0.1234 }, "geometry": { "type": "Point", "coordinates": [ 572950.529830000014044, 2845181.717380000278354 ] } },
{ "type": "Feature", "properties": { "score": 0.1233 }, "geometry": { "type": "Point", "coordinates": [ 572907.929830000037327, 2845093.117380000185221 ] } },
{ "type": "Feature", "properties": { "score": 0.1233 }, "geometry": { "type": "Point", "coordinates": [ 572497.729830000083894, 2845298.917380000464618 ] } },
{ "type": "Feature", "properties": { "score": 0.1233 }, "geometry": { "type": "Point", "coordinates": [ 572691.729830000083894, 2844708.717380000278354 ] } },
{ "type": "Feature", "properties": { "score": 0.1233 }, "geometry": { "type": "Point", "coordinates": [ 572844.929830000037327, 2844707.51738 ] } },
{ "type": "Feature", "properties": { "score": 0.1233 }, "geometry": { "type": "Point", "coordinates": [ 572527.32983000006061, 2845070.117380000185221 ] } },
{ "type": "Feature", "properties": { "score": 0.1233 }, "geometry": { "type": "Point", "coordinates": [ 572654.529830000014044, 2845002.51738 ] } },
{ "type": "Feature", "properties": { "score": 0.1233 }, "geometry": { "type": "Point", "coordinates": [ 572780.32983000006061, 2845082.51738 ] } },
{ "type": "Feature", "properties": { "score": 0.1233 }, "geometry": { "type": "Point", "coordinates": [ 572948.529830000014044, 2844656.917380000464618 ] } },
{ "type": "Feature", "properties": { "score": 0.1233 }, "geometry": { "type": "Point", "coordinates": [ 572729.929830000037327, 2844650.317380000371486 ] } },
{ "type": "Feature", "properties": { "score": 0.1233 }, "geometry": { "type": "Point", "coordinates": [ 573020.929830000037327, 2844752.117380000185221 ] } },
{ "type": "Feature", "properties": { "score": 0.1232 }, "geometry": { "type": "Point", "coordinates": [ 572694.12983, 2845125.117380000185221 ] } },
{ "type": "Feature", "properties": { "score": 0.1232 }, "geometry": { "type": "Point", "coordinates": [ 572740.529830000014044, 2845123.717380000278354 ] } },
{ "type": "Feature", "properties": { "score": 0.1232 }, "geometry": { "type": "Point", "coordinates": [ 572904.12983, 2844998.317380000371486 ] } },
{ "type": "Feature", "properties": { "score": 0.1232 }, "geometry": { "type": "Point", "coordinates": [ 572603.32983000006061, 2845361.51738 ] } },
{ "type": "Feature", "properties": { "score": 0.1232 }, "geometry": { "type": "Point", "coordinates": [ 572706.12983, 2844698.117380000185221 ] } },
{ "type": "Feature", "properties": { "score": 0.1232 }, "geometry": { "type": "Point", "coordinates": [ 572541.32983000006061, 2844995.917380000464618 ] } },
{ "type": "Feature", "properties": { "score": 0.1231 }, "geometry": { "type": "Point", "coordinates": [ 572837.12983, 2845168.317380000371486 ] } },
{ "type": "Feature", "properties": { "score": 0.1231 }, "geometry": { "type": "Point", "coordinates": [ 572560.32983000006061, 2845124.117380000185221 ] } },
{ "type": "Feature", "properties": { "score": 0.1231 }, "geometry": { "type": "Point", "coordinates": [ 572679.729830000083894, 2844906.51738 ] } },
{ "type": "Feature", "properties": { "score": 0.1231 }, "geometry": { "type": "Point", "coordinates": [ 572756.929830000037327, 2844753.917380000464618 ] } },
{ "type": "Feature", "properties": { "score": 0.1231 }, "geometry": { "type": "Point", "coordinates": [ 572904.929830000037327, 2845019.317380000371486 ] } },
{ "type": "Feature", "properties": { "score": 0.1231 }, "geometry": { "type": "Point", "coordinates": [ 572673.32983000006061, 2844681.51738 ] } },
{ "type": "Feature", "properties": { "score": 0.1231 }, "geometry": { "type": "Point", "coordinates": [ 572724.929830000037327, 2845076.317380000371486 ] } },
{ "type": "Feature", "properties": { "score": 0.1231 }, "geometry": { "type": "Point", "coordinates": [ 572766.529830000014044, 2844814.717380000278354 ] } },
{ "type": "Feature", "properties": { "score": 0.1231 }, "geometry": { "type": "Point", "coordinates": [ 572979.12983, 2845019.117380000185221 ] } },
{ "type": "Feature", "properties": { "score": 0.1231 }, "geometry": { "type": "Point", "coordinates": [ 572762.12983, 2844768.717380000278354 ] } },
{ "type": "Feature", "properties": { "score": 0.123 }, "geometry": { "type": "Point", "coordinates": [ 572783.12983, 2845137.917380000464618 ] } },
{ "type": "Feature", "properties": { "score": 0.123 }, "geometry": { "type": "Point", "coordinates": [ 572963.929830000037327, 2845116.717380000278354 ] } },
{ "type": "Feature", "properties": { "score": 0.123 }, "geometry": { "type": "Point", "coordinates": [ 572487.12983, 2845050.317380000371486 ] } },
{ "type": "Feature", "properties": { "score": 0.123 }, "geometry": { "type": "Point", "coordinates": [ 572842.32983000006061, 2844886.117380000185221 ] } },
{ "type": "Feature", "properties": { "score": 0.123 }, "geometry": { "type": "Point", "coordinates": [ 572977.729829999967478, 2844977.51738 ] } },
{ "type": "Feature", "properties": { "score": 0.123 }, "geometry": { "type": "Point", "coordinates": [ 572630.32983000006061, 2845242.917380000464618 ] } },
{ "type": "Feature", "properties": { "score": 0.123 }, "geometry": { "type": "Point", "coordinates": [ 572690.32983000006061, 2844703.717380000278354 ] } },
{ "type": "Feature", "properties": { "score": 0.123 }, "geometry": { "type": "Point", "coordinates": [ 572979.12983, 2845024.317380000371486 ] } },
{ "type": "Feature", "properties": { "score": 0.123 }, "geometry": { "type": "Point", "coordinates": [ 572869.929830000037327, 2845003.317380000371486 ] } },
{ "type": "Feature", "properties": { "score": 0.123 }, "geometry": { "type": "Point", "coordinates": [ 572953.529830000014044, 2844928.117380000185221 ] } },
{ "type": "Feature", "properties": { "score": 0.1229 }, "geometry": { "type": "Point", "coordinates": [ 572799.12983, 2844923.51738 ] } },
{ "type": "Feature", "properties": { "score": 0.1229 }, "geometry": { "type": "Point", "coordinates": [ 573041.529830000014044, 2844863.717380000278354 ] } },
{ "type": "Feature", "properties": { "score": 0.1229 }, "geometry": { "type": "Point", "coordinates": [ 572957.729829999967478, 2845202.51738 ] } },
{ "type": "Feature", "properties": { "score": 0.1229 }, "geometry": { "type": "Point", "coordinates": [ 572497.529830000014044, 2844986.117380000185221 ] } },
{ "type": "Feature", "properties": { "score": 0.1229 }, "geometry": { "type": "Point", "coordinates": [ 572810.32983000006061, 2844903.317380000371486 ] } },
{ "type": "Feature", "properties": { "score": 0.1229 }, "geometry": { "type": "Point", "coordinates": [ 573061.929830000037327, 2845002.117380000185221 ] } },
{ "type": "Feature", "properties": { "score": 0.1229 }, "geometry": { "type": "Point", "coordinates": [ 572857.529830000014044, 2845036.51738 ] } },
{ "type": "Feature", "properties": { "score": 0.1229 }, "geometry": { "type": "Point", "coordinates": [ 572763.32983000006061, 2844699.917380000464618 ] } },
{ "type": "Feature", "properties": { "score": 0.1229 }, "geometry": { "type": "Point", "coordinates": [ 572631.529830000014044, 2844847.317380000371486 ] } },
{ "type": "Feature", "properties": { "score": 0.1228 }, "geometry": { "type": "Point", "coordinates": [ 572548.529830000014044, 2844840.51738 ] } },
{ "type": "Feature", "properties": { "score": 0.1228 }, "geometry": { "type": "Point", "coordinates": [ 572501.32983000006061, 2844948.117380000185221 ] } },
{ "type": "Feature", "properties": { "score": 0.1228 }, "geometry": { "type": "Point", "coordinates": [ 572522.32983000006061, 2845304.317380000371486 ] } },
{ "type": "Feature", "properties": { "score": 0.1228 }, "geometry": { "type": "Point", "coordinates": [ 572772.12983, 2845051.117380000185221 ] } },
{ "type": "Feature", "properties": { "score": 0.1228 }, "geometry": { "type": "Point", "coordinates": [ 572857.529830000014044, 2845178.917380000464618 ] } },
{ "type": "Feature", "properties": { "score": 0.1228 }, "geometry": { "type": "Point", "coordinates": [ 572746.12983, 2844767.917380000464618 ] } },
{ "type": "Feature", "properties": { "score": 0.1227 }, "geometry": { "type": "Point", "coordinates": [ 572653.32983000006061, 2845019.917380000464618 ] } },
{ "type": "Feature", "properties": { "score": 0.1227 }, "geometry": { "type": "Point", "coordinates": [ 572902.729829999967478, 2845046.51738 ] } },
{ "type": "Feature", "properties": { "score": 0.1227 }, "geometry": { "type": "Point", "coordinates": [ 572652.12983, 2844853.117380000185221 ] } },
{ "type": "Feature", "properties": { "score": 0.1227 }, "geometry": { "type": "Point", "coordinates": [ 572742.529830000014044, 2844817.117380000185221 ] } },
{ "type": "Feature", "properties": { "score": 0.1227 }, "geometry": { "type": "Point", "coordinates": [ 572764.929830000037327, 2844690.717380000278354 ] } },
{ "type": "Feature", "properties": { "score": 0.1227 }, "geometry": { "type": "Point", "coordinates": [ 572775.12983, 2845055.317380000371486 ] } },
{ "type": "Feature", "properties": { "score": 0.1227 }, "geometry": { "type": "Point", "coordinates": [ 573054.32983000006061, 2844918.717380000278354 ] } },
{ "type": "Feature", "properties": { "score": 0.1227 }, "geometry": { "type": "Point", "coordinates": [ 572988.12983, 2845013.51738 ] } },
{ "type": "Feature", "properties": { "score": 0.1226 }, "geometry": { "type": "Point", "coordinates": [ 572522.32983000006061, 2844958.317380000371486 ] } },
{ "type": "Feature", "properties": { "score": 0.1226 }, "geometry": { "type": "Point", "coordinates": [ 572685.12983, 2844711.117380000185221 ] } },
{ "type": "Feature", "properties": { "score": 0.1226 }, "geometry": { "type": "Point", "coordinates": [ 573022.929830000037327, 2844726.317380000371486 ] } },
{ "type": "Feature", "properties": { "score": 0.1226 }, "geometry": { "type": "Point", "coordinates": [ 572850.929830000037327, 2845171.51738 ] } },
{ "type": "Feature", "properties": { "score": 0.1226 }, "geometry": { "type": "Point", "coordinates": [ 572854.32983000006061, 2845173.717380000278354 ] } },
{ "type": "Feature", "properties": { "score": 0.1226 }, "geometry": { "type": "Point", "coordinates": [ 573036.729829999967478, 2844953.51738 ] } },
{ "type": "Feature", "properties": { "score": 0.1226 }, "geometry": { "type": "Point", "coordinates": [ 572678.32983000006061, 2845037.51738 ] } },
{ "type": "Feature", "properties": { "score": 0.1225 }, "geometry": { "type": "Point", "coordinates": [ 572822.32983000006061, 2845085.317380000371486 ] } },
{ "type": "Feature", "properties": { "score": 0.1225 }, "geometry": { "type": "Point", "coordinates": [ 572788.12983, 2845088.117380000185221 ] } },
{ "type": "Feature", "properties": { "score": 0.1225 }, "geometry": { "type": "Point", "coordinates": [ 572917.529830000014044, 2844832.717380000278354 ] } },
{ "type": "Feature", "properties": { "score": 0.1225 }, "geometry": { "type": "Point", "coordinates": [ 572551.929830000037327, 2844856.717380000278354 ] } },
{ "type": "Feature", "properties": { "score": 0.1225 }, "geometry": { "type": "Point", "coordinates": [ 572639.929830000037327, 2844976.717380000278354 ] } },
{ "type": "Feature", "properties": { "score": 0.1225 }, "geometry": { "type": "Point", "coordinates": [ 573027.12983, 2844822.717380000278354 ] } },
{ "type": "Feature", "properties": { "score": 0.1225 }, "geometry": { "type": "Point", "coordinates": [ 572676.12983, 2845072.117380000185221 ] } },
{ "type": "Feature", "properties": { "score": 0.1225 }, "geometry": { "type": "Point", "coordinates": [ 572742.12983, 2844896.117380000185221 ] } },
{ "type": "Feature", "properties": { "score": 0.1224 }, "geometry": { "type": "Point", "coordinates": [ 572645.729830000083894, 2844758.51738 ] } },
{ "type": "Feature", "properties": { "score": 0.1224 }, "geometry": { "type": "Point", "coordinates": [ 572656.929830000037327, 2844690.117380000185221 ] } },
{ "type": "Feature", "properties": { "score": 0.1224 }, "geometry": { "type": "Point", "coordinates": [ 572905.929830000037327, 2845102.51738 ] } },
{ "type": "Feature", "properties": { "score": 0.1224 }, "geometry": { "type": "Point", "coordinates": [ 572547.12983, 2844932.717380000278354 ] } },
{ "type": "Feature", "properties": { "score": 0.1224 }, "geometry": { "type": "Point", "coordinates": [ 572708.12983, 2845121.51738 ] } },
{ "type": "Feature", "properties": { "score": 0.1224 }, "geometry": { "type": "Point", "coordinates": [ 572999.32983000006061, 2845165.917380000464618 ] } },
{ "type": "Feature", "properties": { "score": 0.1224 }, "geometry": { "type": "Point", "coordinates": [ 572816.12983, 2845220.317380000371486 ] } },
{ "type": "Feature", "properties": { "score": 0.1223 }, "geometry": { "type": "Point", "coordinates": [ 572488.32983000006061, 2844766.317380000371486 ] } },
{ "type": "Feature", "properties": { "score": 0.1223 }, "geometry": { "type": "Point", "coordinates": [ 572758.12983, 2845280.51738 ] } },
{ "type": "Feature", "properties": { "score": 0.1223 }, "geometry": { "type": "Point", "coordinates": [ 572677.32983000006061, 2844750.917380000464618 ] } },
{ "type": "Feature", "properties": { "score": 0.1223 }, "geometry": { "type": "Point", "coordinates": [ 572711.12983, 2845191.117380000185221 ] } },
{ "type": "Feature", "properties": { "score": 0.1223 }, "geometry": { "type": "Point", "coordinates": [ 572846.32983000006061, 2845289.51738 ] } },
{ "type": "Feature", "properties": { "score": 0.1223 }, "geometry": { "type": "Point", "coordinates": [ 572621.32983000006061, 2845054.51738 ] } },
{ "type": "Feature", "properties": { "score": 0.1223 }, "geometry": { "type": "Point", "coordinates": [ 572900.32983000006061, 2844701.51738 ] } },
{ "type": "Feature", "properties": { "score": 0.1223 }, "geometry": { "type": "Point", "coordinates": [ 572505.929830000037327, 2845091.117380000185221 ] } },
{ "type": "Feature", "properties": { "score": 0.1223 }, "geometry": { "type": "Point", "coordinates": [ 572512.32983000006061, 2844806.317380000371486 ] } },
{ "type": "Feature", "properties": { "score": 0.1223 }, "geometry": { "type": "Point", "coordinates": [ 573011.32983000006061, 2844834.51738 ] } },
{ "type": "Feature", "properties": { "score": 0.1223 }, "geometry": { "type": "Point", "coordinates": [ 572708.529830000014044, 2845214.117380000185221 ] } },
{ "type": "Feature", "properties": { "score": 0.1223 }, "geometry": { "type": "Point", "coordinates": [ 572535.12983, 2844893.317380000371486 ] } },
{ "type": "Feature", "properties": { "score": 0.1223 }, "geometry": { "type": "Point", "coordinates": [ 573025.12983, 2845112.317380000371486 ] } },
{ "type": "Feature", "properties": { "score": 0.1222 }, "geometry": { "type": "Point", "coordinates": [ 572639.729830000083894, 2845270.917380000464618 ] } },
{ "type": "Feature", "properties": { "score": 0.1222 }, "geometry": { "type": "Point", "coordinates": [ 572652.729830000083894, 2844935.917380000464618 ] } },
{ "type": "Feature", "properties": { "score": 0.1222 }, "geometry": { "type": "Point", "coordinates": [ 572763.12983, 2845273.117380000185221 ] } },
{ "type": "Feature", "properties": { "score": 0.1222 }, "geometry": { "type": "Point", "coordinates": [ 572657.12983, 2844750.51738 ] } },
{ "type": "Feature", "properties": { "score": 0.1222 }, "geometry": { "type": "Point", "coordinates": [ 573040.529830000014044, 2844971.117380000185221 ] } },
{ "type": "Feature", "properties": { "score": 0.1222 }, "geometry": { "type": "Point", "coordinates": [ 572543.12983, 2845139.117380000185221 ] } },
{ "type": "Feature", "properties": { "score": 0.1222 }, "geometry": { "type": "Point", "coordinates": [ 572750.32983000006061, 2844697.717380000278354 ] } },
{ "type": "Feature", "properties": { "score": 0.1221 }, "geometry": { "type": "Point", "coordinates": [ 572887.729830000083894, 2844727.917380000464618 ] } },
{ "type": "Feature", "properties": { "score": 0.1221 }, "geometry": { "type": "Point", "coordinates": [ 572867.32983000006061, 2844668.317380000371486 ] } },
{ "type": "Feature", "properties": { "score": 0.1221 }, "geometry": { "type": "Point", "coordinates": [ 572646.12983, 2844992.317380000371486 ] } },
{ "type": "Feature", "properties": { "score": 0.1221 }, "geometry": { "type": "Point", "coordinates": [ 572992.12983, 2844983.917380000464618 ] } },
{ "type": "Feature", "properties": { "score": 0.1221 }, "geometry": { "type": "Point", "coordinates": [ 572756.729830000083894, 2845172.717380000278354 ] } },
{ "type": "Feature", "properties": { "score": 0.1221 }, "geometry": { "type": "Point", "coordinates": [ 572931.529830000014044, 2845166.317380000371486 ] } },
{ "type": "Feature", "properties": { "score": 0.1221 }, "geometry": { "type": "Point", "coordinates": [ 572923.32983000006061, 2844947.117380000185221 ] } },
{ "type": "Feature", "properties": { "score": 0.1221 }, "geometry": { "type": "Point", "coordinates": [ 572550.529830000014044, 2844882.51738 ] } },
{ "type": "Feature", "properties": { "score": 0.1221 }, "geometry": { "type": "Point", "coordinates": [ 572670.32983000006061, 2844745.317380000371486 ] } },
{ "type": "Feature", "properties": { "score": 0.1221 }, "geometry": { "type": "Point", "coordinates": [ 572678.32983000006061, 2844955.917380000464618 ] } },
{ "type": "Feature", "properties": { "score": 0.1221 }, "geometry": { "type": "Point", "coordinates": [ 572654.32983000006061, 2844711.317380000371486 ] } },
{ "type": "Feature", "properties": { "score": 0.122 }, "geometry": { "type": "Point", "coordinates": [ 572882.12983, 2845261.917380000464618 ] } },
{ "type": "Feature", "properties": { "score": 0.122 }, "geometry": { "type": "Point", "coordinates": [ 572693.729830000083894, 2845174.117380000185221 ] } },
{ "type": "Feature", "properties": { "score": 0.122 }, "geometry": { "type": "Point", "coordinates": [ 572635.32983000006061, 2845221.917380000464618 ] } },
{ "type": "Feature", "properties": { "score": 0.122 }, "geometry": { "type": "Point", "coordinates": [ 572628.32983000006061, 2844714.917380000464618 ] } },
{ "type": "Feature", "properties": { "score": 0.122 }, "geometry": { "type": "Point", "coordinates": [ 572702.32983000006061, 2844746.117380000185221 ] } },
{ "type": "Feature", "properties": { "score": 0.122 }, "geometry": { "type": "Point", "coordinates": [ 572880.529830000014044, 2844645.117380000185221 ] } },
{ "type": "Feature", "properties": { "score": 0.122 }, "geometry": { "type": "Point", "coordinates": [ 572602.32983000006061, 2845366.51738 ] } },
{ "type": "Feature", "properties": { "score": 0.122 }, "geometry": { "type": "Point", "coordinates": [ 572876.929830000037327, 2845106.717380000278354 ] } },
{ "type": "Feature", "properties": { "score": 0.122 }, "geometry": { "type": "Point", "coordinates": [ 572556.929830000037327, 2845015.117380000185221 ] } },
{ "type": "Feature", "properties": { "score": 0.1219 }, "geometry": { "type": "Point", "coordinates": [ 572689.929830000037327, 2844894.117380000185221 ] } },
{ "type": "Feature", "properties": { "score": 0.1219 }, "geometry": { "type": "Point", "coordinates": [ 572562.12983, 2844981.717380000278354 ] } },
{ "type": "Feature", "properties": { "score": 0.1219 }, "geometry": { "type": "Point", "coordinates": [ 572556.729830000083894, 2845124.717380000278354 ] } },
{ "type": "Feature", "properties": { "score": 0.1219 }, "geometry": { "type": "Point", "coordinates": [ 572839.32983000006061, 2845085.717380000278354 ] } },
{ "type": "Feature", "properties": { "score": 0.1219 }, "geometry": { "type": "Point", "coordinates": [ 572884.12983, 2844689.917380000464618 ] } },
{ "type": "Feature", "properties": { "score": 0.1219 }, "geometry": { "type": "Point", "coordinates": [ 572687.929830000037327, 2844686.717380000278354 ] } },
{ "type": "Feature", "properties": { "score": 0.1219 }, "geometry": { "type": "Point", "coordinates": [ 572889.529830000014044, 2845081.51738 ] } },
{ "type": "Feature", "properties": { "score": 0.1219 }, "geometry": { "type": "Point", "coordinates": [ 572907.529830000014044, 2844710.51738 ] } },
{ "type": "Feature", "properties": { "score": 0.1218 }, "geometry": { "type": "Point", "coordinates": [ 572751.12983, 2845016.317380000371486 ] } },
{ "type": "Feature", "properties": { "score": 0.1218 }, "geometry": { "type": "Point", "coordinates": [ 572548.729830000083894, 2845289.51738 ] } },
{ "type": "Feature", "properties": { "score": 0.1218 }, "geometry": { "type": "Point", "coordinates": [ 572676.529830000014044, 2844716.917380000464618 ] } },
{ "type": "Feature", "properties": { "score": 0.1218 }, "geometry": { "type": "Point", "coordinates": [ 572556.929830000037327, 2845003.117380000185221 ] } },
{ "type": "Feature", "properties": { "score": 0.1218 }, "geometry": { "type": "Point", "coordinates": [ 573016.929830000037327, 2844922.51738 ] } },
{ "type": "Feature", "properties": { "score": 0.1218 }, "geometry": { "type": "Point", "coordinates": [ 573060.12983, 2845023.117380000185221 ] } },
{ "type": "Feature", "properties": { "score": 0.1218 }, "geometry": { "type": "Point", "coordinates": [ 572855.729830000083894, 2845175.917380000464618 ] } },
{ "type": "Feature", "properties": { "score": 0.1218 }, "geometry": { "type": "Point", "coordinates": [ 572609.729830000083894, 2845268.717380000278354 ] } },
{ "type": "Feature", "properties": { "score": 0.1217 }, "geometry": { "type": "Point", "coordinates": [ 572748.12983, 2844770.317380000371486 ] } },
{ "type": "Feature", "properties": { "score": 0.1217 }, "geometry": { "type": "Point", "coordinates": [ 572658.529830000014044, 2844933.717380000278354 ] } },
{ "type": "Feature", "properties": { "score": 0.1217 }, "geometry": { "type": "Point", "coordinates": [ 572733.729830000083894, 2845118.51738 ] } },
{ "type": "Feature", "properties": { "score": 0.1217 }, "geometry": { "type": "Point", "coordinates": [ 572798.32983000006061, 2845192.51738 ] } },
{ "type": "Feature", "properties": { "score": 0.1217 }, "geometry": { "type": "Point", "coordinates": [ 572860.12983, 2844710.917380000464618 ] } },
{ "type": "Feature", "properties": { "score": 0.1217 }, "geometry": { "type": "Point", "coordinates": [ 572832.32983000006061, 2845026.51738 ] } },
{ "type": "Feature", "properties": { "score": 0.1217 }, "geometry": { "type": "Point", "coordinates": [ 572652.32983000006061, 2845220.317380000371486 ] } },
{ "type": "Feature", "properties": { "score": 0.1216 }, "geometry": { "type": "Point", "coordinates": [ 572688.12983, 2844869.51738 ] } },
{ "type": "Feature", "properties": { "score": 0.1216 }, "geometry": { "type": "Point", "coordinates": [ 572675.929830000037327, 2845378.117380000185221 ] } },
{ "type": "Feature", "properties": { "score": 0.1216 }, "geometry": { "type": "Point", "coordinates": [ 572525.929830000037327, 2844899.317380000371486 ] } },
{ "type": "Feature", "properties": { "score": 0.1216 }, "geometry": { "type": "Point", "coordinates": [ 572529.529830000014044, 2844783.717380000278354 ] } },
{ "type": "Feature", "properties": { "score": 0.1216 }, "geometry": { "type": "Point", "coordinates": [ 572967.929830000037327, 2844757.51738 ] } },
{ "type": "Feature", "properties": { "score": 0.1215 }, "geometry": { "type": "Point", "coordinates": [ 572548.529830000014044, 2844874.717380000278354 ] } },
{ "type": "Feature", "properties": { "score": 0.1215 }, "geometry": { "type": "Point", "coordinates": [ 572762.12983, 2844721.717380000278354 ] } },
{ "type": "Feature", "properties": { "score": 0.1215 }, "geometry": { "type": "Point", "coordinates": [ 572844.929830000037327, 2845151.51738 ] } },
{ "type": "Feature", "properties": { "score": 0.1215 }, "geometry": { "type": "Point", "coordinates": [ 572904.729829999967478, 2844707.51738 ] } },
{ "type": "Feature", "properties": { "score": 0.1215 }, "geometry": { "type": "Point", "coordinates": [ 572883.12983, 2844850.317380000371486 ] } },
{ "type": "Feature", "properties": { "score": 0.1215 }, "geometry": { "type": "Point", "coordinates": [ 572788.529830000014044, 2845097.717380000278354 ] } },
{ "type": "Feature", "properties": { "score": 0.1214 }, "geometry": { "type": "Point", "coordinates": [ 572983.529830000014044, 2844862.917380000464618 ] } },
{ "type": "Feature", "properties": { "score": 0.1214 }, "geometry": { "type": "Point", "coordinates": [ 572804.729830000083894, 2844670.117380000185221 ] } },
{ "type": "Feature", "properties": { "score": 0.1214 }, "geometry": { "type": "Point", "coordinates": [ 572734.529830000014044, 2845040.51738 ] } },
{ "type": "Feature", "properties": { "score": 0.1214 }, "geometry": { "type": "Point", "coordinates": [ 572545.929830000037327, 2845047.917380000464618 ] } },
{ "type": "Feature", "properties": { "score": 0.1214 }, "geometry": { "type": "Point", "coordinates": [ 572872.929830000037327, 2845261.51738 ] } },
{ "type": "Feature", "properties": { "score": 0.1214 }, "geometry": { "type": "Point", "coordinates": [ 573017.32983000006061, 2845138.917380000464618 ] } },
{ "type": "Feature", "properties": { "score": 0.1214 }, "geometry": { "type": "Point", "coordinates": [ 572602.32983000006061, 2844805.117380000185221 ] } },
{ "type": "Feature", "properties": { "score": 0.1214 }, "geometry": { "type": "Point", "coordinates": [ 572699.929830000037327, 2845247.51738 ] } },
{ "type": "Feature", "properties": { "score": 0.1214 }, "geometry": { "type": "Point", "coordinates": [ 572882.529830000014044, 2845268.51738 ] } },
{ "type": "Feature", "properties": { "score": 0.1214 }, "geometry": { "type": "Point", "coordinates": [ 572785.929830000037327, 2844990.717380000278354 ] } },
{ "type": "Feature", "properties": { "score": 0.1213 }, "geometry": { "type": "Point", "coordinates": [ 572894.12983, 2845039.917380000464618 ] } },
{ "type": "Feature", "properties": { "score": 0.1213 }, "geometry": { "type": "Point", "coordinates": [ 572523.729830000083894, 2844944.717380000278354 ] } },
{ "type": "Feature", "properties": { "score": 0.1213 }, "geometry": { "type": "Point", "coordinates": [ 572973.529830000014044, 2844845.317380000371486 ] } },
{ "type": "Feature", "properties": { "score": 0.1213 }, "geometry": { "type": "Point", "coordinates": [ 572608.529830000014044, 2845350.117380000185221 ] } },
{ "type": "Feature", "properties": { "score": 0.1213 }, "geometry": { "type": "Point", "coordinates": [ 572782.12983, 2845069.317380000371486 ] } },
{ "type": "Feature", "properties": { "score": 0.1213 }, "geometry": { "type": "Point", "coordinates": [ 573056.729829999967478, 2845093.117380000185221 ] } },
{ "type": "Feature", "properties": { "score": 0.1213 }, "geometry": { "type": "Point", "coordinates": [ 572786.32983000006061, 2845150.717380000278354 ] } },
{ "type": "Feature", "properties": { "score": 0.1213 }, "geometry": { "type": "Point", "coordinates": [ 572678.32983000006061, 2845044.117380000185221 ] } },
{ "type": "Feature", "properties": { "score": 0.1213 }, "geometry": { "type": "Point", "coordinates": [ 572830.12983, 2844791.51738 ] } },
{ "type": "Feature", "properties": { "score": 0.1213 }, "geometry": { "type": "Point", "coordinates": [ 572501.529830000014044, 2845033.117380000185221 ] } },
{ "type": "Feature", "properties": { "score": 0.1213 }, "geometry": { "type": "Point", "coordinates": [ 572550.729830000083894, 2845040.717380000278354 ] } },
{ "type": "Feature", "properties": { "score": 0.1213 }, "geometry": { "type": "Point", "coordinates": [ 572882.929830000037327, 2845237.317380000371486 ] } },
{ "type": "Feature", "properties": { "score": 0.1212 }, "geometry": { "type": "Point", "coordinates": [ 572494.12983, 2845304.717380000278354 ] } },
{ "type": "Feature", "properties": { "score": 0.1212 }, "geometry": { "type": "Point", "coordinates": [ 572846.32983000006061, 2845284.117380000185221 ] } },
{ "type": "Feature", "properties": { "score": 0.1212 }, "geometry": { "type": "Point", "coordinates": [ 572717.12983, 2845194.51738 ] } },
{ "type": "Feature", "properties": { "score": 0.1212 }, "geometry": { "type": "Point", "coordinates": [ 572483.929830000037327, 2845180.717380000278354 ] } },
{ "type": "Feature", "properties": { "score": 0.1212 }, "geometry": { "type": "Point", "coordinates": [ 572594.529830000014044, 2844965.717380000278354 ] } },
{ "type": "Feature", "properties": { "score": 0.1212 }, "geometry": { "type": "Point", "coordinates": [ 572488.929830000037327, 2845365.917380000464618 ] } },
{ "type": "Feature", "properties": { "score": 0.1212 }, "geometry": { "type": "Point", "coordinates": [ 572821.529830000014044, 2845216.117380000185221 ] } },
{ "type": "Feature", "properties": { "score": 0.1212 }, "geometry": { "type": "Point", "coordinates": [ 573027.529830000014044, 2844930.317380000371486 ] } },
{ "type": "Feature", "properties": { "score": 0.1212 }, "geometry": { "type": "Point", "coordinates": [ 572666.32983000006061, 2845126.717380000278354 ] } },
{ "type": "Feature", "properties": { "score": 0.1212 }, "geometry": { "type": "Point", "coordinates": [ 572706.529830000014044, 2844827.51738 ] } },
{ "type": "Feature", "properties": { "score": 0.1212 }, "geometry": { "type": "Point", "coordinates": [ 572655.929830000037327, 2844848.917380000464618 ] } },
{ "type": "Feature", "properties": { "score": 0.1211 }, "geometry": { "type": "Point", "coordinates": [ 572990.12983, 2844729.317380000371486 ] } },
{ "type": "Feature", "properties": { "score": 0.1211 }, "geometry": { "type": "Point", "coordinates": [ 572914.729829999967478, 2844990.317380000371486 ] } },
{ "type": "Feature", "properties": { "score": 0.1211 }, "geometry": { "type": "Point", "coordinates": [ 572851.32983000006061, 2845221.51738 ] } },
{ "type": "Feature", "properties": { "score": 0.1211 }, "geometry": { "type": "Point", "coordinates": [ 572976.32983000006061, 2844714.317380000371486 ] } },
{ "type": "Feature", "properties": { "score": 0.1211 }, "geometry": { "type": "Point", "coordinates": [ 572615.12983, 2844716.117380000185221 ] } },
{ "type": "Feature", "properties": { "score": 0.1211 }, "geometry": { "type": "Point", "coordinates": [ 572690.529830000014044, 2844711.51738 ] } },
{ "type": "Feature", "properties": { "score": 0.1211 }, "geometry": { "type": "Point", "coordinates": [ 572582.12983, 2845056.317380000371486 ] } },
{ "type": "Feature", "properties": { "score": 0.1211 }, "geometry": { "type": "Point", "coordinates": [ 572629.32983000006061, 2844847.117380000185221 ] } },
{ "type": "Feature", "properties": { "score": 0.1211 }, "geometry": { "type": "Point", "coordinates": [ 572518.529830000014044, 2845060.717380000278354 ] } },
{ "type": "Feature", "properties": { "score": 0.1211 }, "geometry": { "type": "Point", "coordinates": [ 572535.32983000006061, 2845338.317380000371486 ] } },
{ "type": "Feature", "properties": { "score": 0.1211 }, "geometry": { "type": "Point", "coordinates": [ 572818.929830000037327, 2845181.51738 ] } },
{ "type": "Feature", "properties": { "score": 0.1211 }, "geometry": { "type": "Point", "coordinates": [ 572847.32983000006061, 2845106.117380000185221 ] } },
{ "type": "Feature", "properties": { "score": 0.1211 }, "geometry": { "type": "Point", "coordinates": [ 572721.32983000006061, 2844816.717380000278354 ] } },
{ "type": "Feature", "properties": { "score": 0.1211 }, "geometry": { "type": "Point", "coordinates": [ 572942.929830000037327, 2844930.717380000278354 ] } },
{ "type": "Feature", "properties": { "score": 0.121 }, "geometry": { "type": "Point", "coordinates": [ 572528.529830000014044, 2844896.717380000278354 ] } },
{ "type": "Feature", "properties": { "score": 0.121 }, "geometry": { "type": "Point", "coordinates": [ 572564.32983000006061, 2845031.717380000278354 ] } },
{ "type": "Feature", "properties": { "score": 0.121 }, "geometry": { "type": "Point", "coordinates": [ 572740.12983, 2845070.51738 ] } },
{ "type": "Feature", "properties": { "score": 0.121 }, "geometry": { "type": "Point", "coordinates": [ 572542.12983, 2844877.117380000185221 ] } },
{ "type": "Feature", "properties": { "score": 0.121 }, "geometry": { "type": "Point", "coordinates": [ 572978.32983000006061, 2844868.117380000185221 ] } },
{ "type": "Feature", "properties": { "score": 0.1209 }, "geometry": { "type": "Point", "coordinates": [ 572890.729830000083894, 2845095.317380000371486 ] } },
{ "type": "Feature", "properties": { "score": 0.1209 }, "geometry": { "type": "Point", "coordinates": [ 572519.929830000037327, 2845119.51738 ] } },
{ "type": "Feature", "properties": { "score": 0.1209 }, "geometry": { "type": "Point", "coordinates": [ 572936.929830000037327, 2845118.717380000278354 ] } },
{ "type": "Feature", "properties": { "score": 0.1209 }, "geometry": { "type": "Point", "coordinates": [ 572592.529830000014044, 2845018.917380000464618 ] } },
{ "type": "Feature", "properties": { "score": 0.1209 }, "geometry": { "type": "Point", "coordinates": [ 572740.32983000006061, 2844848.51738 ] } },
{ "type": "Feature", "properties": { "score": 0.1209 }, "geometry": { "type": "Point", "coordinates": [ 572701.32983000006061, 2844786.51738 ] } },
{ "type": "Feature", "properties": { "score": 0.1209 }, "geometry": { "type": "Point", "coordinates": [ 572735.729830000083894, 2845037.117380000185221 ] } },
{ "type": "Feature", "properties": { "score": 0.1209 }, "geometry": { "type": "Point", "coordinates": [ 572954.12983, 2845072.917380000464618 ] } },
{ "type": "Feature", "properties": { "score": 0.1209 }, "geometry": { "type": "Point", "coordinates": [ 572855.729830000083894, 2844899.717380000278354 ] } },
{ "type": "Feature", "properties": { "score": 0.1209 }, "geometry": { "type": "Point", "coordinates": [ 572524.32983000006061, 2844833.51738 ] } },
{ "type": "Feature", "properties": { "score": 0.1209 }, "geometry": { "type": "Point", "coordinates": [ 572774.529830000014044, 2845124.117380000185221 ] } },
{ "type": "Feature", "properties": { "score": 0.1208 }, "geometry": { "type": "Point", "coordinates": [ 572639.729830000083894, 2844829.717380000278354 ] } },
{ "type": "Feature", "properties": { "score": 0.1208 }, "geometry": { "type": "Point", "coordinates": [ 572700.729830000083894, 2845028.717380000278354 ] } },
{ "type": "Feature", "properties": { "score": 0.1208 }, "geometry": { "type": "Point", "coordinates": [ 572711.12983, 2844762.317380000371486 ] } },
{ "type": "Feature", "properties": { "score": 0.1208 }, "geometry": { "type": "Point", "coordinates": [ 572846.32983000006061, 2844927.317380000371486 ] } },
{ "type": "Feature", "properties": { "score": 0.1208 }, "geometry": { "type": "Point", "coordinates": [ 572582.929830000037327, 2844996.51738 ] } },
{ "type": "Feature", "properties": { "score": 0.1208 }, "geometry": { "type": "Point", "coordinates": [ 572724.529830000014044, 2844804.51738 ] } },
{ "type": "Feature", "properties": { "score": 0.1208 }, "geometry": { "type": "Point", "coordinates": [ 572853.529830000014044, 2844712.717380000278354 ] } },
{ "type": "Feature", "properties": { "score": 0.1208 }, "geometry": { "type": "Point", "coordinates": [ 572518.729830000083894, 2845028.117380000185221 ] } },
{ "type": "Feature", "properties": { "score": 0.1208 }, "geometry": { "type": "Point", "coordinates": [ 572577.32983000006061, 2844852.51738 ] } },
{ "type": "Feature", "properties": { "score": 0.1207 }, "geometry": { "type": "Point", "coordinates": [ 572906.32983000006061, 2844824.51738 ] } },
{ "type": "Feature", "properties": { "score": 0.1207 }, "geometry": { "type": "Point", "coordinates": [ 572521.729830000083894, 2844900.717380000278354 ] } },
{ "type": "Feature", "properties": { "score": 0.1207 }, "geometry": { "type": "Point", "coordinates": [ 572730.32983000006061, 2845206.317380000371486 ] } },
{ "type": "Feature", "properties": { "score": 0.1207 }, "geometry": { "type": "Point", "coordinates": [ 572667.12983, 2845018.317380000371486 ] } },
{ "type": "Feature", "properties": { "score": 0.1207 }, "geometry": { "type": "Point", "coordinates": [ 572945.32983000006061, 2845126.917380000464618 ] } },
{ "type": "Feature", "properties": { "score": 0.1207 }, "geometry": { "type": "Point", "coordinates": [ 572510.12983, 2845118.117380000185221 ] } },
{ "type": "Feature", "properties": { "score": 0.1207 }, "geometry": { "type": "Point", "coordinates": [ 572678.12983, 2844930.717380000278354 ] } },
{ "type": "Feature", "properties": { "score": 0.1207 }, "geometry": { "type": "Point", "coordinates": [ 572769.729830000083894, 2845280.717380000278354 ] } },
{ "type": "Feature", "properties": { "score": 0.1207 }, "geometry": { "type": "Point", "coordinates": [ 573011.529830000014044, 2844828.51738 ] } },
{ "type": "Feature", "properties": { "score": 0.1207 }, "geometry": { "type": "Point", "coordinates": [ 573055.729829999967478, 2844954.51738 ] } },
{ "type": "Feature", "properties": { "score": 0.1207 }, "geometry": { "type": "Point", "coordinates": [ 572794.12983, 2844886.117380000185221 ] } },
{ "type": "Feature", "properties": { "score": 0.1207 }, "geometry": { "type": "Point", "coordinates": [ 572715.729830000083894, 2844727.317380000371486 ] } },
{ "type": "Feature", "properties": { "score": 0.1207 }, "geometry": { "type": "Point", "coordinates": [ 572760.529830000014044, 2845017.317380000371486 ] } },
{ "type": "Feature", "properties": { "score": 0.1207 }, "geometry": { "type": "Point", "coordinates": [ 572897.32983000006061, 2845122.917380000464618 ] } },
{ "type": "Feature", "properties": { "score": 0.1207 }, "geometry": { "type": "Point", "coordinates": [ 572517.729830000083894, 2844733.317380000371486 ] } },
{ "type": "Feature", "properties": { "score": 0.1207 }, "geometry": { "type": "Point", "coordinates": [ 573071.32983000006061, 2845061.917380000464618 ] } },
{ "type": "Feature", "properties": { "score": 0.1206 }, "geometry": { "type": "Point", "coordinates": [ 572647.729830000083894, 2845053.51738 ] } },
{ "type": "Feature", "properties": { "score": 0.1206 }, "geometry": { "type": "Point", "coordinates": [ 572628.32983000006061, 2845357.717380000278354 ] } },
{ "type": "Feature", "properties": { "score": 0.1206 }, "geometry": { "type": "Point", "coordinates": [ 572602.729830000083894, 2845363.917380000464618 ] } },
{ "type": "Feature", "properties": { "score": 0.1206 }, "geometry": { "type": "Point", "coordinates": [ 572822.729830000083894, 2844655.317380000371486 ] } },
{ "type": "Feature", "properties": { "score": 0.1206 }, "geometry": { "type": "Point", "coordinates": [ 572500.729830000083894, 2845024.917380000464618 ] } },
{ "type": "Feature", "properties": { "score": 0.1206 }, "geometry": { "type": "Point", "coordinates": [ 572685.729830000083894, 2844774.317380000371486 ] } },
{ "type": "Feature", "properties": { "score": 0.1206 }, "geometry": { "type": "Point", "coordinates": [ 572936.529830000014044, 2845160.717380000278354 ] } },
{ "type": "Feature", "properties": { "score": 0.1206 }, "geometry": { "type": "Point", "coordinates": [ 572714.12983, 2845239.117380000185221 ] } },
{ "type": "Feature", "properties": { "score": 0.1206 }, "geometry": { "type": "Point", "coordinates": [ 572625.929830000037327, 2844828.51738 ] } },
{ "type": "Feature", "properties": { "score": 0.1206 }, "geometry": { "type": "Point", "coordinates": [ 573057.32983000006061, 2845081.117380000185221 ] } },
{ "type": "Feature", "properties": { "score": 0.1206 }, "geometry": { "type": "Point", "coordinates": [ 572667.12983, 2844912.717380000278354 ] } },
{ "type": "Feature", "properties": { "score": 0.1206 }, "geometry": { "type": "Point", "coordinates": [ 572944.729829999967478, 2845168.317380000371486 ] } },
{ "type": "Feature", "properties": { "score": 0.1205 }, "geometry": { "type": "Point", "coordinates": [ 572543.32983000006061, 2845127.717380000278354 ] } },
{ "type": "Feature", "properties": { "score": 0.1205 }, "geometry": { "type": "Point", "coordinates": [ 572497.12983, 2844989.51738 ] } },
{ "type": "Feature", "properties": { "score": 0.1205 }, "geometry": { "type": "Point", "coordinates": [ 572863.929830000037327, 2845302.117380000185221 ] } },
{ "type": "Feature", "properties": { "score": 0.1205 }, "geometry": { "type": "Point", "coordinates": [ 572575.32983000006061, 2844808.117380000185221 ] } },
{ "type": "Feature", "properties": { "score": 0.1205 }, "geometry": { "type": "Point", "coordinates": [ 572818.929830000037327, 2844684.917380000464618 ] } },
{ "type": "Feature", "properties": { "score": 0.1205 }, "geometry": { "type": "Point", "coordinates": [ 572721.12983, 2845025.51738 ] } },
{ "type": "Feature", "properties": { "score": 0.1205 }, "geometry": { "type": "Point", "coordinates": [ 572876.729830000083894, 2845060.717380000278354 ] } },
{ "type": "Feature", "properties": { "score": 0.1205 }, "geometry": { "type": "Point", "coordinates": [ 572549.729830000083894, 2845338.317380000371486 ] } },
{ "type": "Feature", "properties": { "score": 0.1205 }, "geometry": { "type": "Point", "coordinates": [ 572747.32983000006061, 2844824.117380000185221 ] } },
{ "type": "Feature", "properties": { "score": 0.1205 }, "geometry": { "type": "Point", "coordinates": [ 572933.729829999967478, 2844725.117380000185221 ] } },
{ "type": "Feature", "properties": { "score": 0.1205 }, "geometry": { "type": "Point", "coordinates": [ 573049.32983000006061, 2845049.917380000464618 ] } },
{ "type": "Feature", "properties": { "score": 0.1205 }, "geometry": { "type": "Point", "coordinates": [ 572759.32983000006061, 2844707.51738 ] } },
{ "type": "Feature", "properties": { "score": 0.1204 }, "geometry": { "type": "Point", "coordinates": [ 572993.729829999967478, 2844652.717380000278354 ] } },
{ "type": "Feature", "properties": { "score": 0.1204 }, "geometry": { "type": "Point", "coordinates": [ 572628.12983, 2845248.117380000185221 ] } },
{ "type": "Feature", "properties": { "score": 0.1204 }, "geometry": { "type": "Point", "coordinates": [ 572995.929830000037327, 2844764.917380000464618 ] } },
{ "type": "Feature", "properties": { "score": 0.1204 }, "geometry": { "type": "Point", "coordinates": [ 572942.12983, 2844683.51738 ] } },
{ "type": "Feature", "properties": { "score": 0.1204 }, "geometry": { "type": "Point", "coordinates": [ 572974.929830000037327, 2845002.317380000371486 ] } },
{ "type": "Feature", "properties": { "score": 0.1204 }, "geometry": { "type": "Point", "coordinates": [ 572948.729829999967478, 2845121.717380000278354 ] } },
{ "type": "Feature", "properties": { "score": 0.1204 }, "geometry": { "type": "Point", "coordinates": [ 572787.12983, 2845180.117380000185221 ] } },
{ "type": "Feature", "properties": { "score": 0.1204 }, "geometry": { "type": "Point", "coordinates": [ 572628.929830000037327, 2844721.917380000464618 ] } },
{ "type": "Feature", "properties": { "score": 0.1204 }, "geometry": { "type": "Point", "coordinates": [ 572526.529830000014044, 2845362.51738 ] } },
{ "type": "Feature", "properties": { "score": 0.1204 }, "geometry": { "type": "Point", "coordinates": [ 572543.929830000037327, 2844692.51738 ] } },
{ "type": "Feature", "properties": { "score": 0.1204 }, "geometry": { "type": "Point", "coordinates": [ 573036.12983, 2844783.117380000185221 ] } },
{ "type": "Feature", "properties": { "score": 0.1204 }, "geometry": { "type": "Point", "coordinates": [ 572682.12983, 2844694.717380000278354 ] } },
{ "type": "Feature", "properties": { "score": 0.1203 }, "geometry": { "type": "Point", "coordinates": [ 572726.729830000083894, 2844712.117380000185221 ] } },
{ "type": "Feature", "properties": { "score": 0.1203 }, "geometry": { "type": "Point", "coordinates": [ 572520.729830000083894, 2844938.317380000371486 ] } },
{ "type": "Feature", "properties": { "score": 0.1203 }, "geometry": { "type": "Point", "coordinates": [ 572846.32983000006061, 2845098.51738 ] } },
{ "type": "Feature", "properties": { "score": 0.1203 }, "geometry": { "type": "Point", "coordinates": [ 572920.929830000037327, 2845129.717380000278354 ] } },
{ "type": "Feature", "properties": { "score": 0.1203 }, "geometry": { "type": "Point", "coordinates": [ 572664.929830000037327, 2844937.917380000464618 ] } },
{ "type": "Feature", "properties": { "score": 0.1203 }, "geometry": { "type": "Point", "coordinates": [ 572652.729830000083894, 2845085.917380000464618 ] } },
{ "type": "Feature", "properties": { "score": 0.1202 }, "geometry": { "type": "Point", "coordinates": [ 573030.12983, 2844730.717380000278354 ] } },
{ "type": "Feature", "properties": { "score": 0.1202 }, "geometry": { "type": "Point", "coordinates": [ 572664.12983, 2845030.917380000464618 ] } },
{ "type": "Feature", "properties": { "score": 0.1202 }, "geometry": { "type": "Point", "coordinates": [ 572626.929830000037327, 2845351.51738 ] } },
{ "type": "Feature", "properties": { "score": 0.1202 }, "geometry": { "type": "Point", "coordinates": [ 572725.929830000037327, 2844962.317380000371486 ] } },
{ "type": "Feature", "properties": { "score": 0.1202 }, "geometry": { "type": "Point", "coordinates": [ 572816.729830000083894, 2845117.717380000278354 ] } },
{ "type": "Feature", "properties": { "score": 0.1202 }, "geometry": { "type": "Point", "coordinates": [ 572529.929830000037327, 2845134.917380000464618 ] } },
{ "type": "Feature", "properties": { "score": 0.1202 }, "geometry": { "type": "Point", "coordinates": [ 572522.12983, 2845054.317380000371486 ] } },
{ "type": "Feature", "properties": { "score": 0.1202 }, "geometry": { "type": "Point", "coordinates": [ 572569.729830000083894, 2845010.317380000371486 ] } },
{ "type": "Feature", "properties": { "score": 0.1202 }, "geometry": { "type": "Point", "coordinates": [ 572538.929830000037327, 2844910.51738 ] } },
{ "type": "Feature", "properties": { "score": 0.1202 }, "geometry": { "type": "Point", "coordinates": [ 572943.729829999967478, 2844851.917380000464618 ] } },
{ "type": "Feature", "properties": { "score": 0.1202 }, "geometry": { "type": "Point", "coordinates": [ 572833.729830000083894, 2844662.917380000464618 ] } },
{ "type": "Feature", "properties": { "score": 0.1201 }, "geometry": { "type": "Point", "coordinates": [ 572812.929830000037327, 2844693.117380000185221 ] } },
{ "type": "Feature", "properties": { "score": 0.1201 }, "geometry": { "type": "Point", "coordinates": [ 572676.529830000014044, 2844669.717380000278354 ] } },
{ "type": "Feature", "properties": { "score": 0.1201 }, "geometry": { "type": "Point", "coordinates": [ 572528.729830000083894, 2845320.117380000185221 ] } },
{ "type": "Feature", "properties": { "score": 0.1201 }, "geometry": { "type": "Point", "coordinates": [ 572618.32983000006061, 2844824.717380000278354 ] } },
{ "type": "Feature", "properties": { "score": 0.1201 }, "geometry": { "type": "Point", "coordinates": [ 572622.529830000014044, 2845052.117380000185221 ] } },
{ "type": "Feature", "properties": { "score": 0.1201 }, "geometry": { "type": "Point", "coordinates": [ 572699.529830000014044, 2844750.51738 ] } },
{ "type": "Feature", "properties": { "score": 0.1201 }, "geometry": { "type": "Point", "coordinates": [ 573050.12983, 2844705.51738 ] } },
{ "type": "Feature", "properties": { "score": 0.1201 }, "geometry": { "type": "Point", "coordinates": [ 572864.729830000083894, 2845219.717380000278354 ] } },
{ "type": "Feature", "properties": { "score": 0.1201 }, "geometry": { "type": "Point", "coordinates": [ 573035.729829999967478, 2844763.917380000464618 ] } },
{ "type": "Feature", "properties": { "score": 0.1201 }, "geometry": { "type": "Point", "coordinates": [ 572560.729830000083894, 2845057.51738 ] } },
{ "type": "Feature", "properties": { "score": 0.1201 }, "geometry": { "type": "Point", "coordinates": [ 572546.529830000014044, 2844879.117380000185221 ] } },
{ "type": "Feature", "properties": { "score": 0.1201 }, "geometry": { "type": "Point", "coordinates": [ 572875.32983000006061, 2845256.117380000185221 ] } },
{ "type": "Feature", "properties": { "score": 0.12 }, "geometry": { "type": "Point", "coordinates": [ 572886.929830000037327, 2844693.917380000464618 ] } },
{ "type": "Feature", "properties": { "score": 0.12 }, "geometry": { "type": "Point", "coordinates": [ 572768.529830000014044, 2844713.717380000278354 ] } },
{ "type": "Feature", "properties": { "score": 0.12 }, "geometry": { "type": "Point", "coordinates": [ 572671.929830000037327, 2845074.717380000278354 ] } },
{ "type": "Feature", "properties": { "score": 0.12 }, "geometry": { "type": "Point", "coordinates": [ 573055.529830000014044, 2844872.117380000185221 ] } },
{ "type": "Feature", "properties": { "score": 0.12 }, "geometry": { "type": "Point", "coordinates": [ 572848.12983, 2844705.317380000371486 ] } },
{ "type": "Feature", "properties": { "score": 0.12 }, "geometry": { "type": "Point", "coordinates": [ 572512.12983, 2845002.117380000185221 ] } },
{ "type": "Feature", "properties": { "score": 0.12 }, "geometry": { "type": "Point", "coordinates": [ 572681.929830000037327, 2844678.717380000278354 ] } },
{ "type": "Feature", "properties": { "score": 0.12 }, "geometry": { "type": "Point", "coordinates": [ 572951.929830000037327, 2845125.317380000371486 ] } },
{ "type": "Feature", "properties": { "score": 0.12 }, "geometry": { "type": "Point", "coordinates": [ 572524.32983000006061, 2844902.51738 ] } },
{ "type": "Feature", "properties": { "score": 0.12 }, "geometry": { "type": "Point", "coordinates": [ 572678.32983000006061, 2844743.51738 ] } },
{ "type": "Feature", "properties": { "score": 0.1199 }, "geometry": { "type": "Point", "coordinates": [ 573003.929830000037327, 2844795.317380000371486 ] } },
{ "type": "Feature", "properties": { "score": 0.1199 }, "geometry": { "type": "Point", "coordinates": [ 572870.12983, 2845098.917380000464618 ] } },
{ "type": "Feature", "properties": { "score": 0.1199 }, "geometry": { "type": "Point", "coordinates": [ 572706.529830000014044, 2845259.717380000278354 ] } },
{ "type": "Feature", "properties": { "score": 0.1199 }, "geometry": { "type": "Point", "coordinates": [ 572769.529830000014044, 2845146.51738 ] } },
{ "type": "Feature", "properties": { "score": 0.1199 }, "geometry": { "type": "Point", "coordinates": [ 572981.929830000037327, 2845032.51738 ] } },
{ "type": "Feature", "properties": { "score": 0.1199 }, "geometry": { "type": "Point", "coordinates": [ 572664.12983, 2845125.917380000464618 ] } },
{ "type": "Feature", "properties": { "score": 0.1198 }, "geometry": { "type": "Point", "coordinates": [ 572671.729830000083894, 2845030.717380000278354 ] } },
{ "type": "Feature", "properties": { "score": 0.1198 }, "geometry": { "type": "Point", "coordinates": [ 572833.929830000037327, 2844890.317380000371486 ] } },
{ "type": "Feature", "properties": { "score": 0.1198 }, "geometry": { "type": "Point", "coordinates": [ 572584.929830000037327, 2845048.917380000464618 ] } },
{ "type": "Feature", "properties": { "score": 0.1198 }, "geometry": { "type": "Point", "coordinates": [ 572555.32983000006061, 2845027.117380000185221 ] } },
{ "type": "Feature", "properties": { "score": 0.1198 }, "geometry": { "type": "Point", "coordinates": [ 572704.529830000014044, 2845268.317380000371486 ] } },
{ "type": "Feature", "properties": { "score": 0.1198 }, "geometry": { "type": "Point", "coordinates": [ 572538.12983, 2845124.317380000371486 ] } },
{ "type": "Feature", "properties": { "score": 0.1198 }, "geometry": { "type": "Point", "coordinates": [ 572829.32983000006061, 2844644.317380000371486 ] } },
{ "type": "Feature", "properties": { "score": 0.1198 }, "geometry": { "type": "Point", "coordinates": [ 572540.729830000083894, 2844999.317380000371486 ] } },
{ "type": "Feature", "properties": { "score": 0.1198 }, "geometry": { "type": "Point", "coordinates": [ 572877.12983, 2845257.117380000185221 ] } },
{ "type": "Feature", "properties": { "score": 0.1197 }, "geometry": { "type": "Point", "coordinates": [ 572836.12983, 2845130.717380000278354 ] } },
{ "type": "Feature", "properties": { "score": 0.1197 }, "geometry": { "type": "Point", "coordinates": [ 572888.529830000014044, 2844991.51738 ] } },
{ "type": "Feature", "properties": { "score": 0.1197 }, "geometry": { "type": "Point", "coordinates": [ 572491.529830000014044, 2844767.117380000185221 ] } },
{ "type": "Feature", "properties": { "score": 0.1197 }, "geometry": { "type": "Point", "coordinates": [ 572643.529830000014044, 2844834.317380000371486 ] } },
{ "type": "Feature", "properties": { "score": 0.1197 }, "geometry": { "type": "Point", "coordinates": [ 572569.32983000006061, 2844864.717380000278354 ] } },
{ "type": "Feature", "properties": { "score": 0.1197 }, "geometry": { "type": "Point", "coordinates": [ 572941.32983000006061, 2844933.51738 ] } },
{ "type": "Feature", "properties": { "score": 0.1197 }, "geometry": { "type": "Point", "coordinates": [ 572812.929830000037327, 2844666.317380000371486 ] } },
{ "type": "Feature", "properties": { "score": 0.1197 }, "geometry": { "type": "Point", "coordinates": [ 572972.529830000014044, 2845016.117380000185221 ] } },
{ "type": "Feature", "properties": { "score": 0.1197 }, "geometry": { "type": "Point", "coordinates": [ 572565.729830000083894, 2844870.917380000464618 ] } },
{ "type": "Feature", "properties": { "score": 0.1197 }, "geometry": { "type": "Point", "coordinates": [ 572903.729829999967478, 2845134.317380000371486 ] } },
{ "type": "Feature", "properties": { "score": 0.1197 }, "geometry": { "type": "Point", "coordinates": [ 572889.12983, 2845252.117380000185221 ] } },
{ "type": "Feature", "properties": { "score": 0.1196 }, "geometry": { "type": "Point", "coordinates": [ 572875.729830000083894, 2845279.51738 ] } },
{ "type": "Feature", "properties": { "score": 0.1196 }, "geometry": { "type": "Point", "coordinates": [ 572926.929830000037327, 2845178.117380000185221 ] } },
{ "type": "Feature", "properties": { "score": 0.1196 }, "geometry": { "type": "Point", "coordinates": [ 572957.729829999967478, 2844750.717380000278354 ] } },
{ "type": "Feature", "properties": { "score": 0.1196 }, "geometry": { "type": "Point", "coordinates": [ 572918.32983000006061, 2844738.717380000278354 ] } },
{ "type": "Feature", "properties": { "score": 0.1196 }, "geometry": { "type": "Point", "coordinates": [ 572820.929830000037327, 2844677.51738 ] } },
{ "type": "Feature", "properties": { "score": 0.1196 }, "geometry": { "type": "Point", "coordinates": [ 572853.729830000083894, 2845068.717380000278354 ] } },
{ "type": "Feature", "properties": { "score": 0.1196 }, "geometry": { "type": "Point", "coordinates": [ 572901.32983000006061, 2845027.117380000185221 ] } },
{ "type": "Feature", "properties": { "score": 0.1196 }, "geometry": { "type": "Point", "coordinates": [ 572926.32983000006061, 2844946.717380000278354 ] } },
{ "type": "Feature", "properties": { "score": 0.1196 }, "geometry": { "type": "Point", "coordinates": [ 572627.929830000037327, 2844717.917380000464618 ] } },
{ "type": "Feature", "properties": { "score": 0.1195 }, "geometry": { "type": "Point", "coordinates": [ 572878.729830000083894, 2844750.51738 ] } },
{ "type": "Feature", "properties": { "score": 0.1195 }, "geometry": { "type": "Point", "coordinates": [ 572918.12983, 2845199.317380000371486 ] } },
{ "type": "Feature", "properties": { "score": 0.1195 }, "geometry": { "type": "Point", "coordinates": [ 572534.12983, 2844972.717380000278354 ] } },
{ "type": "Feature", "properties": { "score": 0.1195 }, "geometry": { "type": "Point", "coordinates": [ 572956.12983, 2844855.117380000185221 ] } },
{ "type": "Feature", "properties": { "score": 0.1195 }, "geometry": { "type": "Point", "coordinates": [ 572625.32983000006061, 2844842.917380000464618 ] } },
{ "type": "Feature", "properties": { "score": 0.1195 }, "geometry": { "type": "Point", "coordinates": [ 572522.729830000083894, 2845069.717380000278354 ] } },
{ "type": "Feature", "properties": { "score": 0.1195 }, "geometry": { "type": "Point", "coordinates": [ 572615.12983, 2845300.317380000371486 ] } },
{ "type": "Feature", "properties": { "score": 0.1195 }, "geometry": { "type": "Point", "coordinates": [ 572798.32983000006061, 2845110.317380000371486 ] } },
{ "type": "Feature", "properties": { "score": 0.1194 }, "geometry": { "type": "Point", "coordinates": [ 572676.12983, 2845087.317380000371486 ] } },
{ "type": "Feature", "properties": { "score": 0.1194 }, "geometry": { "type": "Point", "coordinates": [ 573023.32983000006061, 2844825.117380000185221 ] } },
{ "type": "Feature", "properties": { "score": 0.1194 }, "geometry": { "type": "Point", "coordinates": [ 572999.929830000037327, 2844989.51738 ] } },
{ "type": "Feature", "properties": { "score": 0.1194 }, "geometry": { "type": "Point", "coordinates": [ 572798.32983000006061, 2845219.917380000464618 ] } },
{ "type": "Feature", "properties": { "score": 0.1194 }, "geometry": { "type": "Point", "coordinates": [ 573049.32983000006061, 2845086.317380000371486 ] } },
{ "type": "Feature", "properties": { "score": 0.1194 }, "geometry": { "type": "Point", "coordinates": [ 572696.529830000014044, 2845274.117380000185221 ] } },
{ "type": "Feature", "properties": { "score": 0.1194 }, "geometry": { "type": "Point", "coordinates": [ 572484.32983000006061, 2845137.717380000278354 ] } },
{ "type": "Feature", "properties": { "score": 0.1194 }, "geometry": { "type": "Point", "coordinates": [ 573023.32983000006061, 2845076.117380000185221 ] } },
{ "type": "Feature", "properties": { "score": 0.1194 }, "geometry": { "type": "Point", "coordinates": [ 572698.529830000014044, 2845278.117380000185221 ] } },
{ "type": "Feature", "properties": { "score": 0.1193 }, "geometry": { "type": "Point", "coordinates": [ 572883.929830000037327, 2845253.51738 ] } },
{ "type": "Feature", "properties": { "score": 0.1193 }, "geometry": { "type": "Point", "coordinates": [ 572555.929830000037327, 2844933.117380000185221 ] } },
{ "type": "Feature", "properties": { "score": 0.1193 }, "geometry": { "type": "Point", "coordinates": [ 572547.729830000083894, 2845025.117380000185221 ] } },
{ "type": "Feature", "properties": { "score": 0.1193 }, "geometry": { "type": "Point", "coordinates": [ 572901.929830000037327, 2845003.917380000464618 ] } },
{ "type": "Feature", "properties": { "score": 0.1193 }, "geometry": { "type": "Point", "coordinates": [ 572587.729830000083894, 2845021.51738 ] } },
{ "type": "Feature", "properties": { "score": 0.1193 }, "geometry": { "type": "Point", "coordinates": [ 572688.12983, 2845181.51738 ] } },
{ "type": "Feature", "properties": { "score": 0.1193 }, "geometry": { "type": "Point", "coordinates": [ 572524.529830000014044, 2845089.51738 ] } },
{ "type": "Feature", "properties": { "score": 0.1193 }, "geometry": { "type": "Point", "coordinates": [ 572949.32983000006061, 2845012.717380000278354 ] } },
{ "type": "Feature", "properties": { "score": 0.1193 }, "geometry": { "type": "Point", "coordinates": [ 572593.12983, 2845093.717380000278354 ] } },
{ "type": "Feature", "properties": { "score": 0.1193 }, "geometry": { "type": "Point", "coordinates": [ 572852.729830000083894, 2845246.317380000371486 ] } },
{ "type": "Feature", "properties": { "score": 0.1193 }, "geometry": { "type": "Point", "coordinates": [ 572613.729830000083894, 2845042.51738 ] } },
{ "type": "Feature", "properties": { "score": 0.1192 }, "geometry": { "type": "Point", "coordinates": [ 572834.12983, 2844829.717380000278354 ] } },
{ "type": "Feature", "properties": { "score": 0.1192 }, "geometry": { "type": "Point", "coordinates": [ 572556.929830000037327, 2844859.717380000278354 ] } },
{ "type": "Feature", "properties": { "score": 0.1192 }, "geometry": { "type": "Point", "coordinates": [ 572743.32983000006061, 2845260.717380000278354 ] } },
{ "type": "Feature", "properties": { "score": 0.1192 }, "geometry": { "type": "Point", "coordinates": [ 572848.929830000037327, 2844941.51738 ] } },
{ "type": "Feature", "properties": { "score": 0.1192 }, "geometry": { "type": "Point", "coordinates": [ 572561.529830000014044, 2844754.717380000278354 ] } },
{ "type": "Feature", "properties": { "score": 0.1192 }, "geometry": { "type": "Point", "coordinates": [ 572803.12983, 2845161.51738 ] } },
{ "type": "Feature", "properties": { "score": 0.1192 }, "geometry": { "type": "Point", "coordinates": [ 572751.729830000083894, 2844663.717380000278354 ] } },
{ "type": "Feature", "properties": { "score": 0.1192 }, "geometry": { "type": "Point", "coordinates": [ 572766.12983, 2844715.51738 ] } },
{ "type": "Feature", "properties": { "score": 0.1192 }, "geometry": { "type": "Point", "coordinates": [ 572890.12983, 2845092.317380000371486 ] } },
{ "type": "Feature", "properties": { "score": 0.1192 }, "geometry": { "type": "Point", "coordinates": [ 572551.929830000037327, 2845337.51738 ] } },
{ "type": "Feature", "properties": { "score": 0.1192 }, "geometry": { "type": "Point", "coordinates": [ 573067.929830000037327, 2845030.51738 ] } },
{ "type": "Feature", "properties": { "score": 0.1192 }, "geometry": { "type": "Point", "coordinates": [ 572996.12983, 2845056.917380000464618 ] } },
{ "type": "Feature", "properties": { "score": 0.1192 }, "geometry": { "type": "Point", "coordinates": [ 572868.729830000083894, 2845180.51738 ] } },
{ "type": "Feature", "properties": { "score": 0.1191 }, "geometry": { "type": "Point", "coordinates": [ 572860.729830000083894, 2844918.917380000464618 ] } },
{ "type": "Feature", "properties": { "score": 0.1191 }, "geometry": { "type": "Point", "coordinates": [ 572502.32983000006061, 2845038.51738 ] } },
{ "type": "Feature", "properties": { "score": 0.1191 }, "geometry": { "type": "Point", "coordinates": [ 572859.32983000006061, 2845241.51738 ] } },
{ "type": "Feature", "properties": { "score": 0.1191 }, "geometry": { "type": "Point", "coordinates": [ 572931.12983, 2845017.917380000464618 ] } },
{ "type": "Feature", "properties": { "score": 0.1191 }, "geometry": { "type": "Point", "coordinates": [ 572756.32983000006061, 2844803.917380000464618 ] } },
{ "type": "Feature", "properties": { "score": 0.1191 }, "geometry": { "type": "Point", "coordinates": [ 572876.529830000014044, 2845172.317380000371486 ] } },
{ "type": "Feature", "properties": { "score": 0.1191 }, "geometry": { "type": "Point", "coordinates": [ 572891.929830000037327, 2845153.317380000371486 ] } },
{ "type": "Feature", "properties": { "score": 0.1191 }, "geometry": { "type": "Point", "coordinates": [ 572626.929830000037327, 2844825.117380000185221 ] } },
{ "type": "Feature", "properties": { "score": 0.119 }, "geometry": { "type": "Point", "coordinates": [ 572730.929830000037327, 2844659.917380000464618 ] } },
{ "type": "Feature", "properties": { "score": 0.119 }, "geometry": { "type": "Point", "coordinates": [ 572696.32983000006061, 2844779.317380000371486 ] } },
{ "type": "Feature", "properties": { "score": 0.119 }, "geometry": { "type": "Point", "coordinates": [ 572838.12983, 2845081.51738 ] } },
{ "type": "Feature", "properties": { "score": 0.119 }, "geometry": { "type": "Point", "coordinates": [ 572980.12983, 2844774.51738 ] } },
{ "type": "Feature", "properties": { "score": 0.119 }, "geometry": { "type": "Point", "coordinates": [ 572881.32983000006061, 2844997.717380000278354 ] } },
{ "type": "Feature", "properties": { "score": 0.119 }, "geometry": { "type": "Point", "coordinates": [ 572585.729830000083894, 2845061.51738 ] } },
{ "type": "Feature", "properties": { "score": 0.119 }, "geometry": { "type": "Point", "coordinates": [ 572936.929830000037327, 2845169.117380000185221 ] } },
{ "type": "Feature", "properties": { "score": 0.119 }, "geometry": { "type": "Point", "coordinates": [ 572976.32983000006061, 2844776.117380000185221 ] } },
{ "type": "Feature", "properties": { "score": 0.119 }, "geometry": { "type": "Point", "coordinates": [ 572646.729830000083894, 2845251.117380000185221 ] } },
{ "type": "Feature", "properties": { "score": 0.1189 }, "geometry": { "type": "Point", "coordinates": [ 572923.12983, 2844954.917380000464618 ] } },
{ "type": "Feature", "properties": { "score": 0.1189 }, "geometry": { "type": "Point", "coordinates": [ 572735.929830000037327, 2845081.51738 ] } },
{ "type": "Feature", "properties": { "score": 0.1189 }, "geometry": { "type": "Point", "coordinates": [ 572531.929830000037327, 2844740.51738 ] } },
{ "type": "Feature", "properties": { "score": 0.1189 }, "geometry": { "type": "Point", "coordinates": [ 572798.32983000006061, 2844693.917380000464618 ] } },
{ "type": "Feature", "properties": { "score": 0.1189 }, "geometry": { "type": "Point", "coordinates": [ 572610.529830000014044, 2844961.117380000185221 ] } },
{ "type": "Feature", "properties": { "score": 0.1189 }, "geometry": { "type": "Point", "coordinates": [ 572503.32983000006061, 2844949.51738 ] } },
{ "type": "Feature", "properties": { "score": 0.1189 }, "geometry": { "type": "Point", "coordinates": [ 572674.529830000014044, 2844898.717380000278354 ] } },
{ "type": "Feature", "properties": { "score": 0.1189 }, "geometry": { "type": "Point", "coordinates": [ 572833.32983000006061, 2845137.717380000278354 ] } },
{ "type": "Feature", "properties": { "score": 0.1189 }, "geometry": { "type": "Point", "coordinates": [ 572721.12983, 2844646.117380000185221 ] } },
{ "type": "Feature", "properties": { "score": 0.1189 }, "geometry": { "type": "Point", "coordinates": [ 572583.929830000037327, 2845094.117380000185221 ] } },
{ "type": "Feature", "properties": { "score": 0.1189 }, "geometry": { "type": "Point", "coordinates": [ 572901.729829999967478, 2845020.117380000185221 ] } },
{ "type": "Feature", "properties": { "score": 0.1188 }, "geometry": { "type": "Point", "coordinates": [ 572661.32983000006061, 2845098.717380000278354 ] } },
{ "type": "Feature", "properties": { "score": 0.1188 }, "geometry": { "type": "Point", "coordinates": [ 572624.929830000037327, 2844714.717380000278354 ] } },
{ "type": "Feature", "properties": { "score": 0.1188 }, "geometry": { "type": "Point", "coordinates": [ 572783.32983000006061, 2845060.51738 ] } },
{ "type": "Feature", "properties": { "score": 0.1188 }, "geometry": { "type": "Point", "coordinates": [ 573011.729829999967478, 2844837.51738 ] } },
{ "type": "Feature", "properties": { "score": 0.1188 }, "geometry": { "type": "Point", "coordinates": [ 572796.529830000014044, 2844671.717380000278354 ] } },
{ "type": "Feature", "properties": { "score": 0.1188 }, "geometry": { "type": "Point", "coordinates": [ 572748.729830000083894, 2845098.917380000464618 ] } },
{ "type": "Feature", "properties": { "score": 0.1188 }, "geometry": { "type": "Point", "coordinates": [ 572594.12983, 2845053.717380000278354 ] } },
{ "type": "Feature", "properties": { "score": 0.1188 }, "geometry": { "type": "Point", "coordinates": [ 572619.12983, 2845053.917380000464618 ] } },
{ "type": "Feature", "properties": { "score": 0.1188 }, "geometry": { "type": "Point", "coordinates": [ 572876.32983000006061, 2845056.717380000278354 ] } },
{ "type": "Feature", "properties": { "score": 0.1188 }, "geometry": { "type": "Point", "coordinates": [ 572533.12983, 2845026.51738 ] } },
{ "type": "Feature", "properties": { "score": 0.1188 }, "geometry": { "type": "Point", "coordinates": [ 572847.929830000037327, 2844649.917380000464618 ] } },
{ "type": "Feature", "properties": { "score": 0.1187 }, "geometry": { "type": "Point", "coordinates": [ 572883.729830000083894, 2845002.51738 ] } },
{ "type": "Feature", "properties": { "score": 0.1187 }, "geometry": { "type": "Point", "coordinates": [ 572983.32983000006061, 2845064.317380000371486 ] } },
{ "type": "Feature", "properties": { "score": 0.1187 }, "geometry": { "type": "Point", "coordinates": [ 572774.929830000037327, 2844866.717380000278354 ] } },
{ "type": "Feature", "properties": { "score": 0.1187 }, "geometry": { "type": "Point", "coordinates": [ 572536.32983000006061, 2845021.317380000371486 ] } },
{ "type": "Feature", "properties": { "score": 0.1187 }, "geometry": { "type": "Point", "coordinates": [ 573064.529830000014044, 2844997.317380000371486 ] } },
{ "type": "Feature", "properties": { "score": 0.1187 }, "geometry": { "type": "Point", "coordinates": [ 573065.929830000037327, 2844919.51738 ] } },
{ "type": "Feature", "properties": { "score": 0.1187 }, "geometry": { "type": "Point", "coordinates": [ 572810.12983, 2844883.317380000371486 ] } },
{ "type": "Feature", "properties": { "score": 0.1187 }, "geometry": { "type": "Point", "coordinates": [ 572523.12983, 2845208.51738 ] } },
{ "type": "Feature", "properties": { "score": 0.1187 }, "geometry": { "type": "Point", "coordinates": [ 573036.32983000006061, 2844824.117380000185221 ] } },
{ "type": "Feature", "properties": { "score": 0.1187 }, "geometry": { "type": "Point", "coordinates": [ 572879.12983, 2844918.51738 ] } },
{ "type": "Feature", "properties": { "score": 0.1187 }, "geometry": { "type": "Point", "coordinates": [ 572759.12983, 2845135.917380000464618 ] } },
{ "type": "Feature", "properties": { "score": 0.1187 }, "geometry": { "type": "Point", "coordinates": [ 572546.32983000006061, 2845266.317380000371486 ] } },
{ "type": "Feature", "properties": { "score": 0.1187 }, "geometry": { "type": "Point", "coordinates": [ 572952.529830000014044, 2845199.917380000464618 ] } },
{ "type": "Feature", "properties": { "score": 0.1186 }, "geometry": { "type": "Point", "coordinates": [ 573020.529830000014044, 2844834.317380000371486 ] } },
{ "type": "Feature", "properties": { "score": 0.1186 }, "geometry": { "type": "Point", "coordinates": [ 572962.529830000014044, 2844757.51738 ] } },
{ "type": "Feature", "properties": { "score": 0.1186 }, "geometry": { "type": "Point", "coordinates": [ 572561.529830000014044, 2844991.717380000278354 ] } },
{ "type": "Feature", "properties": { "score": 0.1186 }, "geometry": { "type": "Point", "coordinates": [ 572603.529830000014044, 2845349.717380000278354 ] } },
{ "type": "Feature", "properties": { "score": 0.1186 }, "geometry": { "type": "Point", "coordinates": [ 572725.529830000014044, 2844847.717380000278354 ] } },
{ "type": "Feature", "properties": { "score": 0.1186 }, "geometry": { "type": "Point", "coordinates": [ 573074.12983, 2844909.51738 ] } },
{ "type": "Feature", "properties": { "score": 0.1186 }, "geometry": { "type": "Point", "coordinates": [ 572707.32983000006061, 2845204.117380000185221 ] } },
{ "type": "Feature", "properties": { "score": 0.1186 }, "geometry": { "type": "Point", "coordinates": [ 572695.12983, 2845050.317380000371486 ] } },
{ "type": "Feature", "properties": { "score": 0.1185 }, "geometry": { "type": "Point", "coordinates": [ 572624.729830000083894, 2845073.117380000185221 ] } },
{ "type": "Feature", "properties": { "score": 0.1185 }, "geometry": { "type": "Point", "coordinates": [ 572498.12983, 2845012.717380000278354 ] } },
{ "type": "Feature", "properties": { "score": 0.1185 }, "geometry": { "type": "Point", "coordinates": [ 572805.32983000006061, 2844651.117380000185221 ] } },
{ "type": "Feature", "properties": { "score": 0.1185 }, "geometry": { "type": "Point", "coordinates": [ 572848.929830000037327, 2844929.117380000185221 ] } },
{ "type": "Feature", "properties": { "score": 0.1185 }, "geometry": { "type": "Point", "coordinates": [ 573075.12983, 2845018.117380000185221 ] } },
{ "type": "Feature", "properties": { "score": 0.1185 }, "geometry": { "type": "Point", "coordinates": [ 572661.529830000014044, 2845135.51738 ] } },
{ "type": "Feature", "properties": { "score": 0.1185 }, "geometry": { "type": "Point", "coordinates": [ 572686.929830000037327, 2844674.717380000278354 ] } },
{ "type": "Feature", "properties": { "score": 0.1185 }, "geometry": { "type": "Point", "coordinates": [ 572982.929830000037327, 2844774.917380000464618 ] } },
{ "type": "Feature", "properties": { "score": 0.1185 }, "geometry": { "type": "Point", "coordinates": [ 572875.12983, 2845253.51738 ] } },
{ "type": "Feature", "properties": { "score": 0.1185 }, "geometry": { "type": "Point", "coordinates": [ 572559.529830000014044, 2845230.317380000371486 ] } },
{ "type": "Feature", "properties": { "score": 0.1185 }, "geometry": { "type": "Point", "coordinates": [ 572557.929830000037327, 2844753.917380000464618 ] } },
{ "type": "Feature", "properties": { "score": 0.1185 }, "geometry": { "type": "Point", "coordinates": [ 572808.12983, 2845173.917380000464618 ] } },
{ "type": "Feature", "properties": { "score": 0.1184 }, "geometry": { "type": "Point", "coordinates": [ 572729.12983, 2844827.717380000278354 ] } },
{ "type": "Feature", "properties": { "score": 0.1184 }, "geometry": { "type": "Point", "coordinates": [ 572545.12983, 2844874.117380000185221 ] } },
{ "type": "Feature", "properties": { "score": 0.1184 }, "geometry": { "type": "Point", "coordinates": [ 572571.529830000014044, 2844948.717380000278354 ] } },
{ "type": "Feature", "properties": { "score": 0.1184 }, "geometry": { "type": "Point", "coordinates": [ 572683.729830000083894, 2844755.717380000278354 ] } },
{ "type": "Feature", "properties": { "score": 0.1184 }, "geometry": { "type": "Point", "coordinates": [ 572533.929830000037327, 2844954.317380000371486 ] } },
{ "type": "Feature", "properties": { "score": 0.1184 }, "geometry": { "type": "Point", "coordinates": [ 572586.12983, 2845116.51738 ] } },
{ "type": "Feature", "properties": { "score": 0.1184 }, "geometry": { "type": "Point", "coordinates": [ 572588.729830000083894, 2845293.117380000185221 ] } },
{ "type": "Feature", "properties": { "score": 0.1184 }, "geometry": { "type": "Point", "coordinates": [ 572744.32983000006061, 2844706.717380000278354 ] } },
{ "type": "Feature", "properties": { "score": 0.1184 }, "geometry": { "type": "Point", "coordinates": [ 572802.929830000037327, 2845216.917380000464618 ] } },
{ "type": "Feature", "properties": { "score": 0.1184 }, "geometry": { "type": "Point", "coordinates": [ 572735.12983, 2845129.51738 ] } },
{ "type": "Feature", "properties": { "score": 0.1184 }, "geometry": { "type": "Point", "coordinates": [ 572735.929830000037327, 2845042.51738 ] } },
{ "type": "Feature", "properties": { "score": 0.1184 }, "geometry": { "type": "Point", "coordinates": [ 573043.12983, 2844720.317380000371486 ] } },
{ "type": "Feature", "properties": { "score": 0.1184 }, "geometry": { "type": "Point", "coordinates": [ 572858.12983, 2844702.51738 ] } },
{ "type": "Feature", "properties": { "score": 0.1184 }, "geometry": { "type": "Point", "coordinates": [ 572640.529830000014044, 2845040.717380000278354 ] } },
{ "type": "Feature", "properties": { "score": 0.1184 }, "geometry": { "type": "Point", "coordinates": [ 572857.12983, 2845237.51738 ] } },
{ "type": "Feature", "properties": { "score": 0.1184 }, "geometry": { "type": "Point", "coordinates": [ 573025.32983000006061, 2844833.717380000278354 ] } },
{ "type": "Feature", "properties": { "score": 0.1184 }, "geometry": { "type": "Point", "coordinates": [ 572655.12983, 2845357.117380000185221 ] } },
{ "type": "Feature", "properties": { "score": 0.1184 }, "geometry": { "type": "Point", "coordinates": [ 572731.32983000006061, 2844992.51738 ] } },
{ "type": "Feature", "properties": { "score": 0.1184 }, "geometry": { "type": "Point", "coordinates": [ 572527.12983, 2845026.317380000371486 ] } },
{ "type": "Feature", "properties": { "score": 0.1184 }, "geometry": { "type": "Point", "coordinates": [ 572571.929830000037327, 2845027.917380000464618 ] } },
{ "type": "Feature", "properties": { "score": 0.1183 }, "geometry": { "type": "Point", "coordinates": [ 572905.32983000006061, 2844705.317380000371486 ] } },
{ "type": "Feature", "properties": { "score": 0.1183 }, "geometry": { "type": "Point", "coordinates": [ 573013.12983, 2844928.717380000278354 ] } },
{ "type": "Feature", "properties": { "score": 0.1183 }, "geometry": { "type": "Point", "coordinates": [ 573024.529830000014044, 2844822.917380000464618 ] } },
{ "type": "Feature", "properties": { "score": 0.1183 }, "geometry": { "type": "Point", "coordinates": [ 572700.529830000014044, 2844789.317380000371486 ] } },
{ "type": "Feature", "properties": { "score": 0.1183 }, "geometry": { "type": "Point", "coordinates": [ 572942.12983, 2845114.317380000371486 ] } },
{ "type": "Feature", "properties": { "score": 0.1183 }, "geometry": { "type": "Point", "coordinates": [ 572633.12983, 2845056.917380000464618 ] } },
{ "type": "Feature", "properties": { "score": 0.1183 }, "geometry": { "type": "Point", "coordinates": [ 572558.929830000037327, 2844997.117380000185221 ] } },
{ "type": "Feature", "properties": { "score": 0.1182 }, "geometry": { "type": "Point", "coordinates": [ 572699.929830000037327, 2844977.51738 ] } },
{ "type": "Feature", "properties": { "score": 0.1182 }, "geometry": { "type": "Point", "coordinates": [ 572885.12983, 2844854.51738 ] } },
{ "type": "Feature", "properties": { "score": 0.1182 }, "geometry": { "type": "Point", "coordinates": [ 572591.729830000083894, 2845287.51738 ] } },
{ "type": "Feature", "properties": { "score": 0.1182 }, "geometry": { "type": "Point", "coordinates": [ 572866.12983, 2845180.317380000371486 ] } },
{ "type": "Feature", "properties": { "score": 0.1182 }, "geometry": { "type": "Point", "coordinates": [ 573053.529830000014044, 2844874.317380000371486 ] } },
{ "type": "Feature", "properties": { "score": 0.1182 }, "geometry": { "type": "Point", "coordinates": [ 572788.529830000014044, 2845220.317380000371486 ] } },
{ "type": "Feature", "properties": { "score": 0.1182 }, "geometry": { "type": "Point", "coordinates": [ 572854.529830000014044, 2844654.917380000464618 ] } },
{ "type": "Feature", "properties": { "score": 0.1182 }, "geometry": { "type": "Point", "coordinates": [ 572886.12983, 2845267.51738 ] } },
{ "type": "Feature", "properties": { "score": 0.1182 }, "geometry": { "type": "Point", "coordinates": [ 572782.12983, 2844981.117380000185221 ] } },
{ "type": "Feature", "properties": { "score": 0.1182 }, "geometry": { "type": "Point", "coordinates": [ 572712.529830000014044, 2844841.51738 ] } },
{ "type": "Feature", "properties": { "score": 0.1182 }, "geometry": { "type": "Point", "coordinates": [ 572561.32983000006061, 2844860.117380000185221 ] } },
{ "type": "Feature", "properties": { "score": 0.1182 }, "geometry": { "type": "Point", "coordinates": [ 573059.929830000037327, 2845074.51738 ] } },
{ "type": "Feature", "properties": { "score": 0.1182 }, "geometry": { "type": "Point", "coordinates": [ 572621.729830000083894, 2844771.51738 ] } },
{ "type": "Feature", "properties": { "score": 0.1181 }, "geometry": { "type": "Point", "coordinates": [ 572786.12983, 2844663.917380000464618 ] } },
{ "type": "Feature", "properties": { "score": 0.1181 }, "geometry": { "type": "Point", "coordinates": [ 573031.32983000006061, 2845002.51738 ] } },
{ "type": "Feature", "properties": { "score": 0.1181 }, "geometry": { "type": "Point", "coordinates": [ 572925.32983000006061, 2845142.51738 ] } },
{ "type": "Feature", "properties": { "score": 0.1181 }, "geometry": { "type": "Point", "coordinates": [ 572745.32983000006061, 2845030.51738 ] } },
{ "type": "Feature", "properties": { "score": 0.1181 }, "geometry": { "type": "Point", "coordinates": [ 572499.729830000083894, 2845046.317380000371486 ] } },
{ "type": "Feature", "properties": { "score": 0.1181 }, "geometry": { "type": "Point", "coordinates": [ 572604.12983, 2845186.717380000278354 ] } },
{ "type": "Feature", "properties": { "score": 0.1181 }, "geometry": { "type": "Point", "coordinates": [ 572637.32983000006061, 2844982.917380000464618 ] } },
{ "type": "Feature", "properties": { "score": 0.1181 }, "geometry": { "type": "Point", "coordinates": [ 572794.529830000014044, 2844772.917380000464618 ] } },
{ "type": "Feature", "properties": { "score": 0.1181 }, "geometry": { "type": "Point", "coordinates": [ 572809.32983000006061, 2845218.317380000371486 ] } },
{ "type": "Feature", "properties": { "score": 0.1181 }, "geometry": { "type": "Point", "coordinates": [ 572787.929830000037327, 2844682.717380000278354 ] } },
{ "type": "Feature", "properties": { "score": 0.1181 }, "geometry": { "type": "Point", "coordinates": [ 572649.729830000083894, 2844702.317380000371486 ] } },
{ "type": "Feature", "properties": { "score": 0.1181 }, "geometry": { "type": "Point", "coordinates": [ 573036.529830000014044, 2844728.317380000371486 ] } },
{ "type": "Feature", "properties": { "score": 0.1181 }, "geometry": { "type": "Point", "coordinates": [ 572836.729830000083894, 2845110.317380000371486 ] } },
{ "type": "Feature", "properties": { "score": 0.1181 }, "geometry": { "type": "Point", "coordinates": [ 572600.32983000006061, 2845074.117380000185221 ] } },
{ "type": "Feature", "properties": { "score": 0.1181 }, "geometry": { "type": "Point", "coordinates": [ 572561.12983, 2845028.317380000371486 ] } },
{ "type": "Feature", "properties": { "score": 0.1181 }, "geometry": { "type": "Point", "coordinates": [ 573047.929830000037327, 2845022.317380000371486 ] } },
{ "type": "Feature", "properties": { "score": 0.118 }, "geometry": { "type": "Point", "coordinates": [ 573072.32983000006061, 2845072.51738 ] } },
{ "type": "Feature", "properties": { "score": 0.118 }, "geometry": { "type": "Point", "coordinates": [ 572810.32983000006061, 2845206.917380000464618 ] } },
{ "type": "Feature", "properties": { "score": 0.118 }, "geometry": { "type": "Point", "coordinates": [ 572671.729830000083894, 2845381.51738 ] } },
{ "type": "Feature", "properties": { "score": 0.118 }, "geometry": { "type": "Point", "coordinates": [ 572871.12983, 2844987.917380000464618 ] } },
{ "type": "Feature", "properties": { "score": 0.118 }, "geometry": { "type": "Point", "coordinates": [ 572717.529830000014044, 2844997.717380000278354 ] } },
{ "type": "Feature", "properties": { "score": 0.118 }, "geometry": { "type": "Point", "coordinates": [ 572721.32983000006061, 2845172.117380000185221 ] } },
{ "type": "Feature", "properties": { "score": 0.118 }, "geometry": { "type": "Point", "coordinates": [ 572876.529830000014044, 2845236.917380000464618 ] } },
{ "type": "Feature", "properties": { "score": 0.118 }, "geometry": { "type": "Point", "coordinates": [ 573030.32983000006061, 2844678.717380000278354 ] } },
{ "type": "Feature", "properties": { "score": 0.118 }, "geometry": { "type": "Point", "coordinates": [ 572485.729830000083894, 2845040.917380000464618 ] } },
{ "type": "Feature", "properties": { "score": 0.118 }, "geometry": { "type": "Point", "coordinates": [ 572664.32983000006061, 2845078.51738 ] } },
{ "type": "Feature", "properties": { "score": 0.118 }, "geometry": { "type": "Point", "coordinates": [ 572841.32983000006061, 2844863.117380000185221 ] } },
{ "type": "Feature", "properties": { "score": 0.1179 }, "geometry": { "type": "Point", "coordinates": [ 572697.529830000014044, 2844690.917380000464618 ] } },
{ "type": "Feature", "properties": { "score": 0.1179 }, "geometry": { "type": "Point", "coordinates": [ 572708.929830000037327, 2845184.51738 ] } },
{ "type": "Feature", "properties": { "score": 0.1179 }, "geometry": { "type": "Point", "coordinates": [ 572508.529830000014044, 2845051.117380000185221 ] } },
{ "type": "Feature", "properties": { "score": 0.1179 }, "geometry": { "type": "Point", "coordinates": [ 572597.729830000083894, 2844833.717380000278354 ] } },
{ "type": "Feature", "properties": { "score": 0.1179 }, "geometry": { "type": "Point", "coordinates": [ 572670.929830000037327, 2844907.117380000185221 ] } },
{ "type": "Feature", "properties": { "score": 0.1179 }, "geometry": { "type": "Point", "coordinates": [ 572592.12983, 2844835.917380000464618 ] } },
{ "type": "Feature", "properties": { "score": 0.1179 }, "geometry": { "type": "Point", "coordinates": [ 572834.529830000014044, 2844675.317380000371486 ] } },
{ "type": "Feature", "properties": { "score": 0.1179 }, "geometry": { "type": "Point", "coordinates": [ 572501.729830000083894, 2845310.51738 ] } },
{ "type": "Feature", "properties": { "score": 0.1179 }, "geometry": { "type": "Point", "coordinates": [ 572505.32983000006061, 2845036.117380000185221 ] } },
{ "type": "Feature", "properties": { "score": 0.1179 }, "geometry": { "type": "Point", "coordinates": [ 572666.12983, 2844706.917380000464618 ] } },
{ "type": "Feature", "properties": { "score": 0.1179 }, "geometry": { "type": "Point", "coordinates": [ 573000.12983, 2844994.117380000185221 ] } },
{ "type": "Feature", "properties": { "score": 0.1179 }, "geometry": { "type": "Point", "coordinates": [ 572706.32983000006061, 2844979.917380000464618 ] } },
{ "type": "Feature", "properties": { "score": 0.1179 }, "geometry": { "type": "Point", "coordinates": [ 573002.32983000006061, 2844837.317380000371486 ] } },
{ "type": "Feature", "properties": { "score": 0.1179 }, "geometry": { "type": "Point", "coordinates": [ 572499.929830000037327, 2845038.51738 ] } },
{ "type": "Feature", "properties": { "score": 0.1179 }, "geometry": { "type": "Point", "coordinates": [ 572610.32983000006061, 2844860.51738 ] } },
{ "type": "Feature", "properties": { "score": 0.1179 }, "geometry": { "type": "Point", "coordinates": [ 573070.529830000014044, 2845045.51738 ] } },
{ "type": "Feature", "properties": { "score": 0.1179 }, "geometry": { "type": "Point", "coordinates": [ 572685.32983000006061, 2844884.317380000371486 ] } },
{ "type": "Feature", "properties": { "score": 0.1179 }, "geometry": { "type": "Point", "coordinates": [ 572900.529830000014044, 2844728.717380000278354 ] } },
{ "type": "Feature", "properties": { "score": 0.1179 }, "geometry": { "type": "Point", "coordinates": [ 572814.12983, 2844924.117380000185221 ] } },
{ "type": "Feature", "properties": { "score": 0.1178 }, "geometry": { "type": "Point", "coordinates": [ 572766.929830000037327, 2844641.51738 ] } },
{ "type": "Feature", "properties": { "score": 0.1178 }, "geometry": { "type": "Point", "coordinates": [ 572856.729830000083894, 2845239.917380000464618 ] } },
{ "type": "Feature", "properties": { "score": 0.1178 }, "geometry": { "type": "Point", "coordinates": [ 573049.32983000006061, 2845025.717380000278354 ] } },
{ "type": "Feature", "properties": { "score": 0.1178 }, "geometry": { "type": "Point", "coordinates": [ 572741.729830000083894, 2844705.51738 ] } },
{ "type": "Feature", "properties": { "score": 0.1178 }, "geometry": { "type": "Point", "coordinates": [ 573013.729829999967478, 2844826.117380000185221 ] } },
{ "type": "Feature", "properties": { "score": 0.1178 }, "geometry": { "type": "Point", "coordinates": [ 572674.12983, 2845107.317380000371486 ] } },
{ "type": "Feature", "properties": { "score": 0.1178 }, "geometry": { "type": "Point", "coordinates": [ 573016.929830000037327, 2845136.117380000185221 ] } },
{ "type": "Feature", "properties": { "score": 0.1178 }, "geometry": { "type": "Point", "coordinates": [ 572882.12983, 2844685.717380000278354 ] } },
{ "type": "Feature", "properties": { "score": 0.1178 }, "geometry": { "type": "Point", "coordinates": [ 572765.32983000006061, 2844717.917380000464618 ] } },
{ "type": "Feature", "properties": { "score": 0.1178 }, "geometry": { "type": "Point", "coordinates": [ 573059.929830000037327, 2844894.51738 ] } },
{ "type": "Feature", "properties": { "score": 0.1178 }, "geometry": { "type": "Point", "coordinates": [ 572843.929830000037327, 2844991.717380000278354 ] } },
{ "type": "Feature", "properties": { "score": 0.1178 }, "geometry": { "type": "Point", "coordinates": [ 572577.929830000037327, 2844723.51738 ] } },
{ "type": "Feature", "properties": { "score": 0.1178 }, "geometry": { "type": "Point", "coordinates": [ 572861.529830000014044, 2845220.317380000371486 ] } },
{ "type": "Feature", "properties": { "score": 0.1177 }, "geometry": { "type": "Point", "coordinates": [ 572557.729830000083894, 2844873.117380000185221 ] } },
{ "type": "Feature", "properties": { "score": 0.1177 }, "geometry": { "type": "Point", "coordinates": [ 573031.529830000014044, 2844727.117380000185221 ] } },
{ "type": "Feature", "properties": { "score": 0.1177 }, "geometry": { "type": "Point", "coordinates": [ 573013.529830000014044, 2844819.117380000185221 ] } },
{ "type": "Feature", "properties": { "score": 0.1177 }, "geometry": { "type": "Point", "coordinates": [ 572767.729830000083894, 2844738.51738 ] } },
{ "type": "Feature", "properties": { "score": 0.1177 }, "geometry": { "type": "Point", "coordinates": [ 572750.32983000006061, 2844702.717380000278354 ] } },
{ "type": "Feature", "properties": { "score": 0.1177 }, "geometry": { "type": "Point", "coordinates": [ 572833.12983, 2844834.51738 ] } },
{ "type": "Feature", "properties": { "score": 0.1177 }, "geometry": { "type": "Point", "coordinates": [ 573006.12983, 2844849.917380000464618 ] } },
{ "type": "Feature", "properties": { "score": 0.1177 }, "geometry": { "type": "Point", "coordinates": [ 572829.529830000014044, 2845039.51738 ] } },
{ "type": "Feature", "properties": { "score": 0.1176 }, "geometry": { "type": "Point", "coordinates": [ 572932.529830000014044, 2845122.317380000371486 ] } },
{ "type": "Feature", "properties": { "score": 0.1176 }, "geometry": { "type": "Point", "coordinates": [ 572710.529830000014044, 2845388.717380000278354 ] } },
{ "type": "Feature", "properties": { "score": 0.1176 }, "geometry": { "type": "Point", "coordinates": [ 572841.32983000006061, 2844982.317380000371486 ] } },
{ "type": "Feature", "properties": { "score": 0.1176 }, "geometry": { "type": "Point", "coordinates": [ 572786.12983, 2845140.317380000371486 ] } },
{ "type": "Feature", "properties": { "score": 0.1176 }, "geometry": { "type": "Point", "coordinates": [ 572508.729830000083894, 2844907.117380000185221 ] } },
{ "type": "Feature", "properties": { "score": 0.1176 }, "geometry": { "type": "Point", "coordinates": [ 572821.729830000083894, 2845148.117380000185221 ] } },
{ "type": "Feature", "properties": { "score": 0.1176 }, "geometry": { "type": "Point", "coordinates": [ 572575.32983000006061, 2844767.917380000464618 ] } },
{ "type": "Feature", "properties": { "score": 0.1176 }, "geometry": { "type": "Point", "coordinates": [ 572652.929830000037327, 2845087.917380000464618 ] } },
{ "type": "Feature", "properties": { "score": 0.1176 }, "geometry": { "type": "Point", "coordinates": [ 573053.929830000037327, 2844848.51738 ] } },
{ "type": "Feature", "properties": { "score": 0.1175 }, "geometry": { "type": "Point", "coordinates": [ 572592.32983000006061, 2845050.51738 ] } },
{ "type": "Feature", "properties": { "score": 0.1175 }, "geometry": { "type": "Point", "coordinates": [ 572802.729830000083894, 2845192.51738 ] } },
{ "type": "Feature", "properties": { "score": 0.1175 }, "geometry": { "type": "Point", "coordinates": [ 573050.529830000014044, 2844870.51738 ] } },
{ "type": "Feature", "properties": { "score": 0.1175 }, "geometry": { "type": "Point", "coordinates": [ 572868.529830000014044, 2844696.117380000185221 ] } },
{ "type": "Feature", "properties": { "score": 0.1175 }, "geometry": { "type": "Point", "coordinates": [ 572522.32983000006061, 2845150.917380000464618 ] } },
{ "type": "Feature", "properties": { "score": 0.1175 }, "geometry": { "type": "Point", "coordinates": [ 572879.729830000083894, 2845147.717380000278354 ] } },
{ "type": "Feature", "properties": { "score": 0.1175 }, "geometry": { "type": "Point", "coordinates": [ 572978.32983000006061, 2844841.117380000185221 ] } },
{ "type": "Feature", "properties": { "score": 0.1175 }, "geometry": { "type": "Point", "coordinates": [ 572537.32983000006061, 2845238.51738 ] } },
{ "type": "Feature", "properties": { "score": 0.1175 }, "geometry": { "type": "Point", "coordinates": [ 572732.12983, 2844720.117380000185221 ] } },
{ "type": "Feature", "properties": { "score": 0.1175 }, "geometry": { "type": "Point", "coordinates": [ 572501.529830000014044, 2845127.717380000278354 ] } },
{ "type": "Feature", "properties": { "score": 0.1175 }, "geometry": { "type": "Point", "coordinates": [ 572533.929830000037327, 2845015.317380000371486 ] } },
{ "type": "Feature", "properties": { "score": 0.1175 }, "geometry": { "type": "Point", "coordinates": [ 572805.12983, 2845212.917380000464618 ] } },
{ "type": "Feature", "properties": { "score": 0.1175 }, "geometry": { "type": "Point", "coordinates": [ 572689.529830000014044, 2844769.317380000371486 ] } },
{ "type": "Feature", "properties": { "score": 0.1175 }, "geometry": { "type": "Point", "coordinates": [ 573051.12983, 2845046.717380000278354 ] } },
{ "type": "Feature", "properties": { "score": 0.1175 }, "geometry": { "type": "Point", "coordinates": [ 572721.529830000014044, 2844742.717380000278354 ] } },
{ "type": "Feature", "properties": { "score": 0.1174 }, "geometry": { "type": "Point", "coordinates": [ 572922.529830000014044, 2845140.717380000278354 ] } },
{ "type": "Feature", "properties": { "score": 0.1174 }, "geometry": { "type": "Point", "coordinates": [ 572964.729829999967478, 2845097.917380000464618 ] } },
{ "type": "Feature", "properties": { "score": 0.1174 }, "geometry": { "type": "Point", "coordinates": [ 572553.729830000083894, 2845004.117380000185221 ] } },
{ "type": "Feature", "properties": { "score": 0.1174 }, "geometry": { "type": "Point", "coordinates": [ 572605.32983000006061, 2845060.917380000464618 ] } },
{ "type": "Feature", "properties": { "score": 0.1174 }, "geometry": { "type": "Point", "coordinates": [ 572616.12983, 2845151.51738 ] } },
{ "type": "Feature", "properties": { "score": 0.1174 }, "geometry": { "type": "Point", "coordinates": [ 572560.529830000014044, 2844752.717380000278354 ] } },
{ "type": "Feature", "properties": { "score": 0.1174 }, "geometry": { "type": "Point", "coordinates": [ 573021.32983000006061, 2844820.117380000185221 ] } },
{ "type": "Feature", "properties": { "score": 0.1174 }, "geometry": { "type": "Point", "coordinates": [ 572940.729829999967478, 2844949.917380000464618 ] } },
{ "type": "Feature", "properties": { "score": 0.1174 }, "geometry": { "type": "Point", "coordinates": [ 572572.32983000006061, 2844863.917380000464618 ] } },
{ "type": "Feature", "properties": { "score": 0.1174 }, "geometry": { "type": "Point", "coordinates": [ 572536.729830000083894, 2844960.917380000464618 ] } },
{ "type": "Feature", "properties": { "score": 0.1174 }, "geometry": { "type": "Point", "coordinates": [ 572863.12983, 2845181.117380000185221 ] } },
{ "type": "Feature", "properties": { "score": 0.1174 }, "geometry": { "type": "Point", "coordinates": [ 572864.729830000083894, 2845246.51738 ] } },
{ "type": "Feature", "properties": { "score": 0.1174 }, "geometry": { "type": "Point", "coordinates": [ 572688.12983, 2845348.117380000185221 ] } },
{ "type": "Feature", "properties": { "score": 0.1174 }, "geometry": { "type": "Point", "coordinates": [ 572529.529830000014044, 2844839.317380000371486 ] } },
{ "type": "Feature", "properties": { "score": 0.1174 }, "geometry": { "type": "Point", "coordinates": [ 572864.729830000083894, 2844995.317380000371486 ] } },
{ "type": "Feature", "properties": { "score": 0.1173 }, "geometry": { "type": "Point", "coordinates": [ 572862.12983, 2845069.917380000464618 ] } },
{ "type": "Feature", "properties": { "score": 0.1173 }, "geometry": { "type": "Point", "coordinates": [ 572615.529830000014044, 2844816.917380000464618 ] } },
{ "type": "Feature", "properties": { "score": 0.1173 }, "geometry": { "type": "Point", "coordinates": [ 572877.729830000083894, 2844693.51738 ] } },
{ "type": "Feature", "properties": { "score": 0.1173 }, "geometry": { "type": "Point", "coordinates": [ 572528.529830000014044, 2844909.117380000185221 ] } },
{ "type": "Feature", "properties": { "score": 0.1173 }, "geometry": { "type": "Point", "coordinates": [ 572824.929830000037327, 2844867.117380000185221 ] } },
{ "type": "Feature", "properties": { "score": 0.1173 }, "geometry": { "type": "Point", "coordinates": [ 572731.529830000014044, 2844842.117380000185221 ] } },
{ "type": "Feature", "properties": { "score": 0.1173 }, "geometry": { "type": "Point", "coordinates": [ 572652.929830000037327, 2844688.917380000464618 ] } },
{ "type": "Feature", "properties": { "score": 0.1173 }, "geometry": { "type": "Point", "coordinates": [ 572884.529830000014044, 2844672.717380000278354 ] } },
{ "type": "Feature", "properties": { "score": 0.1173 }, "geometry": { "type": "Point", "coordinates": [ 572800.529830000014044, 2845202.317380000371486 ] } },
{ "type": "Feature", "properties": { "score": 0.1173 }, "geometry": { "type": "Point", "coordinates": [ 572718.929830000037327, 2845259.117380000185221 ] } },
{ "type": "Feature", "properties": { "score": 0.1173 }, "geometry": { "type": "Point", "coordinates": [ 572759.12983, 2845236.51738 ] } },
{ "type": "Feature", "properties": { "score": 0.1173 }, "geometry": { "type": "Point", "coordinates": [ 572520.529830000014044, 2845316.51738 ] } },
{ "type": "Feature", "properties": { "score": 0.1172 }, "geometry": { "type": "Point", "coordinates": [ 572816.12983, 2844673.717380000278354 ] } },
{ "type": "Feature", "properties": { "score": 0.1172 }, "geometry": { "type": "Point", "coordinates": [ 572691.32983000006061, 2844845.51738 ] } },
{ "type": "Feature", "properties": { "score": 0.1172 }, "geometry": { "type": "Point", "coordinates": [ 572545.32983000006061, 2845065.51738 ] } },
{ "type": "Feature", "properties": { "score": 0.1171 }, "geometry": { "type": "Point", "coordinates": [ 572588.12983, 2844851.117380000185221 ] } },
{ "type": "Feature", "properties": { "score": 0.1171 }, "geometry": { "type": "Point", "coordinates": [ 572702.12983, 2844870.317380000371486 ] } },
{ "type": "Feature", "properties": { "score": 0.1171 }, "geometry": { "type": "Point", "coordinates": [ 572630.12983, 2845214.317380000371486 ] } },
{ "type": "Feature", "properties": { "score": 0.1171 }, "geometry": { "type": "Point", "coordinates": [ 573055.12983, 2844785.51738 ] } },
{ "type": "Feature", "properties": { "score": 0.1171 }, "geometry": { "type": "Point", "coordinates": [ 572648.929830000037327, 2845279.717380000278354 ] } },
{ "type": "Feature", "properties": { "score": 0.1171 }, "geometry": { "type": "Point", "coordinates": [ 572879.32983000006061, 2844675.51738 ] } },
{ "type": "Feature", "properties": { "score": 0.1171 }, "geometry": { "type": "Point", "coordinates": [ 572532.529830000014044, 2844903.917380000464618 ] } },
{ "type": "Feature", "properties": { "score": 0.1171 }, "geometry": { "type": "Point", "coordinates": [ 572976.12983, 2844981.51738 ] } },
{ "type": "Feature", "properties": { "score": 0.117 }, "geometry": { "type": "Point", "coordinates": [ 572772.929830000037327, 2845170.717380000278354 ] } },
{ "type": "Feature", "properties": { "score": 0.117 }, "geometry": { "type": "Point", "coordinates": [ 572832.929830000037327, 2844847.117380000185221 ] } },
{ "type": "Feature", "properties": { "score": 0.117 }, "geometry": { "type": "Point", "coordinates": [ 572720.929830000037327, 2845218.51738 ] } },
{ "type": "Feature", "properties": { "score": 0.117 }, "geometry": { "type": "Point", "coordinates": [ 572743.32983000006061, 2845033.717380000278354 ] } },
{ "type": "Feature", "properties": { "score": 0.117 }, "geometry": { "type": "Point", "coordinates": [ 572952.529830000014044, 2844739.317380000371486 ] } },
{ "type": "Feature", "properties": { "score": 0.117 }, "geometry": { "type": "Point", "coordinates": [ 572868.929830000037327, 2844670.117380000185221 ] } },
{ "type": "Feature", "properties": { "score": 0.117 }, "geometry": { "type": "Point", "coordinates": [ 572752.729830000083894, 2844858.317380000371486 ] } },
{ "type": "Feature", "properties": { "score": 0.1169 }, "geometry": { "type": "Point", "coordinates": [ 572716.929830000037327, 2845234.717380000278354 ] } },
{ "type": "Feature", "properties": { "score": 0.1169 }, "geometry": { "type": "Point", "coordinates": [ 572941.32983000006061, 2844952.317380000371486 ] } },
{ "type": "Feature", "properties": { "score": 0.1169 }, "geometry": { "type": "Point", "coordinates": [ 572563.729830000083894, 2845365.317380000371486 ] } },
{ "type": "Feature", "properties": { "score": 0.1169 }, "geometry": { "type": "Point", "coordinates": [ 572677.32983000006061, 2845078.117380000185221 ] } },
{ "type": "Feature", "properties": { "score": 0.1169 }, "geometry": { "type": "Point", "coordinates": [ 572671.729830000083894, 2844685.717380000278354 ] } },
{ "type": "Feature", "properties": { "score": 0.1169 }, "geometry": { "type": "Point", "coordinates": [ 572548.12983, 2844882.317380000371486 ] } },
{ "type": "Feature", "properties": { "score": 0.1169 }, "geometry": { "type": "Point", "coordinates": [ 572511.32983000006061, 2845094.717380000278354 ] } },
{ "type": "Feature", "properties": { "score": 0.1169 }, "geometry": { "type": "Point", "coordinates": [ 572552.529830000014044, 2845038.317380000371486 ] } },
{ "type": "Feature", "properties": { "score": 0.1169 }, "geometry": { "type": "Point", "coordinates": [ 573002.32983000006061, 2844968.117380000185221 ] } },
{ "type": "Feature", "properties": { "score": 0.1169 }, "geometry": { "type": "Point", "coordinates": [ 572673.32983000006061, 2844678.717380000278354 ] } },
{ "type": "Feature", "properties": { "score": 0.1169 }, "geometry": { "type": "Point", "coordinates": [ 572513.529830000014044, 2844882.717380000278354 ] } },
{ "type": "Feature", "properties": { "score": 0.1169 }, "geometry": { "type": "Point", "coordinates": [ 572678.929830000037327, 2844748.317380000371486 ] } },
{ "type": "Feature", "properties": { "score": 0.1168 }, "geometry": { "type": "Point", "coordinates": [ 572657.12983, 2844653.717380000278354 ] } },
{ "type": "Feature", "properties": { "score": 0.1168 }, "geometry": { "type": "Point", "coordinates": [ 572745.729830000083894, 2845246.51738 ] } },
{ "type": "Feature", "properties": { "score": 0.1168 }, "geometry": { "type": "Point", "coordinates": [ 572844.729830000083894, 2844893.51738 ] } },
{ "type": "Feature", "properties": { "score": 0.1168 }, "geometry": { "type": "Point", "coordinates": [ 572930.12983, 2845160.117380000185221 ] } },
{ "type": "Feature", "properties": { "score": 0.1168 }, "geometry": { "type": "Point", "coordinates": [ 572738.12983, 2844704.917380000464618 ] } },
{ "type": "Feature", "properties": { "score": 0.1168 }, "geometry": { "type": "Point", "coordinates": [ 572740.929830000037327, 2845143.917380000464618 ] } },
{ "type": "Feature", "properties": { "score": 0.1168 }, "geometry": { "type": "Point", "coordinates": [ 572696.32983000006061, 2845046.317380000371486 ] } },
{ "type": "Feature", "properties": { "score": 0.1168 }, "geometry": { "type": "Point", "coordinates": [ 572737.929830000037327, 2845062.51738 ] } },
{ "type": "Feature", "properties": { "score": 0.1168 }, "geometry": { "type": "Point", "coordinates": [ 572903.729829999967478, 2845120.717380000278354 ] } },
{ "type": "Feature", "properties": { "score": 0.1168 }, "geometry": { "type": "Point", "coordinates": [ 572839.729830000083894, 2845140.917380000464618 ] } },
{ "type": "Feature", "properties": { "score": 0.1168 }, "geometry": { "type": "Point", "coordinates": [ 572668.32983000006061, 2845359.917380000464618 ] } },
{ "type": "Feature", "properties": { "score": 0.1168 }, "geometry": { "type": "Point", "coordinates": [ 573014.529830000014044, 2844961.51738 ] } },
{ "type": "Feature", "properties": { "score": 0.1168 }, "geometry": { "type": "Point", "coordinates": [ 572677.729830000083894, 2844674.917380000464618 ] } },
{ "type": "Feature", "properties": { "score": 0.1168 }, "geometry": { "type": "Point", "coordinates": [ 572717.529830000014044, 2845022.317380000371486 ] } },
{ "type": "Feature", "properties": { "score": 0.1167 }, "geometry": { "type": "Point", "coordinates": [ 572795.929830000037327, 2845144.917380000464618 ] } },
{ "type": "Feature", "properties": { "score": 0.1167 }, "geometry": { "type": "Point", "coordinates": [ 572748.929830000037327, 2844758.717380000278354 ] } },
{ "type": "Feature", "properties": { "score": 0.1167 }, "geometry": { "type": "Point", "coordinates": [ 573061.529830000014044, 2844882.51738 ] } },
{ "type": "Feature", "properties": { "score": 0.1167 }, "geometry": { "type": "Point", "coordinates": [ 572796.529830000014044, 2844905.317380000371486 ] } },
{ "type": "Feature", "properties": { "score": 0.1167 }, "geometry": { "type": "Point", "coordinates": [ 572491.729830000083894, 2844727.917380000464618 ] } },
{ "type": "Feature", "properties": { "score": 0.1167 }, "geometry": { "type": "Point", "coordinates": [ 572950.529830000014044, 2844743.117380000185221 ] } },
{ "type": "Feature", "properties": { "score": 0.1167 }, "geometry": { "type": "Point", "coordinates": [ 572716.929830000037327, 2845242.717380000278354 ] } },
{ "type": "Feature", "properties": { "score": 0.1167 }, "geometry": { "type": "Point", "coordinates": [ 572636.729830000083894, 2844870.51738 ] } },
{ "type": "Feature", "properties": { "score": 0.1167 }, "geometry": { "type": "Point", "coordinates": [ 572978.12983, 2844771.117380000185221 ] } },
{ "type": "Feature", "properties": { "score": 0.1167 }, "geometry": { "type": "Point", "coordinates": [ 572630.32983000006061, 2844671.317380000371486 ] } },
{ "type": "Feature", "properties": { "score": 0.1167 }, "geometry": { "type": "Point", "coordinates": [ 572758.12983, 2845076.917380000464618 ] } },
{ "type": "Feature", "properties": { "score": 0.1167 }, "geometry": { "type": "Point", "coordinates": [ 573037.32983000006061, 2844886.51738 ] } },
{ "type": "Feature", "properties": { "score": 0.1167 }, "geometry": { "type": "Point", "coordinates": [ 572640.32983000006061, 2844764.117380000185221 ] } },
{ "type": "Feature", "properties": { "score": 0.1167 }, "geometry": { "type": "Point", "coordinates": [ 572737.32983000006061, 2845068.317380000371486 ] } },
{ "type": "Feature", "properties": { "score": 0.1166 }, "geometry": { "type": "Point", "coordinates": [ 572888.12983, 2844791.117380000185221 ] } },
{ "type": "Feature", "properties": { "score": 0.1166 }, "geometry": { "type": "Point", "coordinates": [ 572989.729829999967478, 2844982.917380000464618 ] } },
{ "type": "Feature", "properties": { "score": 0.1166 }, "geometry": { "type": "Point", "coordinates": [ 572993.12983, 2844726.717380000278354 ] } },
{ "type": "Feature", "properties": { "score": 0.1166 }, "geometry": { "type": "Point", "coordinates": [ 572749.529830000014044, 2845243.51738 ] } },
{ "type": "Feature", "properties": { "score": 0.1166 }, "geometry": { "type": "Point", "coordinates": [ 572626.529830000014044, 2845355.317380000371486 ] } },
{ "type": "Feature", "properties": { "score": 0.1166 }, "geometry": { "type": "Point", "coordinates": [ 572666.12983, 2845083.317380000371486 ] } },
{ "type": "Feature", "properties": { "score": 0.1166 }, "geometry": { "type": "Point", "coordinates": [ 572617.529830000014044, 2845279.717380000278354 ] } },
{ "type": "Feature", "properties": { "score": 0.1166 }, "geometry": { "type": "Point", "coordinates": [ 572517.529830000014044, 2845062.51738 ] } },
{ "type": "Feature", "properties": { "score": 0.1166 }, "geometry": { "type": "Point", "coordinates": [ 572819.529830000014044, 2845196.917380000464618 ] } },
{ "type": "Feature", "properties": { "score": 0.1166 }, "geometry": { "type": "Point", "coordinates": [ 572651.32983000006061, 2845081.51738 ] } },
{ "type": "Feature", "properties": { "score": 0.1166 }, "geometry": { "type": "Point", "coordinates": [ 572639.929830000037327, 2844973.917380000464618 ] } },
{ "type": "Feature", "properties": { "score": 0.1166 }, "geometry": { "type": "Point", "coordinates": [ 572679.12983, 2844740.717380000278354 ] } },
{ "type": "Feature", "properties": { "score": 0.1165 }, "geometry": { "type": "Point", "coordinates": [ 572702.529830000014044, 2844874.917380000464618 ] } },
{ "type": "Feature", "properties": { "score": 0.1165 }, "geometry": { "type": "Point", "coordinates": [ 573048.32983000006061, 2844982.51738 ] } },
{ "type": "Feature", "properties": { "score": 0.1165 }, "geometry": { "type": "Point", "coordinates": [ 572554.929830000037327, 2844750.51738 ] } },
{ "type": "Feature", "properties": { "score": 0.1165 }, "geometry": { "type": "Point", "coordinates": [ 572544.529830000014044, 2845025.117380000185221 ] } },
{ "type": "Feature", "properties": { "score": 0.1165 }, "geometry": { "type": "Point", "coordinates": [ 572820.529830000014044, 2845107.117380000185221 ] } },
{ "type": "Feature", "properties": { "score": 0.1165 }, "geometry": { "type": "Point", "coordinates": [ 572677.929830000037327, 2844672.917380000464618 ] } },
{ "type": "Feature", "properties": { "score": 0.1165 }, "geometry": { "type": "Point", "coordinates": [ 572496.32983000006061, 2844943.917380000464618 ] } },
{ "type": "Feature", "properties": { "score": 0.1165 }, "geometry": { "type": "Point", "coordinates": [ 572570.12983, 2844759.317380000371486 ] } },
{ "type": "Feature", "properties": { "score": 0.1165 }, "geometry": { "type": "Point", "coordinates": [ 572720.32983000006061, 2844961.317380000371486 ] } },
{ "type": "Feature", "properties": { "score": 0.1165 }, "geometry": { "type": "Point", "coordinates": [ 572503.929830000037327, 2844985.117380000185221 ] } },
{ "type": "Feature", "properties": { "score": 0.1165 }, "geometry": { "type": "Point", "coordinates": [ 572642.729830000083894, 2844975.717380000278354 ] } },
{ "type": "Feature", "properties": { "score": 0.1165 }, "geometry": { "type": "Point", "coordinates": [ 572952.529830000014044, 2845212.317380000371486 ] } },
{ "type": "Feature", "properties": { "score": 0.1165 }, "geometry": { "type": "Point", "coordinates": [ 572971.729829999967478, 2844655.317380000371486 ] } },
{ "type": "Feature", "properties": { "score": 0.1164 }, "geometry": { "type": "Point", "coordinates": [ 572713.729830000083894, 2844859.51738 ] } },
{ "type": "Feature", "properties": { "score": 0.1164 }, "geometry": { "type": "Point", "coordinates": [ 572783.929830000037327, 2845154.717380000278354 ] } },
{ "type": "Feature", "properties": { "score": 0.1164 }, "geometry": { "type": "Point", "coordinates": [ 572750.12983, 2844750.717380000278354 ] } },
{ "type": "Feature", "properties": { "score": 0.1164 }, "geometry": { "type": "Point", "coordinates": [ 572499.729830000083894, 2845016.717380000278354 ] } },
{ "type": "Feature", "properties": { "score": 0.1164 }, "geometry": { "type": "Point", "coordinates": [ 572509.929830000037327, 2845086.51738 ] } },
{ "type": "Feature", "properties": { "score": 0.1164 }, "geometry": { "type": "Point", "coordinates": [ 572534.12983, 2845198.51738 ] } },
{ "type": "Feature", "properties": { "score": 0.1164 }, "geometry": { "type": "Point", "coordinates": [ 572495.929830000037327, 2844726.117380000185221 ] } },
{ "type": "Feature", "properties": { "score": 0.1164 }, "geometry": { "type": "Point", "coordinates": [ 572606.32983000006061, 2844948.717380000278354 ] } },
{ "type": "Feature", "properties": { "score": 0.1164 }, "geometry": { "type": "Point", "coordinates": [ 573014.12983, 2844944.717380000278354 ] } },
{ "type": "Feature", "properties": { "score": 0.1164 }, "geometry": { "type": "Point", "coordinates": [ 572994.529830000014044, 2844858.717380000278354 ] } },
{ "type": "Feature", "properties": { "score": 0.1164 }, "geometry": { "type": "Point", "coordinates": [ 572630.929830000037327, 2844724.717380000278354 ] } },
{ "type": "Feature", "properties": { "score": 0.1163 }, "geometry": { "type": "Point", "coordinates": [ 572941.929830000037327, 2845105.317380000371486 ] } },
{ "type": "Feature", "properties": { "score": 0.1163 }, "geometry": { "type": "Point", "coordinates": [ 572999.729829999967478, 2844827.717380000278354 ] } },
{ "type": "Feature", "properties": { "score": 0.1163 }, "geometry": { "type": "Point", "coordinates": [ 572774.12983, 2844679.317380000371486 ] } },
{ "type": "Feature", "properties": { "score": 0.1163 }, "geometry": { "type": "Point", "coordinates": [ 572523.929830000037327, 2845064.51738 ] } },
{ "type": "Feature", "properties": { "score": 0.1163 }, "geometry": { "type": "Point", "coordinates": [ 572499.12983, 2845081.717380000278354 ] } },
{ "type": "Feature", "properties": { "score": 0.1163 }, "geometry": { "type": "Point", "coordinates": [ 572891.729830000083894, 2844725.117380000185221 ] } },
{ "type": "Feature", "properties": { "score": 0.1163 }, "geometry": { "type": "Point", "coordinates": [ 572908.529830000014044, 2844996.317380000371486 ] } },
{ "type": "Feature", "properties": { "score": 0.1163 }, "geometry": { "type": "Point", "coordinates": [ 572861.729830000083894, 2845040.51738 ] } },
{ "type": "Feature", "properties": { "score": 0.1163 }, "geometry": { "type": "Point", "coordinates": [ 572997.12983, 2844816.51738 ] } },
{ "type": "Feature", "properties": { "score": 0.1163 }, "geometry": { "type": "Point", "coordinates": [ 572877.729830000083894, 2844957.917380000464618 ] } },
{ "type": "Feature", "properties": { "score": 0.1163 }, "geometry": { "type": "Point", "coordinates": [ 572945.729829999967478, 2845003.117380000185221 ] } },
{ "type": "Feature", "properties": { "score": 0.1163 }, "geometry": { "type": "Point", "coordinates": [ 572557.32983000006061, 2844876.117380000185221 ] } },
{ "type": "Feature", "properties": { "score": 0.1163 }, "geometry": { "type": "Point", "coordinates": [ 572553.529830000014044, 2845125.917380000464618 ] } },
{ "type": "Feature", "properties": { "score": 0.1163 }, "geometry": { "type": "Point", "coordinates": [ 572595.12983, 2845265.51738 ] } },
{ "type": "Feature", "properties": { "score": 0.1163 }, "geometry": { "type": "Point", "coordinates": [ 572681.32983000006061, 2845003.717380000278354 ] } },
{ "type": "Feature", "properties": { "score": 0.1163 }, "geometry": { "type": "Point", "coordinates": [ 572878.729830000083894, 2845026.117380000185221 ] } },
{ "type": "Feature", "properties": { "score": 0.1163 }, "geometry": { "type": "Point", "coordinates": [ 572793.529830000014044, 2844873.317380000371486 ] } },
{ "type": "Feature", "properties": { "score": 0.1163 }, "geometry": { "type": "Point", "coordinates": [ 572536.12983, 2845034.51738 ] } },
{ "type": "Feature", "properties": { "score": 0.1162 }, "geometry": { "type": "Point", "coordinates": [ 572653.12983, 2844987.317380000371486 ] } },
{ "type": "Feature", "properties": { "score": 0.1162 }, "geometry": { "type": "Point", "coordinates": [ 573022.32983000006061, 2845101.917380000464618 ] } },
{ "type": "Feature", "properties": { "score": 0.1162 }, "geometry": { "type": "Point", "coordinates": [ 572833.32983000006061, 2845059.317380000371486 ] } },
{ "type": "Feature", "properties": { "score": 0.1162 }, "geometry": { "type": "Point", "coordinates": [ 572675.729830000083894, 2844893.917380000464618 ] } },
{ "type": "Feature", "properties": { "score": 0.1162 }, "geometry": { "type": "Point", "coordinates": [ 572536.32983000006061, 2845277.117380000185221 ] } },
{ "type": "Feature", "properties": { "score": 0.1162 }, "geometry": { "type": "Point", "coordinates": [ 572591.529830000014044, 2844858.51738 ] } },
{ "type": "Feature", "properties": { "score": 0.1162 }, "geometry": { "type": "Point", "coordinates": [ 572678.529830000014044, 2844702.717380000278354 ] } },
{ "type": "Feature", "properties": { "score": 0.1162 }, "geometry": { "type": "Point", "coordinates": [ 572655.32983000006061, 2845019.717380000278354 ] } },
{ "type": "Feature", "properties": { "score": 0.1162 }, "geometry": { "type": "Point", "coordinates": [ 572823.729830000083894, 2845179.51738 ] } },
{ "type": "Feature", "properties": { "score": 0.1162 }, "geometry": { "type": "Point", "coordinates": [ 572637.529830000014044, 2844654.51738 ] } },
{ "type": "Feature", "properties": { "score": 0.1162 }, "geometry": { "type": "Point", "coordinates": [ 572534.32983000006061, 2844877.317380000371486 ] } },
{ "type": "Feature", "properties": { "score": 0.1162 }, "geometry": { "type": "Point", "coordinates": [ 572485.12983, 2845046.917380000464618 ] } },
{ "type": "Feature", "properties": { "score": 0.1162 }, "geometry": { "type": "Point", "coordinates": [ 572817.32983000006061, 2844666.917380000464618 ] } },
{ "type": "Feature", "properties": { "score": 0.1162 }, "geometry": { "type": "Point", "coordinates": [ 572687.529830000014044, 2845086.317380000371486 ] } },
{ "type": "Feature", "properties": { "score": 0.1162 }, "geometry": { "type": "Point", "coordinates": [ 572690.32983000006061, 2844932.117380000185221 ] } },
{ "type": "Feature", "properties": { "score": 0.1162 }, "geometry": { "type": "Point", "coordinates": [ 572848.529830000014044, 2844954.717380000278354 ] } },
{ "type": "Feature", "properties": { "score": 0.1162 }, "geometry": { "type": "Point", "coordinates": [ 572857.929830000037327, 2844921.317380000371486 ] } },
{ "type": "Feature", "properties": { "score": 0.1162 }, "geometry": { "type": "Point", "coordinates": [ 572934.929830000037327, 2845179.51738 ] } },
{ "type": "Feature", "properties": { "score": 0.1161 }, "geometry": { "type": "Point", "coordinates": [ 572930.32983000006061, 2844728.917380000464618 ] } },
{ "type": "Feature", "properties": { "score": 0.1161 }, "geometry": { "type": "Point", "coordinates": [ 572698.729830000083894, 2844857.917380000464618 ] } },
{ "type": "Feature", "properties": { "score": 0.116 }, "geometry": { "type": "Point", "coordinates": [ 572947.929830000037327, 2844860.917380000464618 ] } },
{ "type": "Feature", "properties": { "score": 0.116 }, "geometry": { "type": "Point", "coordinates": [ 572642.529830000014044, 2844912.317380000371486 ] } },
{ "type": "Feature", "properties": { "score": 0.116 }, "geometry": { "type": "Point", "coordinates": [ 572716.529830000014044, 2844956.51738 ] } },
{ "type": "Feature", "properties": { "score": 0.116 }, "geometry": { "type": "Point", "coordinates": [ 572826.929830000037327, 2845116.717380000278354 ] } },
{ "type": "Feature", "properties": { "score": 0.116 }, "geometry": { "type": "Point", "coordinates": [ 572736.32983000006061, 2845258.917380000464618 ] } },
{ "type": "Feature", "properties": { "score": 0.116 }, "geometry": { "type": "Point", "coordinates": [ 572726.12983, 2844669.917380000464618 ] } },
{ "type": "Feature", "properties": { "score": 0.116 }, "geometry": { "type": "Point", "coordinates": [ 572685.729830000083894, 2845074.917380000464618 ] } },
{ "type": "Feature", "properties": { "score": 0.116 }, "geometry": { "type": "Point", "coordinates": [ 572988.929830000037327, 2845087.51738 ] } },
{ "type": "Feature", "properties": { "score": 0.116 }, "geometry": { "type": "Point", "coordinates": [ 572892.529830000014044, 2845163.917380000464618 ] } },
{ "type": "Feature", "properties": { "score": 0.116 }, "geometry": { "type": "Point", "coordinates": [ 573026.32983000006061, 2844836.317380000371486 ] } },
{ "type": "Feature", "properties": { "score": 0.116 }, "geometry": { "type": "Point", "coordinates": [ 572643.929830000037327, 2844724.317380000371486 ] } },
{ "type": "Feature", "properties": { "score": 0.116 }, "geometry": { "type": "Point", "coordinates": [ 572781.929830000037327, 2844895.317380000371486 ] } },
{ "type": "Feature", "properties": { "score": 0.116 }, "geometry": { "type": "Point", "coordinates": [ 572549.529830000014044, 2845054.717380000278354 ] } },
{ "type": "Feature", "properties": { "score": 0.116 }, "geometry": { "type": "Point", "coordinates": [ 572573.32983000006061, 2844950.51738 ] } },
{ "type": "Feature", "properties": { "score": 0.116 }, "geometry": { "type": "Point", "coordinates": [ 572858.12983, 2844710.317380000371486 ] } },
{ "type": "Feature", "properties": { "score": 0.1159 }, "geometry": { "type": "Point", "coordinates": [ 572969.929830000037327, 2845194.117380000185221 ] } },
{ "type": "Feature", "properties": { "score": 0.1159 }, "geometry": { "type": "Point", "coordinates": [ 572570.929830000037327, 2845365.717380000278354 ] } },
{ "type": "Feature", "properties": { "score": 0.1159 }, "geometry": { "type": "Point", "coordinates": [ 572894.12983, 2845085.117380000185221 ] } },
{ "type": "Feature", "properties": { "score": 0.1159 }, "geometry": { "type": "Point", "coordinates": [ 572732.529830000014044, 2845067.117380000185221 ] } },
{ "type": "Feature", "properties": { "score": 0.1159 }, "geometry": { "type": "Point", "coordinates": [ 572513.929830000037327, 2844899.717380000278354 ] } },
{ "type": "Feature", "properties": { "score": 0.1159 }, "geometry": { "type": "Point", "coordinates": [ 572552.929830000037327, 2844877.51738 ] } },
{ "type": "Feature", "properties": { "score": 0.1159 }, "geometry": { "type": "Point", "coordinates": [ 572857.729830000083894, 2845208.317380000371486 ] } },
{ "type": "Feature", "properties": { "score": 0.1159 }, "geometry": { "type": "Point", "coordinates": [ 572524.529830000014044, 2845270.317380000371486 ] } },
{ "type": "Feature", "properties": { "score": 0.1158 }, "geometry": { "type": "Point", "coordinates": [ 573017.12983, 2844919.917380000464618 ] } },
{ "type": "Feature", "properties": { "score": 0.1158 }, "geometry": { "type": "Point", "coordinates": [ 572713.929830000037327, 2844966.317380000371486 ] } },
{ "type": "Feature", "properties": { "score": 0.1158 }, "geometry": { "type": "Point", "coordinates": [ 572723.529830000014044, 2844962.717380000278354 ] } },
{ "type": "Feature", "properties": { "score": 0.1158 }, "geometry": { "type": "Point", "coordinates": [ 572608.929830000037327, 2844946.317380000371486 ] } },
{ "type": "Feature", "properties": { "score": 0.1158 }, "geometry": { "type": "Point", "coordinates": [ 572494.32983000006061, 2845050.917380000464618 ] } },
{ "type": "Feature", "properties": { "score": 0.1158 }, "geometry": { "type": "Point", "coordinates": [ 572858.12983, 2844687.917380000464618 ] } },
{ "type": "Feature", "properties": { "score": 0.1158 }, "geometry": { "type": "Point", "coordinates": [ 572953.529830000014044, 2844905.51738 ] } },
{ "type": "Feature", "properties": { "score": 0.1158 }, "geometry": { "type": "Point", "coordinates": [ 572495.12983, 2845350.317380000371486 ] } },
{ "type": "Feature", "properties": { "score": 0.1158 }, "geometry": { "type": "Point", "coordinates": [ 572651.929830000037327, 2844841.717380000278354 ] } },
{ "type": "Feature", "properties": { "score": 0.1157 }, "geometry": { "type": "Point", "coordinates": [ 572988.729829999967478, 2844956.717380000278354 ] } },
{ "type": "Feature", "properties": { "score": 0.1157 }, "geometry": { "type": "Point", "coordinates": [ 572534.12983, 2845008.917380000464618 ] } },
{ "type": "Feature", "properties": { "score": 0.1157 }, "geometry": { "type": "Point", "coordinates": [ 572790.529830000014044, 2844908.917380000464618 ] } },
{ "type": "Feature", "properties": { "score": 0.1157 }, "geometry": { "type": "Point", "coordinates": [ 572964.12983, 2844847.117380000185221 ] } },
{ "type": "Feature", "properties": { "score": 0.1157 }, "geometry": { "type": "Point", "coordinates": [ 572905.529830000014044, 2844717.117380000185221 ] } },
{ "type": "Feature", "properties": { "score": 0.1157 }, "geometry": { "type": "Point", "coordinates": [ 572646.12983, 2844692.917380000464618 ] } },
{ "type": "Feature", "properties": { "score": 0.1157 }, "geometry": { "type": "Point", "coordinates": [ 572879.12983, 2844685.51738 ] } },
{ "type": "Feature", "properties": { "score": 0.1157 }, "geometry": { "type": "Point", "coordinates": [ 572631.12983, 2844997.117380000185221 ] } },
{ "type": "Feature", "properties": { "score": 0.1157 }, "geometry": { "type": "Point", "coordinates": [ 572733.729830000083894, 2844837.917380000464618 ] } },
{ "type": "Feature", "properties": { "score": 0.1157 }, "geometry": { "type": "Point", "coordinates": [ 572940.529830000014044, 2844735.51738 ] } },
{ "type": "Feature", "properties": { "score": 0.1157 }, "geometry": { "type": "Point", "coordinates": [ 572508.929830000037327, 2845283.717380000278354 ] } },
{ "type": "Feature", "properties": { "score": 0.1157 }, "geometry": { "type": "Point", "coordinates": [ 573004.929830000037327, 2844970.117380000185221 ] } },
{ "type": "Feature", "properties": { "score": 0.1157 }, "geometry": { "type": "Point", "coordinates": [ 572924.12983, 2844965.51738 ] } },
{ "type": "Feature", "properties": { "score": 0.1157 }, "geometry": { "type": "Point", "coordinates": [ 572641.529830000014044, 2844667.917380000464618 ] } },
{ "type": "Feature", "properties": { "score": 0.1157 }, "geometry": { "type": "Point", "coordinates": [ 573038.32983000006061, 2844784.317380000371486 ] } },
{ "type": "Feature", "properties": { "score": 0.1157 }, "geometry": { "type": "Point", "coordinates": [ 572711.729830000083894, 2844678.317380000371486 ] } },
{ "type": "Feature", "properties": { "score": 0.1156 }, "geometry": { "type": "Point", "coordinates": [ 572930.32983000006061, 2845198.51738 ] } },
{ "type": "Feature", "properties": { "score": 0.1156 }, "geometry": { "type": "Point", "coordinates": [ 572988.729829999967478, 2844855.317380000371486 ] } },
{ "type": "Feature", "properties": { "score": 0.1156 }, "geometry": { "type": "Point", "coordinates": [ 572758.929830000037327, 2844714.51738 ] } },
{ "type": "Feature", "properties": { "score": 0.1156 }, "geometry": { "type": "Point", "coordinates": [ 572511.12983, 2844665.51738 ] } },
{ "type": "Feature", "properties": { "score": 0.1156 }, "geometry": { "type": "Point", "coordinates": [ 572499.929830000037327, 2845044.317380000371486 ] } },
{ "type": "Feature", "properties": { "score": 0.1156 }, "geometry": { "type": "Point", "coordinates": [ 572789.929830000037327, 2844793.717380000278354 ] } },
{ "type": "Feature", "properties": { "score": 0.1156 }, "geometry": { "type": "Point", "coordinates": [ 572677.529830000014044, 2845023.317380000371486 ] } },
{ "type": "Feature", "properties": { "score": 0.1156 }, "geometry": { "type": "Point", "coordinates": [ 572667.12983, 2845023.51738 ] } },
{ "type": "Feature", "properties": { "score": 0.1156 }, "geometry": { "type": "Point", "coordinates": [ 572835.529830000014044, 2844885.117380000185221 ] } },
{ "type": "Feature", "properties": { "score": 0.1156 }, "geometry": { "type": "Point", "coordinates": [ 572858.929830000037327, 2845067.717380000278354 ] } },
{ "type": "Feature", "properties": { "score": 0.1156 }, "geometry": { "type": "Point", "coordinates": [ 572531.929830000037327, 2844884.717380000278354 ] } },
{ "type": "Feature", "properties": { "score": 0.1155 }, "geometry": { "type": "Point", "coordinates": [ 572506.32983000006061, 2845099.117380000185221 ] } },
{ "type": "Feature", "properties": { "score": 0.1155 }, "geometry": { "type": "Point", "coordinates": [ 572725.529830000014044, 2844717.117380000185221 ] } },
{ "type": "Feature", "properties": { "score": 0.1155 }, "geometry": { "type": "Point", "coordinates": [ 572592.32983000006061, 2844789.317380000371486 ] } },
{ "type": "Feature", "properties": { "score": 0.1155 }, "geometry": { "type": "Point", "coordinates": [ 572731.929830000037327, 2844778.717380000278354 ] } },
{ "type": "Feature", "properties": { "score": 0.1155 }, "geometry": { "type": "Point", "coordinates": [ 572820.32983000006061, 2844910.117380000185221 ] } },
{ "type": "Feature", "properties": { "score": 0.1155 }, "geometry": { "type": "Point", "coordinates": [ 572942.12983, 2844857.51738 ] } },
{ "type": "Feature", "properties": { "score": 0.1155 }, "geometry": { "type": "Point", "coordinates": [ 572487.12983, 2845314.117380000185221 ] } },
{ "type": "Feature", "properties": { "score": 0.1155 }, "geometry": { "type": "Point", "coordinates": [ 572991.529830000014044, 2844954.717380000278354 ] } },
{ "type": "Feature", "properties": { "score": 0.1155 }, "geometry": { "type": "Point", "coordinates": [ 572917.529830000014044, 2844994.317380000371486 ] } },
{ "type": "Feature", "properties": { "score": 0.1154 }, "geometry": { "type": "Point", "coordinates": [ 572982.529830000014044, 2845182.917380000464618 ] } },
{ "type": "Feature", "properties": { "score": 0.1154 }, "geometry": { "type": "Point", "coordinates": [ 572565.729830000083894, 2845047.117380000185221 ] } },
{ "type": "Feature", "properties": { "score": 0.1154 }, "geometry": { "type": "Point", "coordinates": [ 572774.12983, 2844725.717380000278354 ] } },
{ "type": "Feature", "properties": { "score": 0.1154 }, "geometry": { "type": "Point", "coordinates": [ 572626.929830000037327, 2844988.917380000464618 ] } },
{ "type": "Feature", "properties": { "score": 0.1154 }, "geometry": { "type": "Point", "coordinates": [ 572512.929830000037327, 2845265.317380000371486 ] } },
{ "type": "Feature", "properties": { "score": 0.1154 }, "geometry": { "type": "Point", "coordinates": [ 573048.929830000037327, 2844834.317380000371486 ] } },
{ "type": "Feature", "properties": { "score": 0.1154 }, "geometry": { "type": "Point", "coordinates": [ 572906.929830000037327, 2844939.917380000464618 ] } },
{ "type": "Feature", "properties": { "score": 0.1153 }, "geometry": { "type": "Point", "coordinates": [ 572610.729830000083894, 2845362.317380000371486 ] } },
{ "type": "Feature", "properties": { "score": 0.1153 }, "geometry": { "type": "Point", "coordinates": [ 572583.729830000083894, 2844869.51738 ] } },
{ "type": "Feature", "properties": { "score": 0.1153 }, "geometry": { "type": "Point", "coordinates": [ 572942.12983, 2845162.117380000185221 ] } },
{ "type": "Feature", "properties": { "score": 0.1153 }, "geometry": { "type": "Point", "coordinates": [ 572611.729830000083894, 2844737.317380000371486 ] } },
{ "type": "Feature", "properties": { "score": 0.1153 }, "geometry": { "type": "Point", "coordinates": [ 572489.929830000037327, 2845033.717380000278354 ] } },
{ "type": "Feature", "properties": { "score": 0.1153 }, "geometry": { "type": "Point", "coordinates": [ 572542.929830000037327, 2844710.717380000278354 ] } },
{ "type": "Feature", "properties": { "score": 0.1152 }, "geometry": { "type": "Point", "coordinates": [ 572491.729830000083894, 2845070.717380000278354 ] } },
{ "type": "Feature", "properties": { "score": 0.1152 }, "geometry": { "type": "Point", "coordinates": [ 572699.32983000006061, 2845014.51738 ] } },
{ "type": "Feature", "properties": { "score": 0.1152 }, "geometry": { "type": "Point", "coordinates": [ 572856.529830000014044, 2844894.717380000278354 ] } },
{ "type": "Feature", "properties": { "score": 0.1152 }, "geometry": { "type": "Point", "coordinates": [ 572896.529830000014044, 2845025.117380000185221 ] } },
{ "type": "Feature", "properties": { "score": 0.1152 }, "geometry": { "type": "Point", "coordinates": [ 572518.729830000083894, 2845034.917380000464618 ] } },
{ "type": "Feature", "properties": { "score": 0.1152 }, "geometry": { "type": "Point", "coordinates": [ 572694.12983, 2844728.51738 ] } },
{ "type": "Feature", "properties": { "score": 0.1152 }, "geometry": { "type": "Point", "coordinates": [ 572831.729830000083894, 2845164.317380000371486 ] } },
{ "type": "Feature", "properties": { "score": 0.1152 }, "geometry": { "type": "Point", "coordinates": [ 572786.12983, 2845185.51738 ] } },
{ "type": "Feature", "properties": { "score": 0.1152 }, "geometry": { "type": "Point", "coordinates": [ 572882.32983000006061, 2844976.117380000185221 ] } },
{ "type": "Feature", "properties": { "score": 0.1152 }, "geometry": { "type": "Point", "coordinates": [ 572762.32983000006061, 2844746.317380000371486 ] } },
{ "type": "Feature", "properties": { "score": 0.1151 }, "geometry": { "type": "Point", "coordinates": [ 572820.12983, 2845208.117380000185221 ] } },
{ "type": "Feature", "properties": { "score": 0.1151 }, "geometry": { "type": "Point", "coordinates": [ 572568.929830000037327, 2845340.717380000278354 ] } },
{ "type": "Feature", "properties": { "score": 0.1151 }, "geometry": { "type": "Point", "coordinates": [ 572974.529830000014044, 2844834.717380000278354 ] } },
{ "type": "Feature", "properties": { "score": 0.1151 }, "geometry": { "type": "Point", "coordinates": [ 572733.529830000014044, 2844714.317380000371486 ] } },
{ "type": "Feature", "properties": { "score": 0.1151 }, "geometry": { "type": "Point", "coordinates": [ 572819.32983000006061, 2845105.117380000185221 ] } },
{ "type": "Feature", "properties": { "score": 0.1151 }, "geometry": { "type": "Point", "coordinates": [ 572834.32983000006061, 2844870.51738 ] } },
{ "type": "Feature", "properties": { "score": 0.1151 }, "geometry": { "type": "Point", "coordinates": [ 572738.529830000014044, 2844850.317380000371486 ] } },
{ "type": "Feature", "properties": { "score": 0.1151 }, "geometry": { "type": "Point", "coordinates": [ 572849.729830000083894, 2845215.117380000185221 ] } },
{ "type": "Feature", "properties": { "score": 0.1151 }, "geometry": { "type": "Point", "coordinates": [ 572819.729830000083894, 2845218.317380000371486 ] } },
{ "type": "Feature", "properties": { "score": 0.1151 }, "geometry": { "type": "Point", "coordinates": [ 572722.529830000014044, 2844748.117380000185221 ] } },
{ "type": "Feature", "properties": { "score": 0.1151 }, "geometry": { "type": "Point", "coordinates": [ 572491.12983, 2845206.717380000278354 ] } },
{ "type": "Feature", "properties": { "score": 0.1151 }, "geometry": { "type": "Point", "coordinates": [ 572625.529830000014044, 2844711.717380000278354 ] } },
{ "type": "Feature", "properties": { "score": 0.115 }, "geometry": { "type": "Point", "coordinates": [ 572666.12983, 2845085.917380000464618 ] } },
{ "type": "Feature", "properties": { "score": 0.115 }, "geometry": { "type": "Point", "coordinates": [ 572491.12983, 2845300.117380000185221 ] } },
{ "type": "Feature", "properties": { "score": 0.115 }, "geometry": { "type": "Point", "coordinates": [ 572942.12983, 2845185.117380000185221 ] } },
{ "type": "Feature", "properties": { "score": 0.115 }, "geometry": { "type": "Point", "coordinates": [ 572714.12983, 2845259.117380000185221 ] } },
{ "type": "Feature", "properties": { "score": 0.115 }, "geometry": { "type": "Point", "coordinates": [ 572640.32983000006061, 2844990.51738 ] } },
{ "type": "Feature", "properties": { "score": 0.115 }, "geometry": { "type": "Point", "coordinates": [ 572912.529830000014044, 2845026.317380000371486 ] } },
{ "type": "Feature", "properties": { "score": 0.115 }, "geometry": { "type": "Point", "coordinates": [ 572725.729830000083894, 2844662.917380000464618 ] } },
{ "type": "Feature", "properties": { "score": 0.115 }, "geometry": { "type": "Point", "coordinates": [ 572647.12983, 2844697.51738 ] } },
{ "type": "Feature", "properties": { "score": 0.115 }, "geometry": { "type": "Point", "coordinates": [ 572642.32983000006061, 2845222.117380000185221 ] } },
{ "type": "Feature", "properties": { "score": 0.115 }, "geometry": { "type": "Point", "coordinates": [ 572594.12983, 2845331.717380000278354 ] } },
{ "type": "Feature", "properties": { "score": 0.1149 }, "geometry": { "type": "Point", "coordinates": [ 572540.529830000014044, 2844919.317380000371486 ] } },
{ "type": "Feature", "properties": { "score": 0.1149 }, "geometry": { "type": "Point", "coordinates": [ 572744.529830000014044, 2845167.51738 ] } },
{ "type": "Feature", "properties": { "score": 0.1149 }, "geometry": { "type": "Point", "coordinates": [ 573047.729829999967478, 2844963.117380000185221 ] } },
{ "type": "Feature", "properties": { "score": 0.1149 }, "geometry": { "type": "Point", "coordinates": [ 572847.32983000006061, 2844708.51738 ] } },
{ "type": "Feature", "properties": { "score": 0.1149 }, "geometry": { "type": "Point", "coordinates": [ 572993.729829999967478, 2844737.317380000371486 ] } },
{ "type": "Feature", "properties": { "score": 0.1149 }, "geometry": { "type": "Point", "coordinates": [ 572651.729830000083894, 2844691.317380000371486 ] } },
{ "type": "Feature", "properties": { "score": 0.1149 }, "geometry": { "type": "Point", "coordinates": [ 572833.929830000037327, 2845072.717380000278354 ] } },
{ "type": "Feature", "properties": { "score": 0.1149 }, "geometry": { "type": "Point", "coordinates": [ 573002.529830000014044, 2845086.717380000278354 ] } },
{ "type": "Feature", "properties": { "score": 0.1149 }, "geometry": { "type": "Point", "coordinates": [ 572812.32983000006061, 2845186.917380000464618 ] } },
{ "type": "Feature", "properties": { "score": 0.1149 }, "geometry": { "type": "Point", "coordinates": [ 572769.529830000014044, 2845243.51738 ] } },
{ "type": "Feature", "properties": { "score": 0.1149 }, "geometry": { "type": "Point", "coordinates": [ 572527.929830000037327, 2844772.51738 ] } },
{ "type": "Feature", "properties": { "score": 0.1149 }, "geometry": { "type": "Point", "coordinates": [ 572971.529830000014044, 2844881.51738 ] } },
{ "type": "Feature", "properties": { "score": 0.1149 }, "geometry": { "type": "Point", "coordinates": [ 572879.929830000037327, 2844962.717380000278354 ] } },
{ "type": "Feature", "properties": { "score": 0.1149 }, "geometry": { "type": "Point", "coordinates": [ 572606.12983, 2845358.51738 ] } },
{ "type": "Feature", "properties": { "score": 0.1148 }, "geometry": { "type": "Point", "coordinates": [ 572486.32983000006061, 2844950.117380000185221 ] } },
{ "type": "Feature", "properties": { "score": 0.1148 }, "geometry": { "type": "Point", "coordinates": [ 572643.32983000006061, 2844727.117380000185221 ] } },
{ "type": "Feature", "properties": { "score": 0.1148 }, "geometry": { "type": "Point", "coordinates": [ 572564.529830000014044, 2844995.717380000278354 ] } },
{ "type": "Feature", "properties": { "score": 0.1148 }, "geometry": { "type": "Point", "coordinates": [ 572780.529830000014044, 2845132.917380000464618 ] } },
{ "type": "Feature", "properties": { "score": 0.1148 }, "geometry": { "type": "Point", "coordinates": [ 572685.729830000083894, 2844689.117380000185221 ] } },
{ "type": "Feature", "properties": { "score": 0.1148 }, "geometry": { "type": "Point", "coordinates": [ 572855.12983, 2845218.917380000464618 ] } },
{ "type": "Feature", "properties": { "score": 0.1148 }, "geometry": { "type": "Point", "coordinates": [ 573057.729829999967478, 2844791.917380000464618 ] } },
{ "type": "Feature", "properties": { "score": 0.1148 }, "geometry": { "type": "Point", "coordinates": [ 572559.32983000006061, 2844870.51738 ] } },
{ "type": "Feature", "properties": { "score": 0.1148 }, "geometry": { "type": "Point", "coordinates": [ 572988.929830000037327, 2844857.917380000464618 ] } },
{ "type": "Feature", "properties": { "score": 0.1148 }, "geometry": { "type": "Point", "coordinates": [ 572732.929830000037327, 2844678.717380000278354 ] } },
{ "type": "Feature", "properties": { "score": 0.1147 }, "geometry": { "type": "Point", "coordinates": [ 573009.729829999967478, 2844929.117380000185221 ] } },
{ "type": "Feature", "properties": { "score": 0.1147 }, "geometry": { "type": "Point", "coordinates": [ 572704.529830000014044, 2844859.717380000278354 ] } },
{ "type": "Feature", "properties": { "score": 0.1147 }, "geometry": { "type": "Point", "coordinates": [ 572821.929830000037327, 2845182.51738 ] } },
{ "type": "Feature", "properties": { "score": 0.1147 }, "geometry": { "type": "Point", "coordinates": [ 572560.12983, 2844665.917380000464618 ] } },
{ "type": "Feature", "properties": { "score": 0.1147 }, "geometry": { "type": "Point", "coordinates": [ 572787.12983, 2845113.317380000371486 ] } },
{ "type": "Feature", "properties": { "score": 0.1147 }, "geometry": { "type": "Point", "coordinates": [ 572565.529830000014044, 2845059.117380000185221 ] } },
{ "type": "Feature", "properties": { "score": 0.1147 }, "geometry": { "type": "Point", "coordinates": [ 572752.529830000014044, 2845061.117380000185221 ] } },
{ "type": "Feature", "properties": { "score": 0.1147 }, "geometry": { "type": "Point", "coordinates": [ 573038.32983000006061, 2844879.717380000278354 ] } },
{ "type": "Feature", "properties": { "score": 0.1147 }, "geometry": { "type": "Point", "coordinates": [ 572822.12983, 2844666.51738 ] } },
{ "type": "Feature", "properties": { "score": 0.1147 }, "geometry": { "type": "Point", "coordinates": [ 572558.32983000006061, 2845211.117380000185221 ] } },
{ "type": "Feature", "properties": { "score": 0.1147 }, "geometry": { "type": "Point", "coordinates": [ 572586.529830000014044, 2844946.317380000371486 ] } },
{ "type": "Feature", "properties": { "score": 0.1147 }, "geometry": { "type": "Point", "coordinates": [ 572556.32983000006061, 2844832.117380000185221 ] } }
]
}
